task,C,seed,access,eps,queries,fidelity,task_acc
ag_news,4,42,label,inf,1000,0.5537,0.8086
ag_news,4,42,label,inf,5000,0.8147,0.8086
ag_news,4,42,label,inf,20000,0.9451,0.8086
ag_news,4,42,label,inf,50000,0.9812,0.8086
ag_news,4,42,label,inf,100000,0.9892,0.8086
ag_news,4,42,label,8.0,1000,0.5685,0.8074
ag_news,4,42,label,8.0,5000,0.8063,0.8074
ag_news,4,42,label,8.0,20000,0.9053,0.8074
ag_news,4,42,label,8.0,50000,0.9755,0.8074
ag_news,4,42,label,8.0,100000,0.9852,0.8074
ag_news,4,42,label,4.0,1000,0.5279,0.7634
ag_news,4,42,label,4.0,5000,0.6702,0.7634
ag_news,4,42,label,4.0,20000,0.8893,0.7634
ag_news,4,42,label,4.0,50000,0.9397,0.7634
ag_news,4,42,label,4.0,100000,0.9564,0.7634
ag_news,4,42,label,2.0,1000,0.4,0.5862
ag_news,4,42,label,2.0,5000,0.5879,0.5862
ag_news,4,42,label,2.0,20000,0.7781,0.5862
ag_news,4,42,label,2.0,50000,0.8537,0.5862
ag_news,4,42,label,2.0,100000,0.8942,0.5862
ag_news,4,42,label,1.0,1000,0.3097,0.4164
ag_news,4,42,label,1.0,5000,0.4315,0.4164
ag_news,4,42,label,1.0,20000,0.6002,0.4164
ag_news,4,42,label,1.0,50000,0.691,0.4164
ag_news,4,42,label,1.0,100000,0.7752,0.4164
ag_news,4,42,label,0.5,1000,0.2692,0.326
ag_news,4,42,label,0.5,5000,0.3233,0.326
ag_news,4,42,label,0.5,20000,0.4303,0.326
ag_news,4,42,label,0.5,50000,0.5301,0.326
ag_news,4,42,label,0.5,100000,0.597,0.326
ag_news,4,42,probs,inf,1000,1.0,0.8086
ag_news,4,42,probs,inf,5000,1.0,0.8086
ag_news,4,42,probs,inf,20000,1.0,0.8086
ag_news,4,42,probs,inf,50000,1.0,0.8086
ag_news,4,42,probs,inf,100000,1.0,0.8086
ag_news,4,42,probs,8.0,1000,0.263,0.2696
ag_news,4,42,probs,8.0,5000,0.2994,0.2696
ag_news,4,42,probs,8.0,20000,0.3734,0.2696
ag_news,4,42,probs,8.0,50000,0.4381,0.2696
ag_news,4,42,probs,8.0,100000,0.5043,0.2696
ag_news,4,42,probs,4.0,1000,0.2593,0.2574
ag_news,4,42,probs,4.0,5000,0.2757,0.2574
ag_news,4,42,probs,4.0,20000,0.2957,0.2574
ag_news,4,42,probs,4.0,50000,0.3473,0.2574
ag_news,4,42,probs,4.0,100000,0.3943,0.2574
ag_news,4,42,probs,2.0,1000,0.2559,0.251
ag_news,4,42,probs,2.0,5000,0.2816,0.251
ag_news,4,42,probs,2.0,20000,0.2626,0.251
ag_news,4,42,probs,2.0,50000,0.2853,0.251
ag_news,4,42,probs,2.0,100000,0.3202,0.251
ag_news,4,42,probs,1.0,1000,0.259,0.2486
ag_news,4,42,probs,1.0,5000,0.2717,0.2486
ag_news,4,42,probs,1.0,20000,0.2616,0.2486
ag_news,4,42,probs,1.0,50000,0.2688,0.2486
ag_news,4,42,probs,1.0,100000,0.2732,0.2486
ag_news,4,42,probs,0.5,1000,0.2359,0.2474
ag_news,4,42,probs,0.5,5000,0.2454,0.2474
ag_news,4,42,probs,0.5,20000,0.2652,0.2474
ag_news,4,42,probs,0.5,50000,0.2576,0.2474
ag_news,4,42,probs,0.5,100000,0.2674,0.2474
ag_news,4,43,label,inf,1000,0.5748,0.7356
ag_news,4,43,label,inf,5000,0.8196,0.7356
ag_news,4,43,label,inf,20000,0.9437,0.7356
ag_news,4,43,label,inf,50000,0.9757,0.7356
ag_news,4,43,label,inf,100000,0.9874,0.7356
ag_news,4,43,label,8.0,1000,0.5527,0.735
ag_news,4,43,label,8.0,5000,0.8143,0.735
ag_news,4,43,label,8.0,20000,0.9109,0.735
ag_news,4,43,label,8.0,50000,0.9754,0.735
ag_news,4,43,label,8.0,100000,0.986,0.735
ag_news,4,43,label,4.0,1000,0.5038,0.7064
ag_news,4,43,label,4.0,5000,0.649,0.7064
ag_news,4,43,label,4.0,20000,0.8933,0.7064
ag_news,4,43,label,4.0,50000,0.9376,0.7064
ag_news,4,43,label,4.0,100000,0.9529,0.7064
ag_news,4,43,label,2.0,1000,0.4054,0.5498
ag_news,4,43,label,2.0,5000,0.5824,0.5498
ag_news,4,43,label,2.0,20000,0.7725,0.5498
ag_news,4,43,label,2.0,50000,0.8478,0.5498
ag_news,4,43,label,2.0,100000,0.886,0.5498
ag_news,4,43,label,1.0,1000,0.3272,0.4028
ag_news,4,43,label,1.0,5000,0.4205,0.4028
ag_news,4,43,label,1.0,20000,0.5855,0.4028
ag_news,4,43,label,1.0,50000,0.7038,0.4028
ag_news,4,43,label,1.0,100000,0.7731,0.4028
ag_news,4,43,label,0.5,1000,0.2869,0.32
ag_news,4,43,label,0.5,5000,0.3145,0.32
ag_news,4,43,label,0.5,20000,0.4272,0.32
ag_news,4,43,label,0.5,50000,0.5046,0.32
ag_news,4,43,label,0.5,100000,0.5883,0.32
ag_news,4,43,probs,inf,1000,1.0,0.7354
ag_news,4,43,probs,inf,5000,1.0,0.7354
ag_news,4,43,probs,inf,20000,1.0,0.7354
ag_news,4,43,probs,inf,50000,1.0,0.7354
ag_news,4,43,probs,inf,100000,1.0,0.7354
ag_news,4,43,probs,8.0,1000,0.2594,0.277
ag_news,4,43,probs,8.0,5000,0.2837,0.277
ag_news,4,43,probs,8.0,20000,0.3178,0.277
ag_news,4,43,probs,8.0,50000,0.3762,0.277
ag_news,4,43,probs,8.0,100000,0.4173,0.277
ag_news,4,43,probs,4.0,1000,0.2607,0.2666
ag_news,4,43,probs,4.0,5000,0.2728,0.2666
ag_news,4,43,probs,4.0,20000,0.2851,0.2666
ag_news,4,43,probs,4.0,50000,0.32,0.2666
ag_news,4,43,probs,4.0,100000,0.3402,0.2666
ag_news,4,43,probs,2.0,1000,0.2442,0.2626
ag_news,4,43,probs,2.0,5000,0.2663,0.2626
ag_news,4,43,probs,2.0,20000,0.2648,0.2626
ag_news,4,43,probs,2.0,50000,0.2799,0.2626
ag_news,4,43,probs,2.0,100000,0.2913,0.2626
ag_news,4,43,probs,1.0,1000,0.2563,0.259
ag_news,4,43,probs,1.0,5000,0.2613,0.259
ag_news,4,43,probs,1.0,20000,0.2682,0.259
ag_news,4,43,probs,1.0,50000,0.262,0.259
ag_news,4,43,probs,1.0,100000,0.2761,0.259
ag_news,4,43,probs,0.5,1000,0.2469,0.257
ag_news,4,43,probs,0.5,5000,0.2303,0.257
ag_news,4,43,probs,0.5,20000,0.2535,0.257
ag_news,4,43,probs,0.5,50000,0.2664,0.257
ag_news,4,43,probs,0.5,100000,0.2487,0.257
ag_news,4,44,label,inf,1000,0.5612,0.4018
ag_news,4,44,label,inf,5000,0.8146,0.4018
ag_news,4,44,label,inf,20000,0.95,0.4018
ag_news,4,44,label,inf,50000,0.9781,0.4018
ag_news,4,44,label,inf,100000,0.9895,0.4018
ag_news,4,44,label,8.0,1000,0.548,0.4022
ag_news,4,44,label,8.0,5000,0.8023,0.4022
ag_news,4,44,label,8.0,20000,0.9265,0.4022
ag_news,4,44,label,8.0,50000,0.9743,0.4022
ag_news,4,44,label,8.0,100000,0.9863,0.4022
ag_news,4,44,label,4.0,1000,0.5179,0.3916
ag_news,4,44,label,4.0,5000,0.6997,0.3916
ag_news,4,44,label,4.0,20000,0.8942,0.3916
ag_news,4,44,label,4.0,50000,0.9373,0.3916
ag_news,4,44,label,4.0,100000,0.953,0.3916
ag_news,4,44,label,2.0,1000,0.4064,0.3446
ag_news,4,44,label,2.0,5000,0.5962,0.3446
ag_news,4,44,label,2.0,20000,0.7735,0.3446
ag_news,4,44,label,2.0,50000,0.8539,0.3446
ag_news,4,44,label,2.0,100000,0.8867,0.3446
ag_news,4,44,label,1.0,1000,0.3248,0.2978
ag_news,4,44,label,1.0,5000,0.4138,0.2978
ag_news,4,44,label,1.0,20000,0.5951,0.2978
ag_news,4,44,label,1.0,50000,0.7115,0.2978
ag_news,4,44,label,1.0,100000,0.7741,0.2978
ag_news,4,44,label,0.5,1000,0.2878,0.2626
ag_news,4,44,label,0.5,5000,0.3237,0.2626
ag_news,4,44,label,0.5,20000,0.425,0.2626
ag_news,4,44,label,0.5,50000,0.5184,0.2626
ag_news,4,44,label,0.5,100000,0.6089,0.2626
ag_news,4,44,probs,inf,1000,1.0,0.4018
ag_news,4,44,probs,inf,5000,1.0,0.4018
ag_news,4,44,probs,inf,20000,1.0,0.4018
ag_news,4,44,probs,inf,50000,1.0,0.4018
ag_news,4,44,probs,inf,100000,1.0,0.4018
ag_news,4,44,probs,8.0,1000,0.253,0.2514
ag_news,4,44,probs,8.0,5000,0.3197,0.2514
ag_news,4,44,probs,8.0,20000,0.3548,0.2514
ag_news,4,44,probs,8.0,50000,0.4341,0.2514
ag_news,4,44,probs,8.0,100000,0.5311,0.2514
ag_news,4,44,probs,4.0,1000,0.2648,0.241
ag_news,4,44,probs,4.0,5000,0.271,0.241
ag_news,4,44,probs,4.0,20000,0.308,0.241
ag_news,4,44,probs,4.0,50000,0.3378,0.241
ag_news,4,44,probs,4.0,100000,0.3885,0.241
ag_news,4,44,probs,2.0,1000,0.2543,0.2354
ag_news,4,44,probs,2.0,5000,0.2588,0.2354
ag_news,4,44,probs,2.0,20000,0.2707,0.2354
ag_news,4,44,probs,2.0,50000,0.2836,0.2354
ag_news,4,44,probs,2.0,100000,0.309,0.2354
ag_news,4,44,probs,1.0,1000,0.2328,0.2342
ag_news,4,44,probs,1.0,5000,0.2431,0.2342
ag_news,4,44,probs,1.0,20000,0.2677,0.2342
ag_news,4,44,probs,1.0,50000,0.2713,0.2342
ag_news,4,44,probs,1.0,100000,0.2756,0.2342
ag_news,4,44,probs,0.5,1000,0.2482,0.234
ag_news,4,44,probs,0.5,5000,0.2462,0.234
ag_news,4,44,probs,0.5,20000,0.2507,0.234
ag_news,4,44,probs,0.5,50000,0.2663,0.234
ag_news,4,44,probs,0.5,100000,0.2599,0.234
dbpedia_14,14,42,label,inf,1000,0.2485,0.8026
dbpedia_14,14,42,label,inf,5000,0.514,0.8026
dbpedia_14,14,42,label,inf,20000,0.8007,0.8026
dbpedia_14,14,42,label,inf,50000,0.91,0.8026
dbpedia_14,14,42,label,inf,100000,0.9545,0.8026
dbpedia_14,14,42,label,8.0,1000,0.2514,0.7996
dbpedia_14,14,42,label,8.0,5000,0.5079,0.7996
dbpedia_14,14,42,label,8.0,20000,0.7117,0.7996
dbpedia_14,14,42,label,8.0,50000,0.8947,0.7996
dbpedia_14,14,42,label,8.0,100000,0.9445,0.7996
dbpedia_14,14,42,label,4.0,1000,0.1979,0.6468
dbpedia_14,14,42,label,4.0,5000,0.3189,0.6468
dbpedia_14,14,42,label,4.0,20000,0.6315,0.6468
dbpedia_14,14,42,label,4.0,50000,0.7664,0.6468
dbpedia_14,14,42,label,4.0,100000,0.8246,0.6468
dbpedia_14,14,42,label,2.0,1000,0.112,0.295
dbpedia_14,14,42,label,2.0,5000,0.1506,0.295
dbpedia_14,14,42,label,2.0,20000,0.3174,0.295
dbpedia_14,14,42,label,2.0,50000,0.4531,0.295
dbpedia_14,14,42,label,2.0,100000,0.5666,0.295
dbpedia_14,14,42,label,1.0,1000,0.0854,0.1496
dbpedia_14,14,42,label,1.0,5000,0.0943,0.1496
dbpedia_14,14,42,label,1.0,20000,0.1384,0.1496
dbpedia_14,14,42,label,1.0,50000,0.2052,0.1496
dbpedia_14,14,42,label,1.0,100000,0.2646,0.1496
dbpedia_14,14,42,label,0.5,1000,0.0764,0.1016
dbpedia_14,14,42,label,0.5,5000,0.0786,0.1016
dbpedia_14,14,42,label,0.5,20000,0.0979,0.1016
dbpedia_14,14,42,label,0.5,50000,0.1188,0.1016
dbpedia_14,14,42,label,0.5,100000,0.1414,0.1016
dbpedia_14,14,42,probs,inf,1000,1.0,0.7972
dbpedia_14,14,42,probs,inf,5000,1.0,0.7972
dbpedia_14,14,42,probs,inf,20000,1.0,0.7972
dbpedia_14,14,42,probs,inf,50000,1.0,0.7972
dbpedia_14,14,42,probs,inf,100000,1.0,0.7972
dbpedia_14,14,42,probs,8.0,1000,0.0767,0.0848
dbpedia_14,14,42,probs,8.0,5000,0.1027,0.0848
dbpedia_14,14,42,probs,8.0,20000,0.1216,0.0848
dbpedia_14,14,42,probs,8.0,50000,0.1605,0.0848
dbpedia_14,14,42,probs,8.0,100000,0.2021,0.0848
dbpedia_14,14,42,probs,4.0,1000,0.0732,0.0772
dbpedia_14,14,42,probs,4.0,5000,0.0811,0.0772
dbpedia_14,14,42,probs,4.0,20000,0.0902,0.0772
dbpedia_14,14,42,probs,4.0,50000,0.1024,0.0772
dbpedia_14,14,42,probs,4.0,100000,0.1121,0.0772
dbpedia_14,14,42,probs,2.0,1000,0.0735,0.073
dbpedia_14,14,42,probs,2.0,5000,0.0738,0.073
dbpedia_14,14,42,probs,2.0,20000,0.0828,0.073
dbpedia_14,14,42,probs,2.0,50000,0.0829,0.073
dbpedia_14,14,42,probs,2.0,100000,0.0881,0.073
dbpedia_14,14,42,probs,1.0,1000,0.0707,0.0712
dbpedia_14,14,42,probs,1.0,5000,0.0698,0.0712
dbpedia_14,14,42,probs,1.0,20000,0.0735,0.0712
dbpedia_14,14,42,probs,1.0,50000,0.077,0.0712
dbpedia_14,14,42,probs,1.0,100000,0.0798,0.0712
dbpedia_14,14,42,probs,0.5,1000,0.0683,0.0702
dbpedia_14,14,42,probs,0.5,5000,0.0718,0.0702
dbpedia_14,14,42,probs,0.5,20000,0.073,0.0702
dbpedia_14,14,42,probs,0.5,50000,0.0752,0.0702
dbpedia_14,14,42,probs,0.5,100000,0.0721,0.0702
dbpedia_14,14,43,label,inf,1000,0.2601,0.7972
dbpedia_14,14,43,label,inf,5000,0.5262,0.7972
dbpedia_14,14,43,label,inf,20000,0.8107,0.7972
dbpedia_14,14,43,label,inf,50000,0.9183,0.7972
dbpedia_14,14,43,label,inf,100000,0.9562,0.7972
dbpedia_14,14,43,label,8.0,1000,0.2594,0.7928
dbpedia_14,14,43,label,8.0,5000,0.5192,0.7928
dbpedia_14,14,43,label,8.0,20000,0.7269,0.7928
dbpedia_14,14,43,label,8.0,50000,0.8986,0.7928
dbpedia_14,14,43,label,8.0,100000,0.9478,0.7928
dbpedia_14,14,43,label,4.0,1000,0.1919,0.6518
dbpedia_14,14,43,label,4.0,5000,0.3209,0.6518
dbpedia_14,14,43,label,4.0,20000,0.6245,0.6518
dbpedia_14,14,43,label,4.0,50000,0.7711,0.6518
dbpedia_14,14,43,label,4.0,100000,0.8366,0.6518
dbpedia_14,14,43,label,2.0,1000,0.115,0.298
dbpedia_14,14,43,label,2.0,5000,0.1581,0.298
dbpedia_14,14,43,label,2.0,20000,0.3295,0.298
dbpedia_14,14,43,label,2.0,50000,0.4599,0.298
dbpedia_14,14,43,label,2.0,100000,0.5736,0.298
dbpedia_14,14,43,label,1.0,1000,0.0838,0.1538
dbpedia_14,14,43,label,1.0,5000,0.0977,0.1538
dbpedia_14,14,43,label,1.0,20000,0.1462,0.1538
dbpedia_14,14,43,label,1.0,50000,0.214,0.1538
dbpedia_14,14,43,label,1.0,100000,0.2689,0.1538
dbpedia_14,14,43,label,0.5,1000,0.0741,0.105
dbpedia_14,14,43,label,0.5,5000,0.0796,0.105
dbpedia_14,14,43,label,0.5,20000,0.1041,0.105
dbpedia_14,14,43,label,0.5,50000,0.1188,0.105
dbpedia_14,14,43,label,0.5,100000,0.1394,0.105
dbpedia_14,14,43,probs,inf,1000,1.0,0.797
dbpedia_14,14,43,probs,inf,5000,1.0,0.797
dbpedia_14,14,43,probs,inf,20000,0.9998,0.797
dbpedia_14,14,43,probs,inf,50000,1.0,0.797
dbpedia_14,14,43,probs,inf,100000,0.9999,0.797
dbpedia_14,14,43,probs,8.0,1000,0.0752,0.0862
dbpedia_14,14,43,probs,8.0,5000,0.0961,0.0862
dbpedia_14,14,43,probs,8.0,20000,0.1336,0.0862
dbpedia_14,14,43,probs,8.0,50000,0.1716,0.0862
dbpedia_14,14,43,probs,8.0,100000,0.2281,0.0862
dbpedia_14,14,43,probs,4.0,1000,0.0718,0.0776
dbpedia_14,14,43,probs,4.0,5000,0.0809,0.0776
dbpedia_14,14,43,probs,4.0,20000,0.0903,0.0776
dbpedia_14,14,43,probs,4.0,50000,0.1083,0.0776
dbpedia_14,14,43,probs,4.0,100000,0.1232,0.0776
dbpedia_14,14,43,probs,2.0,1000,0.0704,0.0742
dbpedia_14,14,43,probs,2.0,5000,0.0784,0.0742
dbpedia_14,14,43,probs,2.0,20000,0.0819,0.0742
dbpedia_14,14,43,probs,2.0,50000,0.0869,0.0742
dbpedia_14,14,43,probs,2.0,100000,0.0919,0.0742
dbpedia_14,14,43,probs,1.0,1000,0.0686,0.0724
dbpedia_14,14,43,probs,1.0,5000,0.0785,0.0724
dbpedia_14,14,43,probs,1.0,20000,0.072,0.0724
dbpedia_14,14,43,probs,1.0,50000,0.0745,0.0724
dbpedia_14,14,43,probs,1.0,100000,0.0792,0.0724
dbpedia_14,14,43,probs,0.5,1000,0.0668,0.0718
dbpedia_14,14,43,probs,0.5,5000,0.0704,0.0718
dbpedia_14,14,43,probs,0.5,20000,0.0703,0.0718
dbpedia_14,14,43,probs,0.5,50000,0.0758,0.0718
dbpedia_14,14,43,probs,0.5,100000,0.0747,0.0718
dbpedia_14,14,44,label,inf,1000,0.2615,0.7666
dbpedia_14,14,44,label,inf,5000,0.5239,0.7666
dbpedia_14,14,44,label,inf,20000,0.807,0.7666
dbpedia_14,14,44,label,inf,50000,0.9142,0.7666
dbpedia_14,14,44,label,inf,100000,0.9562,0.7666
dbpedia_14,14,44,label,8.0,1000,0.256,0.7632
dbpedia_14,14,44,label,8.0,5000,0.5244,0.7632
dbpedia_14,14,44,label,8.0,20000,0.7464,0.7632
dbpedia_14,14,44,label,8.0,50000,0.8914,0.7632
dbpedia_14,14,44,label,8.0,100000,0.9446,0.7632
dbpedia_14,14,44,label,4.0,1000,0.2077,0.6206
dbpedia_14,14,44,label,4.0,5000,0.3185,0.6206
dbpedia_14,14,44,label,4.0,20000,0.6325,0.6206
dbpedia_14,14,44,label,4.0,50000,0.7664,0.6206
dbpedia_14,14,44,label,4.0,100000,0.8318,0.6206
dbpedia_14,14,44,label,2.0,1000,0.1138,0.2978
dbpedia_14,14,44,label,2.0,5000,0.1533,0.2978
dbpedia_14,14,44,label,2.0,20000,0.3148,0.2978
dbpedia_14,14,44,label,2.0,50000,0.4611,0.2978
dbpedia_14,14,44,label,2.0,100000,0.5722,0.2978
dbpedia_14,14,44,label,1.0,1000,0.0896,0.1466
dbpedia_14,14,44,label,1.0,5000,0.0977,0.1466
dbpedia_14,14,44,label,1.0,20000,0.1533,0.1466
dbpedia_14,14,44,label,1.0,50000,0.2058,0.1466
dbpedia_14,14,44,label,1.0,100000,0.2694,0.1466
dbpedia_14,14,44,label,0.5,1000,0.0811,0.1016
dbpedia_14,14,44,label,0.5,5000,0.0799,0.1016
dbpedia_14,14,44,label,0.5,20000,0.098,0.1016
dbpedia_14,14,44,label,0.5,50000,0.1186,0.1016
dbpedia_14,14,44,label,0.5,100000,0.1371,0.1016
dbpedia_14,14,44,probs,inf,1000,0.9989,0.7666
dbpedia_14,14,44,probs,inf,5000,1.0,0.7666
dbpedia_14,14,44,probs,inf,20000,1.0,0.7666
dbpedia_14,14,44,probs,inf,50000,1.0,0.7666
dbpedia_14,14,44,probs,inf,100000,1.0,0.7666
dbpedia_14,14,44,probs,8.0,1000,0.0794,0.0846
dbpedia_14,14,44,probs,8.0,5000,0.098,0.0846
dbpedia_14,14,44,probs,8.0,20000,0.1278,0.0846
dbpedia_14,14,44,probs,8.0,50000,0.1609,0.0846
dbpedia_14,14,44,probs,8.0,100000,0.2039,0.0846
dbpedia_14,14,44,probs,4.0,1000,0.0759,0.0756
dbpedia_14,14,44,probs,4.0,5000,0.0795,0.0756
dbpedia_14,14,44,probs,4.0,20000,0.0892,0.0756
dbpedia_14,14,44,probs,4.0,50000,0.1058,0.0756
dbpedia_14,14,44,probs,4.0,100000,0.1285,0.0756
dbpedia_14,14,44,probs,2.0,1000,0.0717,0.0726
dbpedia_14,14,44,probs,2.0,5000,0.0758,0.0726
dbpedia_14,14,44,probs,2.0,20000,0.0819,0.0726
dbpedia_14,14,44,probs,2.0,50000,0.0903,0.0726
dbpedia_14,14,44,probs,2.0,100000,0.0891,0.0726
dbpedia_14,14,44,probs,1.0,1000,0.076,0.0708
dbpedia_14,14,44,probs,1.0,5000,0.0741,0.0708
dbpedia_14,14,44,probs,1.0,20000,0.0761,0.0708
dbpedia_14,14,44,probs,1.0,50000,0.0718,0.0708
dbpedia_14,14,44,probs,1.0,100000,0.0722,0.0708
dbpedia_14,14,44,probs,0.5,1000,0.0703,0.07
dbpedia_14,14,44,probs,0.5,5000,0.0713,0.07
dbpedia_14,14,44,probs,0.5,20000,0.0741,0.07
dbpedia_14,14,44,probs,0.5,50000,0.075,0.07
dbpedia_14,14,44,probs,0.5,100000,0.078,0.07
banking77,77,42,label,inf,1000,0.0741,0.2386
banking77,77,42,label,inf,5000,0.1961,0.2386
banking77,77,42,label,inf,20000,0.4467,0.2386
banking77,77,42,label,inf,50000,0.6418,0.2386
banking77,77,42,label,inf,100000,0.7771,0.2386
banking77,77,42,label,8.0,1000,0.0739,0.2331
banking77,77,42,label,8.0,5000,0.1905,0.2331
banking77,77,42,label,8.0,20000,0.3793,0.2331
banking77,77,42,label,8.0,50000,0.4271,0.2331
banking77,77,42,label,8.0,100000,0.7217,0.2331
banking77,77,42,label,4.0,1000,0.0373,0.1075
banking77,77,42,label,4.0,5000,0.0508,0.1075
banking77,77,42,label,4.0,20000,0.1019,0.1075
banking77,77,42,label,4.0,50000,0.2398,0.1075
banking77,77,42,label,4.0,100000,0.3627,0.1075
banking77,77,42,label,2.0,1000,0.0169,0.0308
banking77,77,42,label,2.0,5000,0.0175,0.0308
banking77,77,42,label,2.0,20000,0.0255,0.0308
banking77,77,42,label,2.0,50000,0.0372,0.0308
banking77,77,42,label,2.0,100000,0.0505,0.0308
banking77,77,42,label,1.0,1000,0.015,0.0188
banking77,77,42,label,1.0,5000,0.014,0.0188
banking77,77,42,label,1.0,20000,0.0162,0.0188
banking77,77,42,label,1.0,50000,0.0171,0.0188
banking77,77,42,label,1.0,100000,0.0204,0.0188
banking77,77,42,label,0.5,1000,0.0146,0.014
banking77,77,42,label,0.5,5000,0.0138,0.014
banking77,77,42,label,0.5,20000,0.0149,0.014
banking77,77,42,label,0.5,50000,0.0154,0.014
banking77,77,42,label,0.5,100000,0.0161,0.014
banking77,77,42,probs,inf,1000,1.0,0.2237
banking77,77,42,probs,inf,5000,1.0,0.2237
banking77,77,42,probs,inf,20000,1.0,0.2237
banking77,77,42,probs,inf,50000,1.0,0.2237
banking77,77,42,probs,inf,100000,1.0,0.2237
banking77,77,42,probs,8.0,1000,0.0126,0.0123
banking77,77,42,probs,8.0,5000,0.0132,0.0123
banking77,77,42,probs,8.0,20000,0.0174,0.0123
banking77,77,42,probs,8.0,50000,0.0209,0.0123
banking77,77,42,probs,8.0,100000,0.0238,0.0123
banking77,77,42,probs,4.0,1000,0.0126,0.0123
banking77,77,42,probs,4.0,5000,0.0121,0.0123
banking77,77,42,probs,4.0,20000,0.0135,0.0123
banking77,77,42,probs,4.0,50000,0.0144,0.0123
banking77,77,42,probs,4.0,100000,0.0165,0.0123
banking77,77,42,probs,2.0,1000,0.0149,0.012
banking77,77,42,probs,2.0,5000,0.0145,0.012
banking77,77,42,probs,2.0,20000,0.0139,0.012
banking77,77,42,probs,2.0,50000,0.0135,0.012
banking77,77,42,probs,2.0,100000,0.0123,0.012
banking77,77,42,probs,1.0,1000,0.013,0.012
banking77,77,42,probs,1.0,5000,0.0116,0.012
banking77,77,42,probs,1.0,20000,0.0137,0.012
banking77,77,42,probs,1.0,50000,0.0138,0.012
banking77,77,42,probs,1.0,100000,0.0141,0.012
banking77,77,42,probs,0.5,1000,0.0135,0.0117
banking77,77,42,probs,0.5,5000,0.013,0.0117
banking77,77,42,probs,0.5,20000,0.0127,0.0117
banking77,77,42,probs,0.5,50000,0.0132,0.0117
banking77,77,42,probs,0.5,100000,0.0146,0.0117
banking77,77,43,label,inf,1000,0.0887,0.2016
banking77,77,43,label,inf,5000,0.203,0.2016
banking77,77,43,label,inf,20000,0.4375,0.2016
banking77,77,43,label,inf,50000,0.6412,0.2016
banking77,77,43,label,inf,100000,0.7773,0.2016
banking77,77,43,label,8.0,1000,0.0761,0.1987
banking77,77,43,label,8.0,5000,0.1989,0.1987
banking77,77,43,label,8.0,20000,0.3885,0.1987
banking77,77,43,label,8.0,50000,0.434,0.1987
banking77,77,43,label,8.0,100000,0.7248,0.1987
banking77,77,43,label,4.0,1000,0.037,0.0896
banking77,77,43,label,4.0,5000,0.0553,0.0896
banking77,77,43,label,4.0,20000,0.0972,0.0896
banking77,77,43,label,4.0,50000,0.243,0.0896
banking77,77,43,label,4.0,100000,0.3652,0.0896
banking77,77,43,label,2.0,1000,0.0162,0.0282
banking77,77,43,label,2.0,5000,0.0171,0.0282
banking77,77,43,label,2.0,20000,0.0229,0.0282
banking77,77,43,label,2.0,50000,0.0354,0.0282
banking77,77,43,label,2.0,100000,0.0527,0.0282
banking77,77,43,label,1.0,1000,0.015,0.0175
banking77,77,43,label,1.0,5000,0.0155,0.0175
banking77,77,43,label,1.0,20000,0.0147,0.0175
banking77,77,43,label,1.0,50000,0.0171,0.0175
banking77,77,43,label,1.0,100000,0.0191,0.0175
banking77,77,43,label,0.5,1000,0.0112,0.0123
banking77,77,43,label,0.5,5000,0.0133,0.0123
banking77,77,43,label,0.5,20000,0.014,0.0123
banking77,77,43,label,0.5,50000,0.0158,0.0123
banking77,77,43,label,0.5,100000,0.015,0.0123
banking77,77,43,probs,inf,1000,1.0,0.1763
banking77,77,43,probs,inf,5000,0.9998,0.1763
banking77,77,43,probs,inf,20000,1.0,0.1763
banking77,77,43,probs,inf,50000,1.0,0.1763
banking77,77,43,probs,inf,100000,0.9999,0.1763
banking77,77,43,probs,8.0,1000,0.013,0.0117
banking77,77,43,probs,8.0,5000,0.015,0.0117
banking77,77,43,probs,8.0,20000,0.0158,0.0117
banking77,77,43,probs,8.0,50000,0.021,0.0117
banking77,77,43,probs,8.0,100000,0.0225,0.0117
banking77,77,43,probs,4.0,1000,0.0129,0.011
banking77,77,43,probs,4.0,5000,0.0128,0.011
banking77,77,43,probs,4.0,20000,0.0141,0.011
banking77,77,43,probs,4.0,50000,0.0145,0.011
banking77,77,43,probs,4.0,100000,0.016,0.011
banking77,77,43,probs,2.0,1000,0.0114,0.0107
banking77,77,43,probs,2.0,5000,0.0151,0.0107
banking77,77,43,probs,2.0,20000,0.0153,0.0107
banking77,77,43,probs,2.0,50000,0.0132,0.0107
banking77,77,43,probs,2.0,100000,0.0149,0.0107
banking77,77,43,probs,1.0,1000,0.0123,0.0107
banking77,77,43,probs,1.0,5000,0.0135,0.0107
banking77,77,43,probs,1.0,20000,0.013,0.0107
banking77,77,43,probs,1.0,50000,0.0136,0.0107
banking77,77,43,probs,1.0,100000,0.0133,0.0107
banking77,77,43,probs,0.5,1000,0.0141,0.0107
banking77,77,43,probs,0.5,5000,0.0132,0.0107
banking77,77,43,probs,0.5,20000,0.0131,0.0107
banking77,77,43,probs,0.5,50000,0.0134,0.0107
banking77,77,43,probs,0.5,100000,0.0143,0.0107
banking77,77,44,label,inf,1000,0.0876,0.1782
banking77,77,44,label,inf,5000,0.214,0.1782
banking77,77,44,label,inf,20000,0.448,0.1782
banking77,77,44,label,inf,50000,0.6428,0.1782
banking77,77,44,label,inf,100000,0.7753,0.1782
banking77,77,44,label,8.0,1000,0.0839,0.1763
banking77,77,44,label,8.0,5000,0.199,0.1763
banking77,77,44,label,8.0,20000,0.3921,0.1763
banking77,77,44,label,8.0,50000,0.4149,0.1763
banking77,77,44,label,8.0,100000,0.7194,0.1763
banking77,77,44,label,4.0,1000,0.0382,0.0802
banking77,77,44,label,4.0,5000,0.0636,0.0802
banking77,77,44,label,4.0,20000,0.1026,0.0802
banking77,77,44,label,4.0,50000,0.2461,0.0802
banking77,77,44,label,4.0,100000,0.3654,0.0802
banking77,77,44,label,2.0,1000,0.0123,0.0253
banking77,77,44,label,2.0,5000,0.0194,0.0253
banking77,77,44,label,2.0,20000,0.0261,0.0253
banking77,77,44,label,2.0,50000,0.0385,0.0253
banking77,77,44,label,2.0,100000,0.0517,0.0253
banking77,77,44,label,1.0,1000,0.0123,0.0166
banking77,77,44,label,1.0,5000,0.0148,0.0166
banking77,77,44,label,1.0,20000,0.0153,0.0166
banking77,77,44,label,1.0,50000,0.0161,0.0166
banking77,77,44,label,1.0,100000,0.0212,0.0166
banking77,77,44,label,0.5,1000,0.0129,0.0185
banking77,77,44,label,0.5,5000,0.014,0.0185
banking77,77,44,label,0.5,20000,0.0121,0.0185
banking77,77,44,label,0.5,50000,0.0146,0.0185
banking77,77,44,label,0.5,100000,0.0166,0.0185
banking77,77,44,probs,inf,1000,1.0,0.1558
banking77,77,44,probs,inf,5000,1.0,0.1558
banking77,77,44,probs,inf,20000,1.0,0.1558
banking77,77,44,probs,inf,50000,1.0,0.1558
banking77,77,44,probs,inf,100000,1.0,0.1558
banking77,77,44,probs,8.0,1000,0.0137,0.012
banking77,77,44,probs,8.0,5000,0.014,0.012
banking77,77,44,probs,8.0,20000,0.0184,0.012
banking77,77,44,probs,8.0,50000,0.0194,0.012
banking77,77,44,probs,8.0,100000,0.0214,0.012
banking77,77,44,probs,4.0,1000,0.0124,0.0114
banking77,77,44,probs,4.0,5000,0.013,0.0114
banking77,77,44,probs,4.0,20000,0.0141,0.0114
banking77,77,44,probs,4.0,50000,0.0142,0.0114
banking77,77,44,probs,4.0,100000,0.0181,0.0114
banking77,77,44,probs,2.0,1000,0.0126,0.011
banking77,77,44,probs,2.0,5000,0.0122,0.011
banking77,77,44,probs,2.0,20000,0.0118,0.011
banking77,77,44,probs,2.0,50000,0.0157,0.011
banking77,77,44,probs,2.0,100000,0.0144,0.011
banking77,77,44,probs,1.0,1000,0.0132,0.0107
banking77,77,44,probs,1.0,5000,0.0122,0.0107
banking77,77,44,probs,1.0,20000,0.0141,0.0107
banking77,77,44,probs,1.0,50000,0.0143,0.0107
banking77,77,44,probs,1.0,100000,0.0118,0.0107
banking77,77,44,probs,0.5,1000,0.0124,0.0107
banking77,77,44,probs,0.5,5000,0.0115,0.0107
banking77,77,44,probs,0.5,20000,0.0135,0.0107
banking77,77,44,probs,0.5,50000,0.0111,0.0107
banking77,77,44,probs,0.5,100000,0.0134,0.0107
