combine,basin,N,alpha,seed,he_depth,theta0_acc,final_acc,vs_weight_avg,vs_centralized
weight_avg,probe,1,1.0,42,depth-1,0.7769,0.8802,0.0,0.0042
mag_weighted,probe,1,1.0,42,depth-1,0.7769,0.8802,0.0,0.0042
sign_majority,probe,1,1.0,42,deep,0.7769,0.8802,0.0,0.0042
norm_normalized,probe,1,1.0,42,deep,0.7769,0.8802,0.0,0.0042
agreement_gated,probe,1,1.0,42,deep,0.7769,0.8802,0.0,0.0042
second_moment,probe,1,1.0,42,deep,0.7769,0.8058,-0.0745,-0.0702
coord_trimmed_mean,probe,1,1.0,42,deep,0.7769,0.8802,0.0,0.0042
consensus_proj,probe,1,1.0,42,deep,0.7769,0.8802,0.0,0.0042
poly_gate_d2_a,probe,1,1.0,42,depth-2,0.7769,0.8788,-0.0015,0.0028
poly_gate_d2_b,probe,1,1.0,42,depth-2,0.7769,0.8802,0.0,0.0042
sync_sgd,probe,1,1.0,42,deep(multi-round),0.7769,0.8852,0.005,0.0092
centralized,probe,1,1.0,42,n/a(pooled),0.7769,0.876,-0.0042,0.0
weight_avg,probe,1,1.0,123,depth-1,0.7846,0.8633,0.0,-0.0213
mag_weighted,probe,1,1.0,123,depth-1,0.7846,0.8633,0.0,-0.0213
sign_majority,probe,1,1.0,123,deep,0.7846,0.8633,0.0,-0.0213
norm_normalized,probe,1,1.0,123,deep,0.7846,0.8633,0.0,-0.0213
agreement_gated,probe,1,1.0,123,deep,0.7846,0.8635,0.0002,-0.021
second_moment,probe,1,1.0,123,deep,0.7846,0.7872,-0.076,-0.0973
coord_trimmed_mean,probe,1,1.0,123,deep,0.7846,0.8633,0.0,-0.0213
consensus_proj,probe,1,1.0,123,deep,0.7846,0.8633,0.0,-0.0213
poly_gate_d2_a,probe,1,1.0,123,depth-2,0.7846,0.8317,-0.0315,-0.0528
poly_gate_d2_b,probe,1,1.0,123,depth-2,0.7846,0.8633,0.0,-0.0213
sync_sgd,probe,1,1.0,123,deep(multi-round),0.7846,0.8752,0.012,-0.0093
centralized,probe,1,1.0,123,n/a(pooled),0.7846,0.8845,0.0213,0.0
weight_avg,probe,5,0.05,42,depth-1,0.7769,0.696,0.0,-0.1855
mag_weighted,probe,5,0.05,42,depth-1,0.7769,0.6852,-0.0107,-0.1963
sign_majority,probe,5,0.05,42,deep,0.7769,0.6175,-0.0785,-0.264
norm_normalized,probe,5,0.05,42,deep,0.7769,0.7175,0.0215,-0.164
agreement_gated,probe,5,0.05,42,deep,0.7769,0.7168,0.0208,-0.1647
second_moment,probe,5,0.05,42,deep,0.7769,0.776,0.08,-0.1055
coord_trimmed_mean,probe,5,0.05,42,deep,0.7769,0.7155,0.0195,-0.166
consensus_proj,probe,5,0.05,42,deep,0.7769,0.696,0.0,-0.1855
poly_gate_d2_a,probe,5,0.05,42,depth-2,0.7769,0.762,0.066,-0.1195
poly_gate_d2_b,probe,5,0.05,42,depth-2,0.7769,0.7085,0.0125,-0.173
sync_sgd,probe,5,0.05,42,deep(multi-round),0.7769,0.8845,0.1885,0.003
centralized,probe,5,0.05,42,n/a(pooled),0.7769,0.8815,0.1855,0.0
weight_avg,probe,5,0.05,123,depth-1,0.7846,0.7757,0.0,-0.0987
mag_weighted,probe,5,0.05,123,depth-1,0.7846,0.7775,0.0017,-0.097
sign_majority,probe,5,0.05,123,deep,0.7846,0.6585,-0.1172,-0.216
norm_normalized,probe,5,0.05,123,deep,0.7846,0.7673,-0.0085,-0.1072
agreement_gated,probe,5,0.05,123,deep,0.7846,0.7768,0.001,-0.0977
second_moment,probe,5,0.05,123,deep,0.7846,0.7667,-0.009,-0.1077
coord_trimmed_mean,probe,5,0.05,123,deep,0.7846,0.7145,-0.0612,-0.16
consensus_proj,probe,5,0.05,123,deep,0.7846,0.7757,0.0,-0.0987
poly_gate_d2_a,probe,5,0.05,123,depth-2,0.7846,0.7805,0.0048,-0.094
poly_gate_d2_b,probe,5,0.05,123,depth-2,0.7846,0.7803,0.0045,-0.0942
sync_sgd,probe,5,0.05,123,deep(multi-round),0.7846,0.8783,0.1025,0.0038
centralized,probe,5,0.05,123,n/a(pooled),0.7846,0.8745,0.0987,0.0
weight_avg,probe,5,0.1,42,depth-1,0.7769,0.7567,0.0,-0.115
mag_weighted,probe,5,0.1,42,depth-1,0.7769,0.7638,0.007,-0.108
sign_majority,probe,5,0.1,42,deep,0.7769,0.7205,-0.0362,-0.1513
norm_normalized,probe,5,0.1,42,deep,0.7769,0.7455,-0.0112,-0.1262
agreement_gated,probe,5,0.1,42,deep,0.7769,0.7552,-0.0015,-0.1165
second_moment,probe,5,0.1,42,deep,0.7769,0.7703,0.0135,-0.1015
coord_trimmed_mean,probe,5,0.1,42,deep,0.7769,0.745,-0.0117,-0.1267
consensus_proj,probe,5,0.1,42,deep,0.7769,0.7567,0.0,-0.115
poly_gate_d2_a,probe,5,0.1,42,depth-2,0.7769,0.7753,0.0185,-0.0965
poly_gate_d2_b,probe,5,0.1,42,depth-2,0.7769,0.753,-0.0037,-0.1187
sync_sgd,probe,5,0.1,42,deep(multi-round),0.7769,0.8942,0.1375,0.0225
centralized,probe,5,0.1,42,n/a(pooled),0.7769,0.8717,0.115,0.0
weight_avg,probe,5,0.1,123,depth-1,0.7846,0.771,0.0,-0.112
mag_weighted,probe,5,0.1,123,depth-1,0.7846,0.74,-0.031,-0.143
sign_majority,probe,5,0.1,123,deep,0.7846,0.701,-0.07,-0.182
norm_normalized,probe,5,0.1,123,deep,0.7846,0.7707,-0.0003,-0.1123
agreement_gated,probe,5,0.1,123,deep,0.7846,0.779,0.008,-0.104
second_moment,probe,5,0.1,123,deep,0.7846,0.7707,-0.0003,-0.1123
coord_trimmed_mean,probe,5,0.1,123,deep,0.7846,0.7393,-0.0318,-0.1438
consensus_proj,probe,5,0.1,123,deep,0.7846,0.771,0.0,-0.112
poly_gate_d2_a,probe,5,0.1,123,depth-2,0.7846,0.7688,-0.0023,-0.1143
poly_gate_d2_b,probe,5,0.1,123,depth-2,0.7846,0.771,0.0,-0.112
sync_sgd,probe,5,0.1,123,deep(multi-round),0.7846,0.8928,0.1217,0.0098
centralized,probe,5,0.1,123,n/a(pooled),0.7846,0.883,0.112,0.0
weight_avg,probe,5,0.5,42,depth-1,0.7769,0.8637,0.0,-0.015
mag_weighted,probe,5,0.5,42,depth-1,0.7769,0.8655,0.0017,-0.0133
sign_majority,probe,5,0.5,42,deep,0.7769,0.8633,-0.0005,-0.0155
norm_normalized,probe,5,0.5,42,deep,0.7769,0.864,0.0003,-0.0148
agreement_gated,probe,5,0.5,42,deep,0.7769,0.843,-0.0207,-0.0358
second_moment,probe,5,0.5,42,deep,0.7769,0.791,-0.0727,-0.0878
coord_trimmed_mean,probe,5,0.5,42,deep,0.7769,0.848,-0.0157,-0.0308
consensus_proj,probe,5,0.5,42,deep,0.7769,0.8637,0.0,-0.015
poly_gate_d2_a,probe,5,0.5,42,depth-2,0.7769,0.8633,-0.0005,-0.0155
poly_gate_d2_b,probe,5,0.5,42,depth-2,0.7769,0.8565,-0.0072,-0.0222
sync_sgd,probe,5,0.5,42,deep(multi-round),0.7769,0.889,0.0253,0.0102
centralized,probe,5,0.5,42,n/a(pooled),0.7769,0.8788,0.015,0.0
weight_avg,probe,5,0.5,123,depth-1,0.7846,0.8622,0.0,-0.0228
mag_weighted,probe,5,0.5,123,depth-1,0.7846,0.868,0.0058,-0.017
sign_majority,probe,5,0.5,123,deep,0.7846,0.8593,-0.003,-0.0257
norm_normalized,probe,5,0.5,123,deep,0.7846,0.853,-0.0092,-0.032
agreement_gated,probe,5,0.5,123,deep,0.7846,0.8375,-0.0247,-0.0475
second_moment,probe,5,0.5,123,deep,0.7846,0.8027,-0.0595,-0.0822
coord_trimmed_mean,probe,5,0.5,123,deep,0.7846,0.8397,-0.0225,-0.0452
consensus_proj,probe,5,0.5,123,deep,0.7846,0.8622,0.0,-0.0228
poly_gate_d2_a,probe,5,0.5,123,depth-2,0.7846,0.832,-0.0302,-0.053
poly_gate_d2_b,probe,5,0.5,123,depth-2,0.7846,0.8453,-0.017,-0.0397
sync_sgd,probe,5,0.5,123,deep(multi-round),0.7846,0.8825,0.0203,-0.0025
centralized,probe,5,0.5,123,n/a(pooled),0.7846,0.885,0.0228,0.0
weight_avg,probe,5,1.0,42,depth-1,0.7769,0.8633,0.0,-0.0015
mag_weighted,probe,5,1.0,42,depth-1,0.7769,0.86,-0.0033,-0.0048
sign_majority,probe,5,1.0,42,deep,0.7769,0.8685,0.0052,0.0037
norm_normalized,probe,5,1.0,42,deep,0.7769,0.8673,0.004,0.0025
agreement_gated,probe,5,1.0,42,deep,0.7769,0.845,-0.0182,-0.0197
second_moment,probe,5,1.0,42,deep,0.7769,0.829,-0.0343,-0.0358
coord_trimmed_mean,probe,5,1.0,42,deep,0.7769,0.8708,0.0075,0.006
consensus_proj,probe,5,1.0,42,deep,0.7769,0.8633,0.0,-0.0015
poly_gate_d2_a,probe,5,1.0,42,depth-2,0.7769,0.8658,0.0025,0.001
poly_gate_d2_b,probe,5,1.0,42,depth-2,0.7769,0.859,-0.0042,-0.0058
sync_sgd,probe,5,1.0,42,deep(multi-round),0.7769,0.8852,0.022,0.0205
centralized,probe,5,1.0,42,n/a(pooled),0.7769,0.8648,0.0015,0.0
weight_avg,probe,5,1.0,123,depth-1,0.7846,0.8845,0.0,0.0148
mag_weighted,probe,5,1.0,123,depth-1,0.7846,0.8842,-0.0003,0.0145
sign_majority,probe,5,1.0,123,deep,0.7846,0.8815,-0.003,0.0117
norm_normalized,probe,5,1.0,123,deep,0.7846,0.8838,-0.0008,0.014
agreement_gated,probe,5,1.0,123,deep,0.7846,0.877,-0.0075,0.0072
second_moment,probe,5,1.0,123,deep,0.7846,0.7947,-0.0898,-0.075
coord_trimmed_mean,probe,5,1.0,123,deep,0.7846,0.8838,-0.0008,0.014
consensus_proj,probe,5,1.0,123,deep,0.7846,0.8845,0.0,0.0148
poly_gate_d2_a,probe,5,1.0,123,depth-2,0.7846,0.8655,-0.019,-0.0043
poly_gate_d2_b,probe,5,1.0,123,depth-2,0.7846,0.8832,-0.0013,0.0135
sync_sgd,probe,5,1.0,123,deep(multi-round),0.7846,0.8907,0.0062,0.021
centralized,probe,5,1.0,123,n/a(pooled),0.7846,0.8698,-0.0148,0.0
weight_avg,probe,10,0.05,42,depth-1,0.7769,0.739,0.0,-0.132
mag_weighted,probe,10,0.05,42,depth-1,0.7769,0.7272,-0.0118,-0.1438
sign_majority,probe,10,0.05,42,deep,0.7769,0.6435,-0.0955,-0.2275
norm_normalized,probe,10,0.05,42,deep,0.7769,0.7218,-0.0173,-0.1492
agreement_gated,probe,10,0.05,42,deep,0.7769,0.7635,0.0245,-0.1075
second_moment,probe,10,0.05,42,deep,0.7769,0.7545,0.0155,-0.1165
coord_trimmed_mean,probe,10,0.05,42,deep,0.7769,0.7245,-0.0145,-0.1465
consensus_proj,probe,10,0.05,42,deep,0.7769,0.739,0.0,-0.132
poly_gate_d2_a,probe,10,0.05,42,depth-2,0.7769,0.7793,0.0403,-0.0917
poly_gate_d2_b,probe,10,0.05,42,depth-2,0.7769,0.7673,0.0282,-0.1037
sync_sgd,probe,10,0.05,42,deep(multi-round),0.7769,0.894,0.155,0.023
centralized,probe,10,0.05,42,n/a(pooled),0.7769,0.871,0.132,0.0
weight_avg,probe,10,0.05,123,depth-1,0.7846,0.7883,0.0,-0.0902
mag_weighted,probe,10,0.05,123,depth-1,0.7846,0.7803,-0.008,-0.0982
sign_majority,probe,10,0.05,123,deep,0.7846,0.7613,-0.027,-0.1172
norm_normalized,probe,10,0.05,123,deep,0.7846,0.7628,-0.0255,-0.1157
agreement_gated,probe,10,0.05,123,deep,0.7846,0.762,-0.0263,-0.1165
second_moment,probe,10,0.05,123,deep,0.7846,0.7653,-0.023,-0.1132
coord_trimmed_mean,probe,10,0.05,123,deep,0.7846,0.749,-0.0393,-0.1295
consensus_proj,probe,10,0.05,123,deep,0.7846,0.7883,0.0,-0.0902
poly_gate_d2_a,probe,10,0.05,123,depth-2,0.7846,0.784,-0.0043,-0.0945
poly_gate_d2_b,probe,10,0.05,123,depth-2,0.7846,0.7853,-0.003,-0.0932
sync_sgd,probe,10,0.05,123,deep(multi-round),0.7846,0.8917,0.1035,0.0132
centralized,probe,10,0.05,123,n/a(pooled),0.7846,0.8785,0.0902,0.0
weight_avg,probe,10,0.1,42,depth-1,0.7769,0.7692,0.0,-0.1188
mag_weighted,probe,10,0.1,42,depth-1,0.7769,0.7525,-0.0167,-0.1355
sign_majority,probe,10,0.1,42,deep,0.7769,0.7458,-0.0235,-0.1423
norm_normalized,probe,10,0.1,42,deep,0.7769,0.7785,0.0093,-0.1095
agreement_gated,probe,10,0.1,42,deep,0.7769,0.7703,0.001,-0.1177
second_moment,probe,10,0.1,42,deep,0.7769,0.7713,0.002,-0.1168
coord_trimmed_mean,probe,10,0.1,42,deep,0.7769,0.7577,-0.0115,-0.1303
consensus_proj,probe,10,0.1,42,deep,0.7769,0.7692,0.0,-0.1188
poly_gate_d2_a,probe,10,0.1,42,depth-2,0.7769,0.7617,-0.0075,-0.1263
poly_gate_d2_b,probe,10,0.1,42,depth-2,0.7769,0.7632,-0.006,-0.1248
sync_sgd,probe,10,0.1,42,deep(multi-round),0.7769,0.895,0.1258,0.007
centralized,probe,10,0.1,42,n/a(pooled),0.7769,0.888,0.1188,0.0
weight_avg,probe,10,0.1,123,depth-1,0.7846,0.7343,0.0,-0.1392
mag_weighted,probe,10,0.1,123,depth-1,0.7846,0.7023,-0.032,-0.1712
sign_majority,probe,10,0.1,123,deep,0.7846,0.6802,-0.054,-0.1933
norm_normalized,probe,10,0.1,123,deep,0.7846,0.7393,0.005,-0.1342
agreement_gated,probe,10,0.1,123,deep,0.7846,0.7642,0.03,-0.1093
second_moment,probe,10,0.1,123,deep,0.7846,0.7697,0.0355,-0.1037
coord_trimmed_mean,probe,10,0.1,123,deep,0.7846,0.717,-0.0173,-0.1565
consensus_proj,probe,10,0.1,123,deep,0.7846,0.7343,0.0,-0.1392
poly_gate_d2_a,probe,10,0.1,123,depth-2,0.7846,0.7747,0.0405,-0.0987
poly_gate_d2_b,probe,10,0.1,123,depth-2,0.7846,0.7588,0.0245,-0.1147
sync_sgd,probe,10,0.1,123,deep(multi-round),0.7846,0.8917,0.1575,0.0182
centralized,probe,10,0.1,123,n/a(pooled),0.7846,0.8735,0.1392,0.0
weight_avg,probe,10,0.5,42,depth-1,0.7769,0.8723,0.0,0.0
mag_weighted,probe,10,0.5,42,depth-1,0.7769,0.8737,0.0015,0.0015
sign_majority,probe,10,0.5,42,deep,0.7769,0.8648,-0.0075,-0.0075
norm_normalized,probe,10,0.5,42,deep,0.7769,0.87,-0.0023,-0.0023
agreement_gated,probe,10,0.5,42,deep,0.7769,0.8505,-0.0218,-0.0218
second_moment,probe,10,0.5,42,deep,0.7769,0.808,-0.0642,-0.0642
coord_trimmed_mean,probe,10,0.5,42,deep,0.7769,0.8737,0.0015,0.0015
consensus_proj,probe,10,0.5,42,deep,0.7769,0.8723,0.0,0.0
poly_gate_d2_a,probe,10,0.5,42,depth-2,0.7769,0.8685,-0.0038,-0.0038
poly_gate_d2_b,probe,10,0.5,42,depth-2,0.7769,0.8708,-0.0015,-0.0015
sync_sgd,probe,10,0.5,42,deep(multi-round),0.7769,0.8907,0.0185,0.0185
centralized,probe,10,0.5,42,n/a(pooled),0.7769,0.8723,0.0,0.0
weight_avg,probe,10,0.5,123,depth-1,0.7846,0.8577,0.0,-0.0157
mag_weighted,probe,10,0.5,123,depth-1,0.7846,0.857,-0.0008,-0.0165
sign_majority,probe,10,0.5,123,deep,0.7846,0.8535,-0.0042,-0.02
norm_normalized,probe,10,0.5,123,deep,0.7846,0.858,0.0002,-0.0155
agreement_gated,probe,10,0.5,123,deep,0.7846,0.8355,-0.0222,-0.038
second_moment,probe,10,0.5,123,deep,0.7846,0.8025,-0.0552,-0.071
coord_trimmed_mean,probe,10,0.5,123,deep,0.7846,0.861,0.0033,-0.0125
consensus_proj,probe,10,0.5,123,deep,0.7846,0.8577,0.0,-0.0157
poly_gate_d2_a,probe,10,0.5,123,depth-2,0.7846,0.8568,-0.001,-0.0167
poly_gate_d2_b,probe,10,0.5,123,depth-2,0.7846,0.8537,-0.004,-0.0197
sync_sgd,probe,10,0.5,123,deep(multi-round),0.7846,0.89,0.0322,0.0165
centralized,probe,10,0.5,123,n/a(pooled),0.7846,0.8735,0.0157,0.0
weight_avg,probe,10,1.0,42,depth-1,0.7769,0.8808,0.0,0.0222
mag_weighted,probe,10,1.0,42,depth-1,0.7769,0.881,0.0002,0.0225
sign_majority,probe,10,1.0,42,deep,0.7769,0.8785,-0.0023,0.02
norm_normalized,probe,10,1.0,42,deep,0.7769,0.8802,-0.0005,0.0217
agreement_gated,probe,10,1.0,42,deep,0.7769,0.866,-0.0148,0.0075
second_moment,probe,10,1.0,42,deep,0.7769,0.8142,-0.0665,-0.0443
coord_trimmed_mean,probe,10,1.0,42,deep,0.7769,0.88,-0.0008,0.0215
consensus_proj,probe,10,1.0,42,deep,0.7769,0.8808,0.0,0.0222
poly_gate_d2_a,probe,10,1.0,42,depth-2,0.7769,0.8792,-0.0015,0.0207
poly_gate_d2_b,probe,10,1.0,42,depth-2,0.7769,0.8795,-0.0013,0.021
sync_sgd,probe,10,1.0,42,deep(multi-round),0.7769,0.8928,0.012,0.0343
centralized,probe,10,1.0,42,n/a(pooled),0.7769,0.8585,-0.0222,0.0
weight_avg,probe,10,1.0,123,depth-1,0.7846,0.878,0.0,0.0063
mag_weighted,probe,10,1.0,123,depth-1,0.7846,0.878,0.0,0.0063
sign_majority,probe,10,1.0,123,deep,0.7846,0.8763,-0.0017,0.0045
norm_normalized,probe,10,1.0,123,deep,0.7846,0.8783,0.0002,0.0065
agreement_gated,probe,10,1.0,123,deep,0.7846,0.8608,-0.0173,-0.011
second_moment,probe,10,1.0,123,deep,0.7846,0.8183,-0.0598,-0.0535
coord_trimmed_mean,probe,10,1.0,123,deep,0.7846,0.883,0.005,0.0113
consensus_proj,probe,10,1.0,123,deep,0.7846,0.878,0.0,0.0063
poly_gate_d2_a,probe,10,1.0,123,depth-2,0.7846,0.8522,-0.0258,-0.0195
poly_gate_d2_b,probe,10,1.0,123,depth-2,0.7846,0.8705,-0.0075,-0.0012
sync_sgd,probe,10,1.0,123,deep(multi-round),0.7846,0.8942,0.0162,0.0225
centralized,probe,10,1.0,123,n/a(pooled),0.7846,0.8717,-0.0063,0.0
weight_avg,no-probe,1,1.0,42,depth-1,0.1181,0.8758,0.0,0.0173
mag_weighted,no-probe,1,1.0,42,depth-1,0.1181,0.8758,0.0,0.0173
sign_majority,no-probe,1,1.0,42,deep,0.1181,0.8758,0.0,0.0173
norm_normalized,no-probe,1,1.0,42,deep,0.1181,0.8758,0.0,0.0173
agreement_gated,no-probe,1,1.0,42,deep,0.1181,0.8755,-0.0002,0.017
second_moment,no-probe,1,1.0,42,deep,0.1181,0.6587,-0.217,-0.1998
coord_trimmed_mean,no-probe,1,1.0,42,deep,0.1181,0.8758,0.0,0.0173
consensus_proj,no-probe,1,1.0,42,deep,0.1181,0.8758,0.0,0.0173
poly_gate_d2_a,no-probe,1,1.0,42,depth-2,0.1181,0.5857,-0.29,-0.2728
poly_gate_d2_b,no-probe,1,1.0,42,depth-2,0.1181,0.8758,0.0,0.0173
sync_sgd,no-probe,1,1.0,42,deep(multi-round),0.1181,0.8763,0.0005,0.0178
centralized,no-probe,1,1.0,42,n/a(pooled),0.1181,0.8585,-0.0173,0.0
weight_avg,no-probe,1,1.0,123,depth-1,0.1016,0.8495,0.0,-0.031
mag_weighted,no-probe,1,1.0,123,depth-1,0.1016,0.8495,0.0,-0.031
sign_majority,no-probe,1,1.0,123,deep,0.1016,0.8495,0.0,-0.031
norm_normalized,no-probe,1,1.0,123,deep,0.1016,0.8495,0.0,-0.031
agreement_gated,no-probe,1,1.0,123,deep,0.1016,0.8497,0.0002,-0.0308
second_moment,no-probe,1,1.0,123,deep,0.1016,0.682,-0.1675,-0.1985
coord_trimmed_mean,no-probe,1,1.0,123,deep,0.1016,0.8495,0.0,-0.031
consensus_proj,no-probe,1,1.0,123,deep,0.1016,0.8495,0.0,-0.031
poly_gate_d2_a,no-probe,1,1.0,123,depth-2,0.1016,0.5002,-0.3493,-0.3803
poly_gate_d2_b,no-probe,1,1.0,123,depth-2,0.1016,0.8495,0.0,-0.031
sync_sgd,no-probe,1,1.0,123,deep(multi-round),0.1016,0.8708,0.0213,-0.0098
centralized,no-probe,1,1.0,123,n/a(pooled),0.1016,0.8805,0.031,0.0
weight_avg,no-probe,5,0.05,42,depth-1,0.1181,0.4457,0.0,-0.43
mag_weighted,no-probe,5,0.05,42,depth-1,0.1181,0.4642,0.0185,-0.4115
sign_majority,no-probe,5,0.05,42,deep,0.1181,0.2657,-0.18,-0.61
norm_normalized,no-probe,5,0.05,42,deep,0.1181,0.4538,0.008,-0.422
agreement_gated,no-probe,5,0.05,42,deep,0.1181,0.3722,-0.0735,-0.5035
second_moment,no-probe,5,0.05,42,deep,0.1181,0.4308,-0.015,-0.445
coord_trimmed_mean,no-probe,5,0.05,42,deep,0.1181,0.3927,-0.053,-0.483
consensus_proj,no-probe,5,0.05,42,deep,0.1181,0.4457,0.0,-0.43
poly_gate_d2_a,no-probe,5,0.05,42,depth-2,0.1181,0.3368,-0.109,-0.539
poly_gate_d2_b,no-probe,5,0.05,42,depth-2,0.1181,0.4095,-0.0362,-0.4663
sync_sgd,no-probe,5,0.05,42,deep(multi-round),0.1181,0.8765,0.4308,0.0008
centralized,no-probe,5,0.05,42,n/a(pooled),0.1181,0.8758,0.43,0.0
weight_avg,no-probe,5,0.05,123,depth-1,0.1016,0.4638,0.0,-0.4035
mag_weighted,no-probe,5,0.05,123,depth-1,0.1016,0.473,0.0092,-0.3943
sign_majority,no-probe,5,0.05,123,deep,0.1016,0.28,-0.1838,-0.5873
norm_normalized,no-probe,5,0.05,123,deep,0.1016,0.4615,-0.0023,-0.4058
agreement_gated,no-probe,5,0.05,123,deep,0.1016,0.462,-0.0017,-0.4053
second_moment,no-probe,5,0.05,123,deep,0.1016,0.4363,-0.0275,-0.431
coord_trimmed_mean,no-probe,5,0.05,123,deep,0.1016,0.3262,-0.1375,-0.541
consensus_proj,no-probe,5,0.05,123,deep,0.1016,0.4638,0.0,-0.4035
poly_gate_d2_a,no-probe,5,0.05,123,depth-2,0.1016,0.5652,0.1015,-0.302
poly_gate_d2_b,no-probe,5,0.05,123,depth-2,0.1016,0.4972,0.0335,-0.37
sync_sgd,no-probe,5,0.05,123,deep(multi-round),0.1016,0.875,0.4112,0.0077
centralized,no-probe,5,0.05,123,n/a(pooled),0.1016,0.8673,0.4035,0.0
weight_avg,no-probe,5,0.1,42,depth-1,0.1181,0.6005,0.0,-0.2688
mag_weighted,no-probe,5,0.1,42,depth-1,0.1181,0.5955,-0.005,-0.2738
sign_majority,no-probe,5,0.1,42,deep,0.1181,0.4933,-0.1072,-0.376
norm_normalized,no-probe,5,0.1,42,deep,0.1181,0.6,-0.0005,-0.2692
agreement_gated,no-probe,5,0.1,42,deep,0.1181,0.519,-0.0815,-0.3503
second_moment,no-probe,5,0.1,42,deep,0.1181,0.493,-0.1075,-0.3762
coord_trimmed_mean,no-probe,5,0.1,42,deep,0.1181,0.5148,-0.0857,-0.3545
consensus_proj,no-probe,5,0.1,42,deep,0.1181,0.6005,0.0,-0.2688
poly_gate_d2_a,no-probe,5,0.1,42,depth-2,0.1181,0.6065,0.006,-0.2627
poly_gate_d2_b,no-probe,5,0.1,42,depth-2,0.1181,0.5685,-0.032,-0.3008
sync_sgd,no-probe,5,0.1,42,deep(multi-round),0.1181,0.891,0.2905,0.0217
centralized,no-probe,5,0.1,42,n/a(pooled),0.1181,0.8692,0.2688,0.0
weight_avg,no-probe,5,0.1,123,depth-1,0.1016,0.5962,0.0,-0.2797
mag_weighted,no-probe,5,0.1,123,depth-1,0.1016,0.6205,0.0243,-0.2555
sign_majority,no-probe,5,0.1,123,deep,0.1016,0.6112,0.015,-0.2648
norm_normalized,no-probe,5,0.1,123,deep,0.1016,0.5475,-0.0487,-0.3285
agreement_gated,no-probe,5,0.1,123,deep,0.1016,0.508,-0.0882,-0.368
second_moment,no-probe,5,0.1,123,deep,0.1016,0.469,-0.1272,-0.407
coord_trimmed_mean,no-probe,5,0.1,123,deep,0.1016,0.527,-0.0692,-0.349
consensus_proj,no-probe,5,0.1,123,deep,0.1016,0.5962,0.0,-0.2797
poly_gate_d2_a,no-probe,5,0.1,123,depth-2,0.1016,0.5027,-0.0935,-0.3733
poly_gate_d2_b,no-probe,5,0.1,123,depth-2,0.1016,0.522,-0.0742,-0.354
sync_sgd,no-probe,5,0.1,123,deep(multi-round),0.1016,0.89,0.2937,0.014
centralized,no-probe,5,0.1,123,n/a(pooled),0.1016,0.876,0.2797,0.0
weight_avg,no-probe,5,0.5,42,depth-1,0.1181,0.817,0.0,-0.0563
mag_weighted,no-probe,5,0.5,42,depth-1,0.1181,0.8207,0.0038,-0.0525
sign_majority,no-probe,5,0.5,42,deep,0.1181,0.8263,0.0093,-0.047
norm_normalized,no-probe,5,0.5,42,deep,0.1181,0.8108,-0.0062,-0.0625
agreement_gated,no-probe,5,0.5,42,deep,0.1181,0.7502,-0.0667,-0.123
second_moment,no-probe,5,0.5,42,deep,0.1181,0.6447,-0.1722,-0.2285
coord_trimmed_mean,no-probe,5,0.5,42,deep,0.1181,0.7755,-0.0415,-0.0978
consensus_proj,no-probe,5,0.5,42,deep,0.1181,0.817,0.0,-0.0563
poly_gate_d2_a,no-probe,5,0.5,42,depth-2,0.1181,0.6118,-0.2052,-0.2615
poly_gate_d2_b,no-probe,5,0.5,42,depth-2,0.1181,0.7688,-0.0482,-0.1045
sync_sgd,no-probe,5,0.5,42,deep(multi-round),0.1181,0.8852,0.0683,0.012
centralized,no-probe,5,0.5,42,n/a(pooled),0.1181,0.8733,0.0563,0.0
weight_avg,no-probe,5,0.5,123,depth-1,0.1016,0.8353,0.0,-0.045
mag_weighted,no-probe,5,0.5,123,depth-1,0.1016,0.8418,0.0065,-0.0385
sign_majority,no-probe,5,0.5,123,deep,0.1016,0.8375,0.0022,-0.0428
norm_normalized,no-probe,5,0.5,123,deep,0.1016,0.8257,-0.0095,-0.0545
agreement_gated,no-probe,5,0.5,123,deep,0.1016,0.7818,-0.0535,-0.0985
second_moment,no-probe,5,0.5,123,deep,0.1016,0.732,-0.1033,-0.1482
coord_trimmed_mean,no-probe,5,0.5,123,deep,0.1016,0.7855,-0.0498,-0.0947
consensus_proj,no-probe,5,0.5,123,deep,0.1016,0.8353,0.0,-0.045
poly_gate_d2_a,no-probe,5,0.5,123,depth-2,0.1016,0.594,-0.2413,-0.2862
poly_gate_d2_b,no-probe,5,0.5,123,depth-2,0.1016,0.7728,-0.0625,-0.1075
sync_sgd,no-probe,5,0.5,123,deep(multi-round),0.1016,0.878,0.0428,-0.0022
centralized,no-probe,5,0.5,123,n/a(pooled),0.1016,0.8802,0.045,0.0
weight_avg,no-probe,5,1.0,42,depth-1,0.1181,0.82,0.0,-0.0343
mag_weighted,no-probe,5,1.0,42,depth-1,0.1181,0.8205,0.0005,-0.0337
sign_majority,no-probe,5,1.0,42,deep,0.1181,0.8497,0.0297,-0.0045
norm_normalized,no-probe,5,1.0,42,deep,0.1181,0.822,0.002,-0.0322
agreement_gated,no-probe,5,1.0,42,deep,0.1181,0.7878,-0.0322,-0.0665
second_moment,no-probe,5,1.0,42,deep,0.1181,0.7135,-0.1065,-0.1407
coord_trimmed_mean,no-probe,5,1.0,42,deep,0.1181,0.847,0.027,-0.0073
consensus_proj,no-probe,5,1.0,42,deep,0.1181,0.82,0.0,-0.0343
poly_gate_d2_a,no-probe,5,1.0,42,depth-2,0.1181,0.65,-0.17,-0.2043
poly_gate_d2_b,no-probe,5,1.0,42,depth-2,0.1181,0.798,-0.022,-0.0563
sync_sgd,no-probe,5,1.0,42,deep(multi-round),0.1181,0.8848,0.0648,0.0305
centralized,no-probe,5,1.0,42,n/a(pooled),0.1181,0.8543,0.0343,0.0
weight_avg,no-probe,5,1.0,123,depth-1,0.1016,0.8783,0.0,0.0195
mag_weighted,no-probe,5,1.0,123,depth-1,0.1016,0.8783,0.0,0.0195
sign_majority,no-probe,5,1.0,123,deep,0.1016,0.8798,0.0015,0.021
norm_normalized,no-probe,5,1.0,123,deep,0.1016,0.8788,0.0005,0.02
agreement_gated,no-probe,5,1.0,123,deep,0.1016,0.872,-0.0063,0.0132
second_moment,no-probe,5,1.0,123,deep,0.1016,0.6475,-0.2308,-0.2113
coord_trimmed_mean,no-probe,5,1.0,123,deep,0.1016,0.8805,0.0023,0.0218
consensus_proj,no-probe,5,1.0,123,deep,0.1016,0.8783,0.0,0.0195
poly_gate_d2_a,no-probe,5,1.0,123,depth-2,0.1016,0.6068,-0.2715,-0.252
poly_gate_d2_b,no-probe,5,1.0,123,depth-2,0.1016,0.8712,-0.007,0.0125
sync_sgd,no-probe,5,1.0,123,deep(multi-round),0.1016,0.8817,0.0035,0.023
centralized,no-probe,5,1.0,123,n/a(pooled),0.1016,0.8587,-0.0195,0.0
weight_avg,no-probe,10,0.05,42,depth-1,0.1181,0.5655,0.0,-0.3032
mag_weighted,no-probe,10,0.05,42,depth-1,0.1181,0.5863,0.0207,-0.2825
sign_majority,no-probe,10,0.05,42,deep,0.1181,0.3758,-0.1898,-0.493
norm_normalized,no-probe,10,0.05,42,deep,0.1181,0.5347,-0.0308,-0.334
agreement_gated,no-probe,10,0.05,42,deep,0.1181,0.4908,-0.0748,-0.378
second_moment,no-probe,10,0.05,42,deep,0.1181,0.469,-0.0965,-0.3997
coord_trimmed_mean,no-probe,10,0.05,42,deep,0.1181,0.4423,-0.1233,-0.4265
consensus_proj,no-probe,10,0.05,42,deep,0.1181,0.5655,0.0,-0.3032
poly_gate_d2_a,no-probe,10,0.05,42,depth-2,0.1181,0.5945,0.029,-0.2742
poly_gate_d2_b,no-probe,10,0.05,42,depth-2,0.1181,0.5867,0.0212,-0.282
sync_sgd,no-probe,10,0.05,42,deep(multi-round),0.1181,0.8873,0.3217,0.0185
centralized,no-probe,10,0.05,42,n/a(pooled),0.1181,0.8687,0.3032,0.0
weight_avg,no-probe,10,0.05,123,depth-1,0.1016,0.6062,0.0,-0.2573
mag_weighted,no-probe,10,0.05,123,depth-1,0.1016,0.6258,0.0195,-0.2377
sign_majority,no-probe,10,0.05,123,deep,0.1016,0.405,-0.2012,-0.4585
norm_normalized,no-probe,10,0.05,123,deep,0.1016,0.5368,-0.0695,-0.3267
agreement_gated,no-probe,10,0.05,123,deep,0.1016,0.4615,-0.1447,-0.402
second_moment,no-probe,10,0.05,123,deep,0.1016,0.4885,-0.1177,-0.375
coord_trimmed_mean,no-probe,10,0.05,123,deep,0.1016,0.506,-0.1003,-0.3575
consensus_proj,no-probe,10,0.05,123,deep,0.1016,0.6062,0.0,-0.2573
poly_gate_d2_a,no-probe,10,0.05,123,depth-2,0.1016,0.5225,-0.0838,-0.341
poly_gate_d2_b,no-probe,10,0.05,123,depth-2,0.1016,0.56,-0.0462,-0.3035
sync_sgd,no-probe,10,0.05,123,deep(multi-round),0.1016,0.886,0.2797,0.0225
centralized,no-probe,10,0.05,123,n/a(pooled),0.1016,0.8635,0.2573,0.0
weight_avg,no-probe,10,0.1,42,depth-1,0.1181,0.6783,0.0,-0.2048
mag_weighted,no-probe,10,0.1,42,depth-1,0.1181,0.6697,-0.0085,-0.2133
sign_majority,no-probe,10,0.1,42,deep,0.1181,0.5365,-0.1418,-0.3465
norm_normalized,no-probe,10,0.1,42,deep,0.1181,0.6858,0.0075,-0.1973
agreement_gated,no-probe,10,0.1,42,deep,0.1181,0.632,-0.0462,-0.251
second_moment,no-probe,10,0.1,42,deep,0.1181,0.6035,-0.0748,-0.2795
coord_trimmed_mean,no-probe,10,0.1,42,deep,0.1181,0.6127,-0.0655,-0.2703
consensus_proj,no-probe,10,0.1,42,deep,0.1181,0.6783,0.0,-0.2048
poly_gate_d2_a,no-probe,10,0.1,42,depth-2,0.1181,0.6028,-0.0755,-0.2803
poly_gate_d2_b,no-probe,10,0.1,42,depth-2,0.1181,0.7405,0.0622,-0.1425
sync_sgd,no-probe,10,0.1,42,deep(multi-round),0.1181,0.8885,0.2102,0.0055
centralized,no-probe,10,0.1,42,n/a(pooled),0.1181,0.883,0.2048,0.0
weight_avg,no-probe,10,0.1,123,depth-1,0.1016,0.5332,0.0,-0.3355
mag_weighted,no-probe,10,0.1,123,depth-1,0.1016,0.5663,0.033,-0.3025
sign_majority,no-probe,10,0.1,123,deep,0.1016,0.3977,-0.1355,-0.471
norm_normalized,no-probe,10,0.1,123,deep,0.1016,0.5002,-0.033,-0.3685
agreement_gated,no-probe,10,0.1,123,deep,0.1016,0.4773,-0.056,-0.3915
second_moment,no-probe,10,0.1,123,deep,0.1016,0.57,0.0368,-0.2987
coord_trimmed_mean,no-probe,10,0.1,123,deep,0.1016,0.4568,-0.0765,-0.412
consensus_proj,no-probe,10,0.1,123,deep,0.1016,0.5332,0.0,-0.3355
poly_gate_d2_a,no-probe,10,0.1,123,depth-2,0.1016,0.6062,0.073,-0.2625
poly_gate_d2_b,no-probe,10,0.1,123,depth-2,0.1016,0.6352,0.102,-0.2335
sync_sgd,no-probe,10,0.1,123,deep(multi-round),0.1016,0.887,0.3538,0.0183
centralized,no-probe,10,0.1,123,n/a(pooled),0.1016,0.8687,0.3355,0.0
weight_avg,no-probe,10,0.5,42,depth-1,0.1181,0.8537,0.0,-0.0028
mag_weighted,no-probe,10,0.5,42,depth-1,0.1181,0.8575,0.0038,0.001
sign_majority,no-probe,10,0.5,42,deep,0.1181,0.864,0.0103,0.0075
norm_normalized,no-probe,10,0.5,42,deep,0.1181,0.851,-0.0027,-0.0055
agreement_gated,no-probe,10,0.5,42,deep,0.1181,0.8198,-0.034,-0.0368
second_moment,no-probe,10,0.5,42,deep,0.1181,0.7355,-0.1183,-0.121
coord_trimmed_mean,no-probe,10,0.5,42,deep,0.1181,0.8677,0.014,0.0112
consensus_proj,no-probe,10,0.5,42,deep,0.1181,0.8537,0.0,-0.0028
poly_gate_d2_a,no-probe,10,0.5,42,depth-2,0.1181,0.6285,-0.2253,-0.228
poly_gate_d2_b,no-probe,10,0.5,42,depth-2,0.1181,0.8428,-0.011,-0.0138
sync_sgd,no-probe,10,0.5,42,deep(multi-round),0.1181,0.8845,0.0308,0.028
centralized,no-probe,10,0.5,42,n/a(pooled),0.1181,0.8565,0.0028,0.0
weight_avg,no-probe,10,0.5,123,depth-1,0.1016,0.8083,0.0,-0.0457
mag_weighted,no-probe,10,0.5,123,depth-1,0.1016,0.805,-0.0033,-0.049
sign_majority,no-probe,10,0.5,123,deep,0.1016,0.8363,0.028,-0.0177
norm_normalized,no-probe,10,0.5,123,deep,0.1016,0.8115,0.0033,-0.0425
agreement_gated,no-probe,10,0.5,123,deep,0.1016,0.766,-0.0423,-0.088
second_moment,no-probe,10,0.5,123,deep,0.1016,0.649,-0.1593,-0.205
coord_trimmed_mean,no-probe,10,0.5,123,deep,0.1016,0.8298,0.0215,-0.0242
consensus_proj,no-probe,10,0.5,123,deep,0.1016,0.8083,0.0,-0.0457
poly_gate_d2_a,no-probe,10,0.5,123,depth-2,0.1016,0.6515,-0.1568,-0.2025
poly_gate_d2_b,no-probe,10,0.5,123,depth-2,0.1016,0.8235,0.0152,-0.0305
sync_sgd,no-probe,10,0.5,123,deep(multi-round),0.1016,0.8865,0.0782,0.0325
centralized,no-probe,10,0.5,123,n/a(pooled),0.1016,0.854,0.0457,0.0
weight_avg,no-probe,10,1.0,42,depth-1,0.1181,0.8687,0.0,0.0217
mag_weighted,no-probe,10,1.0,42,depth-1,0.1181,0.87,0.0013,0.023
sign_majority,no-probe,10,1.0,42,deep,0.1181,0.8687,0.0,0.0217
norm_normalized,no-probe,10,1.0,42,deep,0.1181,0.867,-0.0017,0.02
agreement_gated,no-probe,10,1.0,42,deep,0.1181,0.8493,-0.0195,0.0023
second_moment,no-probe,10,1.0,42,deep,0.1181,0.7218,-0.147,-0.1252
coord_trimmed_mean,no-probe,10,1.0,42,deep,0.1181,0.8648,-0.004,0.0178
consensus_proj,no-probe,10,1.0,42,deep,0.1181,0.8687,0.0,0.0217
poly_gate_d2_a,no-probe,10,1.0,42,depth-2,0.1181,0.645,-0.2237,-0.202
poly_gate_d2_b,no-probe,10,1.0,42,depth-2,0.1181,0.8587,-0.01,0.0117
sync_sgd,no-probe,10,1.0,42,deep(multi-round),0.1181,0.8845,0.0158,0.0375
centralized,no-probe,10,1.0,42,n/a(pooled),0.1181,0.847,-0.0217,0.0
weight_avg,no-probe,10,1.0,123,depth-1,0.1016,0.8645,0.0,0.002
mag_weighted,no-probe,10,1.0,123,depth-1,0.1016,0.8658,0.0013,0.0033
sign_majority,no-probe,10,1.0,123,deep,0.1016,0.8795,0.015,0.017
norm_normalized,no-probe,10,1.0,123,deep,0.1016,0.8635,-0.001,0.001
agreement_gated,no-probe,10,1.0,123,deep,0.1016,0.8385,-0.026,-0.024
second_moment,no-probe,10,1.0,123,deep,0.1016,0.769,-0.0955,-0.0935
coord_trimmed_mean,no-probe,10,1.0,123,deep,0.1016,0.8798,0.0153,0.0173
consensus_proj,no-probe,10,1.0,123,deep,0.1016,0.8645,0.0,0.002
poly_gate_d2_a,no-probe,10,1.0,123,depth-2,0.1016,0.5975,-0.267,-0.265
poly_gate_d2_b,no-probe,10,1.0,123,depth-2,0.1016,0.8453,-0.0192,-0.0173
sync_sgd,no-probe,10,1.0,123,deep(multi-round),0.1016,0.8855,0.021,0.023
centralized,no-probe,10,1.0,123,n/a(pooled),0.1016,0.8625,-0.002,0.0
