task,C,d,seed,arrangement,strategy,queries,fidelity,majority
ag_news,4,768,42,A,disclosed,0,1.0,0.3919
ag_news,4,768,42,A,logits,769,1.0,0.3919
ag_news,4,768,42,A,random,200,0.4556,0.3919
ag_news,4,768,42,A,random,500,0.4976,0.3919
ag_news,4,768,42,A,random,1000,0.5729,0.3919
ag_news,4,768,42,A,random,2000,0.6687,0.3919
ag_news,4,768,42,A,random,5000,0.8076,0.3919
ag_news,4,768,42,A,random,10000,0.8887,0.3919
ag_news,4,768,42,A,random,20000,0.9425,0.3919
ag_news,4,768,42,A,random,50000,0.9738,0.3919
ag_news,4,768,42,A,random,100000,0.985,0.3919
ag_news,4,768,42,A,random,200000,0.9931,0.3919
ag_news,4,768,42,A,boundary,200,0.4211,0.3919
ag_news,4,768,42,A,boundary,500,0.4474,0.3919
ag_news,4,768,42,A,boundary,1000,0.4783,0.3919
ag_news,4,768,42,A,boundary,2000,0.5798,0.3919
ag_news,4,768,42,A,boundary,5000,0.7196,0.3919
ag_news,4,768,42,A,boundary,10000,0.8395,0.3919
ag_news,4,768,42,A,boundary,20000,0.9115,0.3919
ag_news,4,768,42,A,boundary,50000,0.9855,0.3919
ag_news,4,768,42,A,boundary,100000,0.9985,0.3919
ag_news,4,768,42,A,boundary,200000,0.9996,0.3919
ag_news,4,768,42,B,disclosed,0,1.0,0.327
ag_news,4,768,42,B,logits,769,1.0,0.327
ag_news,4,768,42,B,random,200,0.4125,0.327
ag_news,4,768,42,B,random,500,0.496,0.327
ag_news,4,768,42,B,random,1000,0.5675,0.327
ag_news,4,768,42,B,random,2000,0.6633,0.327
ag_news,4,768,42,B,random,5000,0.8119,0.327
ag_news,4,768,42,B,random,10000,0.8835,0.327
ag_news,4,768,42,B,random,20000,0.9337,0.327
ag_news,4,768,42,B,random,50000,0.9679,0.327
ag_news,4,768,42,B,random,100000,0.9869,0.327
ag_news,4,768,42,B,random,200000,0.9934,0.327
ag_news,4,768,42,B,boundary,200,0.2996,0.327
ag_news,4,768,42,B,boundary,500,0.4178,0.327
ag_news,4,768,42,B,boundary,1000,0.4644,0.327
ag_news,4,768,42,B,boundary,2000,0.5646,0.327
ag_news,4,768,42,B,boundary,5000,0.71,0.327
ag_news,4,768,42,B,boundary,10000,0.8347,0.327
ag_news,4,768,42,B,boundary,20000,0.9139,0.327
ag_news,4,768,42,B,boundary,50000,0.979,0.327
ag_news,4,768,42,B,boundary,100000,0.994,0.327
ag_news,4,768,42,B,boundary,200000,0.9988,0.327
ag_news,4,768,43,A,disclosed,0,1.0,0.527
ag_news,4,768,43,A,logits,769,1.0,0.527
ag_news,4,768,43,A,random,200,0.5839,0.527
ag_news,4,768,43,A,random,500,0.6482,0.527
ag_news,4,768,43,A,random,1000,0.7074,0.527
ag_news,4,768,43,A,random,2000,0.7667,0.527
ag_news,4,768,43,A,random,5000,0.8488,0.527
ag_news,4,768,43,A,random,10000,0.8908,0.527
ag_news,4,768,43,A,random,20000,0.9314,0.527
ag_news,4,768,43,A,random,50000,0.9733,0.527
ag_news,4,768,43,A,random,100000,0.986,0.527
ag_news,4,768,43,A,random,200000,0.9923,0.527
ag_news,4,768,43,A,boundary,200,0.53,0.527
ag_news,4,768,43,A,boundary,500,0.5742,0.527
ag_news,4,768,43,A,boundary,1000,0.6357,0.527
ag_news,4,768,43,A,boundary,2000,0.7075,0.527
ag_news,4,768,43,A,boundary,5000,0.8163,0.527
ag_news,4,768,43,A,boundary,10000,0.8768,0.527
ag_news,4,768,43,A,boundary,20000,0.9252,0.527
ag_news,4,768,43,A,boundary,50000,0.9611,0.527
ag_news,4,768,43,A,boundary,100000,0.98,0.527
ag_news,4,768,43,A,boundary,200000,0.9892,0.527
ag_news,4,768,43,B,disclosed,0,1.0,0.537
ag_news,4,768,43,B,logits,769,1.0,0.537
ag_news,4,768,43,B,random,200,0.578,0.537
ag_news,4,768,43,B,random,500,0.6378,0.537
ag_news,4,768,43,B,random,1000,0.6825,0.537
ag_news,4,768,43,B,random,2000,0.7527,0.537
ag_news,4,768,43,B,random,5000,0.841,0.537
ag_news,4,768,43,B,random,10000,0.9016,0.537
ag_news,4,768,43,B,random,20000,0.9368,0.537
ag_news,4,768,43,B,random,50000,0.9729,0.537
ag_news,4,768,43,B,random,100000,0.9869,0.537
ag_news,4,768,43,B,random,200000,0.9933,0.537
ag_news,4,768,43,B,boundary,200,0.5575,0.537
ag_news,4,768,43,B,boundary,500,0.59,0.537
ag_news,4,768,43,B,boundary,1000,0.612,0.537
ag_news,4,768,43,B,boundary,2000,0.6952,0.537
ag_news,4,768,43,B,boundary,5000,0.7898,0.537
ag_news,4,768,43,B,boundary,10000,0.8608,0.537
ag_news,4,768,43,B,boundary,20000,0.9256,0.537
ag_news,4,768,43,B,boundary,50000,0.97,0.537
ag_news,4,768,43,B,boundary,100000,0.9877,0.537
ag_news,4,768,43,B,boundary,200000,0.9923,0.537
ag_news,4,768,44,A,disclosed,0,1.0,0.6614
ag_news,4,768,44,A,logits,769,1.0,0.6614
ag_news,4,768,44,A,random,200,0.6606,0.6614
ag_news,4,768,44,A,random,500,0.6533,0.6614
ag_news,4,768,44,A,random,1000,0.6743,0.6614
ag_news,4,768,44,A,random,2000,0.7189,0.6614
ag_news,4,768,44,A,random,5000,0.8149,0.6614
ag_news,4,768,44,A,random,10000,0.8824,0.6614
ag_news,4,768,44,A,random,20000,0.9361,0.6614
ag_news,4,768,44,A,random,50000,0.9757,0.6614
ag_news,4,768,44,A,random,100000,0.9863,0.6614
ag_news,4,768,44,A,random,200000,0.9909,0.6614
ag_news,4,768,44,A,boundary,200,0.6601,0.6614
ag_news,4,768,44,A,boundary,500,0.6039,0.6614
ag_news,4,768,44,A,boundary,1000,0.6574,0.6614
ag_news,4,768,44,A,boundary,2000,0.6677,0.6614
ag_news,4,768,44,A,boundary,5000,0.7355,0.6614
ag_news,4,768,44,A,boundary,10000,0.8309,0.6614
ag_news,4,768,44,A,boundary,20000,0.9217,0.6614
ag_news,4,768,44,A,boundary,50000,0.9811,0.6614
ag_news,4,768,44,A,boundary,100000,0.9928,0.6614
ag_news,4,768,44,A,boundary,200000,0.9965,0.6614
ag_news,4,768,44,B,disclosed,0,1.0,0.4844
ag_news,4,768,44,B,logits,769,1.0,0.4844
ag_news,4,768,44,B,random,200,0.4945,0.4844
ag_news,4,768,44,B,random,500,0.5366,0.4844
ag_news,4,768,44,B,random,1000,0.6036,0.4844
ag_news,4,768,44,B,random,2000,0.6913,0.4844
ag_news,4,768,44,B,random,5000,0.816,0.4844
ag_news,4,768,44,B,random,10000,0.8881,0.4844
ag_news,4,768,44,B,random,20000,0.9354,0.4844
ag_news,4,768,44,B,random,50000,0.9722,0.4844
ag_news,4,768,44,B,random,100000,0.9871,0.4844
ag_news,4,768,44,B,random,200000,0.9935,0.4844
ag_news,4,768,44,B,boundary,200,0.4209,0.4844
ag_news,4,768,44,B,boundary,500,0.4691,0.4844
ag_news,4,768,44,B,boundary,1000,0.522,0.4844
ag_news,4,768,44,B,boundary,2000,0.5838,0.4844
ag_news,4,768,44,B,boundary,5000,0.7298,0.4844
ag_news,4,768,44,B,boundary,10000,0.8338,0.4844
ag_news,4,768,44,B,boundary,20000,0.9174,0.4844
ag_news,4,768,44,B,boundary,50000,0.979,0.4844
ag_news,4,768,44,B,boundary,100000,0.9976,0.4844
ag_news,4,768,44,B,boundary,200000,0.999,0.4844
dbpedia_14,14,768,42,A,disclosed,0,1.0,0.2267
dbpedia_14,14,768,42,A,logits,769,1.0,0.2267
dbpedia_14,14,768,42,A,random,200,0.2557,0.2267
dbpedia_14,14,768,42,A,random,500,0.2981,0.2267
dbpedia_14,14,768,42,A,random,1000,0.3582,0.2267
dbpedia_14,14,768,42,A,random,2000,0.4279,0.2267
dbpedia_14,14,768,42,A,random,5000,0.575,0.2267
dbpedia_14,14,768,42,A,random,10000,0.6824,0.2267
dbpedia_14,14,768,42,A,random,20000,0.7742,0.2267
dbpedia_14,14,768,42,A,random,50000,0.8981,0.2267
dbpedia_14,14,768,42,A,random,100000,0.9544,0.2267
dbpedia_14,14,768,42,A,random,200000,0.9757,0.2267
dbpedia_14,14,768,42,A,boundary,200,0.1317,0.2267
dbpedia_14,14,768,42,A,boundary,500,0.213,0.2267
dbpedia_14,14,768,42,A,boundary,1000,0.2647,0.2267
dbpedia_14,14,768,42,A,boundary,2000,0.3322,0.2267
dbpedia_14,14,768,42,A,boundary,5000,0.4718,0.2267
dbpedia_14,14,768,42,A,boundary,10000,0.5861,0.2267
dbpedia_14,14,768,42,A,boundary,20000,0.7084,0.2267
dbpedia_14,14,768,42,A,boundary,50000,0.8515,0.2267
dbpedia_14,14,768,42,A,boundary,100000,0.9264,0.2267
dbpedia_14,14,768,42,A,boundary,200000,0.9582,0.2267
dbpedia_14,14,768,42,B,disclosed,0,1.0,0.3118
dbpedia_14,14,768,42,B,logits,769,1.0,0.3118
dbpedia_14,14,768,42,B,random,200,0.3236,0.3118
dbpedia_14,14,768,42,B,random,500,0.3795,0.3118
dbpedia_14,14,768,42,B,random,1000,0.4446,0.3118
dbpedia_14,14,768,42,B,random,2000,0.5295,0.3118
dbpedia_14,14,768,42,B,random,5000,0.6611,0.3118
dbpedia_14,14,768,42,B,random,10000,0.7504,0.3118
dbpedia_14,14,768,42,B,random,20000,0.8178,0.3118
dbpedia_14,14,768,42,B,random,50000,0.9041,0.3118
dbpedia_14,14,768,42,B,random,100000,0.9463,0.3118
dbpedia_14,14,768,42,B,random,200000,0.9698,0.3118
dbpedia_14,14,768,42,B,boundary,200,0.2495,0.3118
dbpedia_14,14,768,42,B,boundary,500,0.1948,0.3118
dbpedia_14,14,768,42,B,boundary,1000,0.3723,0.3118
dbpedia_14,14,768,42,B,boundary,2000,0.4259,0.3118
dbpedia_14,14,768,42,B,boundary,5000,0.5581,0.3118
dbpedia_14,14,768,42,B,boundary,10000,0.6667,0.3118
dbpedia_14,14,768,42,B,boundary,20000,0.7736,0.3118
dbpedia_14,14,768,42,B,boundary,50000,0.8798,0.3118
dbpedia_14,14,768,42,B,boundary,100000,0.9217,0.3118
dbpedia_14,14,768,42,B,boundary,200000,0.9476,0.3118
dbpedia_14,14,768,43,A,disclosed,0,1.0,0.1573
dbpedia_14,14,768,43,A,logits,769,1.0,0.1573
dbpedia_14,14,768,43,A,random,200,0.2215,0.1573
dbpedia_14,14,768,43,A,random,500,0.2594,0.1573
dbpedia_14,14,768,43,A,random,1000,0.3233,0.1573
dbpedia_14,14,768,43,A,random,2000,0.4233,0.1573
dbpedia_14,14,768,43,A,random,5000,0.5646,0.1573
dbpedia_14,14,768,43,A,random,10000,0.6951,0.1573
dbpedia_14,14,768,43,A,random,20000,0.7967,0.1573
dbpedia_14,14,768,43,A,random,50000,0.8856,0.1573
dbpedia_14,14,768,43,A,random,100000,0.9426,0.1573
dbpedia_14,14,768,43,A,random,200000,0.971,0.1573
dbpedia_14,14,768,43,A,boundary,200,0.1129,0.1573
dbpedia_14,14,768,43,A,boundary,500,0.1857,0.1573
dbpedia_14,14,768,43,A,boundary,1000,0.2379,0.1573
dbpedia_14,14,768,43,A,boundary,2000,0.3016,0.1573
dbpedia_14,14,768,43,A,boundary,5000,0.4527,0.1573
dbpedia_14,14,768,43,A,boundary,10000,0.5804,0.1573
dbpedia_14,14,768,43,A,boundary,20000,0.7071,0.1573
dbpedia_14,14,768,43,A,boundary,50000,0.8658,0.1573
dbpedia_14,14,768,43,A,boundary,100000,0.9257,0.1573
dbpedia_14,14,768,43,A,boundary,200000,0.9667,0.1573
dbpedia_14,14,768,43,B,disclosed,0,1.0,0.2801
dbpedia_14,14,768,43,B,logits,769,1.0,0.2801
dbpedia_14,14,768,43,B,random,200,0.3066,0.2801
dbpedia_14,14,768,43,B,random,500,0.3494,0.2801
dbpedia_14,14,768,43,B,random,1000,0.4128,0.2801
dbpedia_14,14,768,43,B,random,2000,0.5178,0.2801
dbpedia_14,14,768,43,B,random,5000,0.6642,0.2801
dbpedia_14,14,768,43,B,random,10000,0.754,0.2801
dbpedia_14,14,768,43,B,random,20000,0.8372,0.2801
dbpedia_14,14,768,43,B,random,50000,0.911,0.2801
dbpedia_14,14,768,43,B,random,100000,0.9495,0.2801
dbpedia_14,14,768,43,B,random,200000,0.9708,0.2801
dbpedia_14,14,768,43,B,boundary,200,0.2316,0.2801
dbpedia_14,14,768,43,B,boundary,500,0.2887,0.2801
dbpedia_14,14,768,43,B,boundary,1000,0.2808,0.2801
dbpedia_14,14,768,43,B,boundary,2000,0.3882,0.2801
dbpedia_14,14,768,43,B,boundary,5000,0.5425,0.2801
dbpedia_14,14,768,43,B,boundary,10000,0.6677,0.2801
dbpedia_14,14,768,43,B,boundary,20000,0.7793,0.2801
dbpedia_14,14,768,43,B,boundary,50000,0.8991,0.2801
dbpedia_14,14,768,43,B,boundary,100000,0.9382,0.2801
dbpedia_14,14,768,43,B,boundary,200000,0.9566,0.2801
dbpedia_14,14,768,44,A,disclosed,0,1.0,0.2191
dbpedia_14,14,768,44,A,logits,769,1.0,0.2191
dbpedia_14,14,768,44,A,random,200,0.2516,0.2191
dbpedia_14,14,768,44,A,random,500,0.2848,0.2191
dbpedia_14,14,768,44,A,random,1000,0.3617,0.2191
dbpedia_14,14,768,44,A,random,2000,0.4342,0.2191
dbpedia_14,14,768,44,A,random,5000,0.5715,0.2191
dbpedia_14,14,768,44,A,random,10000,0.6886,0.2191
dbpedia_14,14,768,44,A,random,20000,0.7891,0.2191
dbpedia_14,14,768,44,A,random,50000,0.9028,0.2191
dbpedia_14,14,768,44,A,random,100000,0.9415,0.2191
dbpedia_14,14,768,44,A,random,200000,0.9654,0.2191
dbpedia_14,14,768,44,A,boundary,200,0.0688,0.2191
dbpedia_14,14,768,44,A,boundary,500,0.2116,0.2191
dbpedia_14,14,768,44,A,boundary,1000,0.2492,0.2191
dbpedia_14,14,768,44,A,boundary,2000,0.3096,0.2191
dbpedia_14,14,768,44,A,boundary,5000,0.4567,0.2191
dbpedia_14,14,768,44,A,boundary,10000,0.5814,0.2191
dbpedia_14,14,768,44,A,boundary,20000,0.711,0.2191
dbpedia_14,14,768,44,A,boundary,50000,0.858,0.2191
dbpedia_14,14,768,44,A,boundary,100000,0.923,0.2191
dbpedia_14,14,768,44,A,boundary,200000,0.9677,0.2191
dbpedia_14,14,768,44,B,disclosed,0,1.0,0.3046
dbpedia_14,14,768,44,B,logits,769,1.0,0.3046
dbpedia_14,14,768,44,B,random,200,0.3069,0.3046
dbpedia_14,14,768,44,B,random,500,0.3678,0.3046
dbpedia_14,14,768,44,B,random,1000,0.4186,0.3046
dbpedia_14,14,768,44,B,random,2000,0.5108,0.3046
dbpedia_14,14,768,44,B,random,5000,0.6376,0.3046
dbpedia_14,14,768,44,B,random,10000,0.7346,0.3046
dbpedia_14,14,768,44,B,random,20000,0.8076,0.3046
dbpedia_14,14,768,44,B,random,50000,0.9051,0.3046
dbpedia_14,14,768,44,B,random,100000,0.9384,0.3046
dbpedia_14,14,768,44,B,random,200000,0.9723,0.3046
dbpedia_14,14,768,44,B,boundary,200,0.1353,0.3046
dbpedia_14,14,768,44,B,boundary,500,0.2437,0.3046
dbpedia_14,14,768,44,B,boundary,1000,0.3193,0.3046
dbpedia_14,14,768,44,B,boundary,2000,0.3936,0.3046
dbpedia_14,14,768,44,B,boundary,5000,0.5061,0.3046
dbpedia_14,14,768,44,B,boundary,10000,0.6435,0.3046
dbpedia_14,14,768,44,B,boundary,20000,0.751,0.3046
dbpedia_14,14,768,44,B,boundary,50000,0.8669,0.3046
dbpedia_14,14,768,44,B,boundary,100000,0.9266,0.3046
dbpedia_14,14,768,44,B,boundary,200000,0.957,0.3046
banking77,77,768,42,A,disclosed,0,1.0,0.0785
banking77,77,768,42,A,logits,769,1.0,0.0785
banking77,77,768,42,A,random,200,0.0972,0.0785
banking77,77,768,42,A,random,500,0.128,0.0785
banking77,77,768,42,A,random,1000,0.16,0.0785
banking77,77,768,42,A,random,2000,0.2241,0.0785
banking77,77,768,42,A,random,5000,0.3443,0.0785
banking77,77,768,42,A,random,10000,0.4592,0.0785
banking77,77,768,42,A,random,20000,0.5789,0.0785
banking77,77,768,42,A,random,50000,0.7439,0.0785
banking77,77,768,42,A,random,100000,0.8312,0.0785
banking77,77,768,42,A,random,200000,0.8928,0.0785
banking77,77,768,42,A,boundary,200,0.0199,0.0785
banking77,77,768,42,A,boundary,500,0.0116,0.0785
banking77,77,768,42,A,boundary,1000,0.0254,0.0785
banking77,77,768,42,A,boundary,2000,0.1434,0.0785
banking77,77,768,42,A,boundary,5000,0.2423,0.0785
banking77,77,768,42,A,boundary,10000,0.3496,0.0785
banking77,77,768,42,A,boundary,20000,0.4744,0.0785
banking77,77,768,42,A,boundary,50000,0.6632,0.0785
banking77,77,768,42,A,boundary,100000,0.7674,0.0785
banking77,77,768,42,A,boundary,200000,0.8384,0.0785
banking77,77,768,42,B,disclosed,0,1.0,0.0657
banking77,77,768,42,B,logits,769,1.0,0.0657
banking77,77,768,42,B,random,200,0.098,0.0657
banking77,77,768,42,B,random,500,0.1216,0.0657
banking77,77,768,42,B,random,1000,0.1669,0.0657
banking77,77,768,42,B,random,2000,0.2426,0.0657
banking77,77,768,42,B,random,5000,0.3562,0.0657
banking77,77,768,42,B,random,10000,0.4837,0.0657
banking77,77,768,42,B,random,20000,0.6244,0.0657
banking77,77,768,42,B,random,50000,0.7743,0.0657
banking77,77,768,42,B,random,100000,0.8539,0.0657
banking77,77,768,42,B,random,200000,0.9027,0.0657
banking77,77,768,42,B,boundary,200,0.0578,0.0657
banking77,77,768,42,B,boundary,500,0.016,0.0657
banking77,77,768,42,B,boundary,1000,0.0998,0.0657
banking77,77,768,42,B,boundary,2000,0.0839,0.0657
banking77,77,768,42,B,boundary,5000,0.2542,0.0657
banking77,77,768,42,B,boundary,10000,0.3483,0.0657
banking77,77,768,42,B,boundary,20000,0.499,0.0657
banking77,77,768,42,B,boundary,50000,0.6959,0.0657
banking77,77,768,42,B,boundary,100000,0.8001,0.0657
banking77,77,768,42,B,boundary,200000,0.8651,0.0657
banking77,77,768,43,A,disclosed,0,1.0,0.1215
banking77,77,768,43,A,logits,769,1.0,0.1215
banking77,77,768,43,A,random,200,0.1425,0.1215
banking77,77,768,43,A,random,500,0.1619,0.1215
banking77,77,768,43,A,random,1000,0.2224,0.1215
banking77,77,768,43,A,random,2000,0.2774,0.1215
banking77,77,768,43,A,random,5000,0.387,0.1215
banking77,77,768,43,A,random,10000,0.4916,0.1215
banking77,77,768,43,A,random,20000,0.5985,0.1215
banking77,77,768,43,A,random,50000,0.758,0.1215
banking77,77,768,43,A,random,100000,0.8403,0.1215
banking77,77,768,43,A,random,200000,0.8984,0.1215
banking77,77,768,43,A,boundary,200,0.0397,0.1215
banking77,77,768,43,A,boundary,500,0.0423,0.1215
banking77,77,768,43,A,boundary,1000,0.0767,0.1215
banking77,77,768,43,A,boundary,2000,0.1114,0.1215
banking77,77,768,43,A,boundary,5000,0.2917,0.1215
banking77,77,768,43,A,boundary,10000,0.3962,0.1215
banking77,77,768,43,A,boundary,20000,0.5239,0.1215
banking77,77,768,43,A,boundary,50000,0.6823,0.1215
banking77,77,768,43,A,boundary,100000,0.7755,0.1215
banking77,77,768,43,A,boundary,200000,0.8461,0.1215
banking77,77,768,43,B,disclosed,0,1.0,0.0817
banking77,77,768,43,B,logits,769,1.0,0.0817
banking77,77,768,43,B,random,200,0.0953,0.0817
banking77,77,768,43,B,random,500,0.1327,0.0817
banking77,77,768,43,B,random,1000,0.1751,0.0817
banking77,77,768,43,B,random,2000,0.2449,0.0817
banking77,77,768,43,B,random,5000,0.3745,0.0817
banking77,77,768,43,B,random,10000,0.4862,0.0817
banking77,77,768,43,B,random,20000,0.6064,0.0817
banking77,77,768,43,B,random,50000,0.7635,0.0817
banking77,77,768,43,B,random,100000,0.8458,0.0817
banking77,77,768,43,B,random,200000,0.901,0.0817
banking77,77,768,43,B,boundary,200,0.0782,0.0817
banking77,77,768,43,B,boundary,500,0.0143,0.0817
banking77,77,768,43,B,boundary,1000,0.0758,0.0817
banking77,77,768,43,B,boundary,2000,0.0678,0.0817
banking77,77,768,43,B,boundary,5000,0.2361,0.0817
banking77,77,768,43,B,boundary,10000,0.3645,0.0817
banking77,77,768,43,B,boundary,20000,0.4983,0.0817
banking77,77,768,43,B,boundary,50000,0.6819,0.0817
banking77,77,768,43,B,boundary,100000,0.7866,0.0817
banking77,77,768,43,B,boundary,200000,0.8502,0.0817
banking77,77,768,44,A,disclosed,0,1.0,0.0783
banking77,77,768,44,A,logits,769,1.0,0.0783
banking77,77,768,44,A,random,200,0.0963,0.0783
banking77,77,768,44,A,random,500,0.1191,0.0783
banking77,77,768,44,A,random,1000,0.1628,0.0783
banking77,77,768,44,A,random,2000,0.2208,0.0783
banking77,77,768,44,A,random,5000,0.3202,0.0783
banking77,77,768,44,A,random,10000,0.4262,0.0783
banking77,77,768,44,A,random,20000,0.5636,0.0783
banking77,77,768,44,A,random,50000,0.7301,0.0783
banking77,77,768,44,A,random,100000,0.8421,0.0783
banking77,77,768,44,A,random,200000,0.9019,0.0783
banking77,77,768,44,A,boundary,200,0.0378,0.0783
banking77,77,768,44,A,boundary,500,0.0496,0.0783
banking77,77,768,44,A,boundary,1000,0.0776,0.0783
banking77,77,768,44,A,boundary,2000,0.0576,0.0783
banking77,77,768,44,A,boundary,5000,0.2147,0.0783
banking77,77,768,44,A,boundary,10000,0.3353,0.0783
banking77,77,768,44,A,boundary,20000,0.4656,0.0783
banking77,77,768,44,A,boundary,50000,0.6593,0.0783
banking77,77,768,44,A,boundary,100000,0.772,0.0783
banking77,77,768,44,A,boundary,200000,0.8451,0.0783
banking77,77,768,44,B,disclosed,0,1.0,0.0735
banking77,77,768,44,B,logits,769,1.0,0.0735
banking77,77,768,44,B,random,200,0.0935,0.0735
banking77,77,768,44,B,random,500,0.1169,0.0735
banking77,77,768,44,B,random,1000,0.1561,0.0735
banking77,77,768,44,B,random,2000,0.2275,0.0735
banking77,77,768,44,B,random,5000,0.3483,0.0735
banking77,77,768,44,B,random,10000,0.4647,0.0735
banking77,77,768,44,B,random,20000,0.582,0.0735
banking77,77,768,44,B,random,50000,0.7579,0.0735
banking77,77,768,44,B,random,100000,0.8459,0.0735
banking77,77,768,44,B,random,200000,0.9035,0.0735
banking77,77,768,44,B,boundary,200,0.0432,0.0735
banking77,77,768,44,B,boundary,500,0.0106,0.0735
banking77,77,768,44,B,boundary,1000,0.0976,0.0735
banking77,77,768,44,B,boundary,2000,0.0659,0.0735
banking77,77,768,44,B,boundary,5000,0.2256,0.0735
banking77,77,768,44,B,boundary,10000,0.3272,0.0735
banking77,77,768,44,B,boundary,20000,0.481,0.0735
banking77,77,768,44,B,boundary,50000,0.6704,0.0735
banking77,77,768,44,B,boundary,100000,0.7815,0.0735
banking77,77,768,44,B,boundary,200000,0.8518,0.0735
