task,C,seed,arrangement,cls,holders,n_holder,cos_mean,cos_top1,cos_top1_other,cos_rand
ag_news,4,42,A,0,7,4500,0.1283,0.179,0.1745,0.0298
ag_news,4,42,A,1,4,4445,0.1862,0.2251,0.2206,0.0341
ag_news,4,42,A,2,8,4555,0.145,0.203,0.1954,0.0324
ag_news,4,42,A,3,7,4501,0.1415,0.1966,0.1855,0.0293
ag_news,4,42,B,0,7,4500,0.1168,0.1591,0.1584,0.023
ag_news,4,42,B,1,4,4445,0.131,0.1781,0.1756,0.0279
ag_news,4,42,B,2,8,4555,0.1144,0.1738,0.164,0.0297
ag_news,4,42,B,3,7,4501,0.1023,0.1581,0.1465,0.0242
ag_news,4,43,A,0,5,4526,0.1855,0.2217,0.2207,0.0275
ag_news,4,43,A,1,6,4529,0.1387,0.1821,0.1737,0.0289
ag_news,4,43,A,2,4,4418,0.1533,0.1993,0.1932,0.0341
ag_news,4,43,A,3,7,4527,0.1746,0.2079,0.2062,0.0231
ag_news,4,43,B,0,5,4526,0.1435,0.1857,0.1761,0.0313
ag_news,4,43,B,1,6,4529,0.105,0.1466,0.1375,0.0324
ag_news,4,43,B,2,4,4418,0.1141,0.1627,0.1569,0.0262
ag_news,4,43,B,3,7,4527,0.1331,0.1722,0.1641,0.0343
ag_news,4,44,A,0,5,4478,0.1101,0.1638,0.1502,0.0283
ag_news,4,44,A,1,3,4424,0.1385,0.1779,0.1772,0.0299
ag_news,4,44,A,2,5,4568,0.149,0.1952,0.1936,0.0282
ag_news,4,44,A,3,5,4514,0.1783,0.21,0.2052,0.0315
ag_news,4,44,B,0,5,4478,0.116,0.1604,0.1555,0.0258
ag_news,4,44,B,1,3,4424,0.0905,0.1329,0.1269,0.0242
ag_news,4,44,B,2,5,4568,0.0987,0.1368,0.1331,0.0291
ag_news,4,44,B,3,5,4514,0.1401,0.1776,0.1702,0.028
dbpedia_14,14,42,A,0,5,1308,0.1389,0.1797,0.1799,0.0259
dbpedia_14,14,42,A,1,3,1301,0.1729,0.2163,0.2133,0.0227
dbpedia_14,14,42,A,2,5,1299,0.1556,0.1931,0.1906,0.0293
dbpedia_14,14,42,A,3,4,1287,0.1326,0.1809,0.1808,0.027
dbpedia_14,14,42,A,4,5,1312,0.1379,0.1848,0.1734,0.0296
dbpedia_14,14,42,A,5,4,1288,0.1342,0.1934,0.1801,0.0309
dbpedia_14,14,42,A,6,5,1286,0.1351,0.1845,0.174,0.0228
dbpedia_14,14,42,A,7,8,1331,0.1482,0.1986,0.185,0.0293
dbpedia_14,14,42,A,8,6,1282,0.1308,0.1683,0.1694,0.0272
dbpedia_14,14,42,A,9,5,1243,0.151,0.2126,0.2049,0.0286
dbpedia_14,14,42,A,10,5,1317,0.1938,0.242,0.2379,0.0338
dbpedia_14,14,42,A,11,5,1229,0.1345,0.1806,0.1687,0.0231
dbpedia_14,14,42,A,12,6,1255,0.1228,0.1715,0.1672,0.0301
dbpedia_14,14,42,A,13,8,1264,0.1375,0.1954,0.1831,0.0295
dbpedia_14,14,42,B,0,5,1308,0.106,0.1495,0.1431,0.0274
dbpedia_14,14,42,B,1,3,1301,0.1108,0.159,0.1542,0.0255
dbpedia_14,14,42,B,2,5,1299,0.1008,0.1465,0.1311,0.0299
dbpedia_14,14,42,B,3,4,1287,0.1093,0.1497,0.1485,0.031
dbpedia_14,14,42,B,4,5,1312,0.1085,0.1534,0.154,0.0259
dbpedia_14,14,42,B,5,4,1288,0.1095,0.1717,0.1554,0.0294
dbpedia_14,14,42,B,6,5,1286,0.1147,0.1559,0.1459,0.0269
dbpedia_14,14,42,B,7,8,1331,0.121,0.1633,0.1493,0.0307
dbpedia_14,14,42,B,8,6,1282,0.1229,0.1591,0.1593,0.0259
dbpedia_14,14,42,B,9,5,1243,0.163,0.2199,0.2126,0.0287
dbpedia_14,14,42,B,10,5,1317,0.1371,0.1848,0.1813,0.0305
dbpedia_14,14,42,B,11,5,1229,0.1316,0.1751,0.1597,0.0283
dbpedia_14,14,42,B,12,6,1255,0.0967,0.1411,0.1328,0.0313
dbpedia_14,14,42,B,13,8,1264,0.103,0.1645,0.1462,0.0324
dbpedia_14,14,43,A,0,5,1298,0.1425,0.1803,0.179,0.0274
dbpedia_14,14,43,A,1,8,1268,0.1116,0.1645,0.1572,0.0247
dbpedia_14,14,43,A,2,4,1285,0.1542,0.1975,0.1919,0.0304
dbpedia_14,14,43,A,3,5,1242,0.16,0.2074,0.2065,0.0288
dbpedia_14,14,43,A,4,3,1246,0.1847,0.2245,0.219,0.029
dbpedia_14,14,43,A,5,4,1325,0.1778,0.2338,0.2229,0.0259
dbpedia_14,14,43,A,6,7,1201,0.1085,0.1651,0.1584,0.028
dbpedia_14,14,43,A,7,5,1320,0.171,0.2127,0.2145,0.0299
dbpedia_14,14,43,A,8,5,1321,0.147,0.1774,0.1778,0.0276
dbpedia_14,14,43,A,9,7,1296,0.1328,0.2047,0.1897,0.0269
dbpedia_14,14,43,A,10,6,1252,0.1564,0.206,0.1931,0.029
dbpedia_14,14,43,A,11,4,1305,0.1513,0.1938,0.1948,0.0293
dbpedia_14,14,43,A,12,4,1311,0.1297,0.1796,0.1754,0.0262
dbpedia_14,14,43,A,13,4,1331,0.1623,0.2187,0.2155,0.0292
dbpedia_14,14,43,B,0,5,1298,0.0981,0.1384,0.1366,0.0256
dbpedia_14,14,43,B,1,8,1268,0.103,0.1558,0.1385,0.0314
dbpedia_14,14,43,B,2,4,1285,0.1299,0.1801,0.1654,0.0314
dbpedia_14,14,43,B,3,5,1242,0.11,0.153,0.1507,0.0252
dbpedia_14,14,43,B,4,3,1246,0.1284,0.1705,0.162,0.0325
dbpedia_14,14,43,B,5,4,1325,0.1342,0.2021,0.1824,0.0245
dbpedia_14,14,43,B,6,7,1201,0.1058,0.1522,0.1458,0.0262
dbpedia_14,14,43,B,7,5,1320,0.1249,0.1646,0.1659,0.0252
dbpedia_14,14,43,B,8,5,1321,0.1157,0.149,0.1499,0.0318
dbpedia_14,14,43,B,9,7,1296,0.1422,0.2047,0.1904,0.0305
dbpedia_14,14,43,B,10,6,1252,0.1136,0.1574,0.1468,0.0324
dbpedia_14,14,43,B,11,4,1305,0.1312,0.1753,0.1746,0.0311
dbpedia_14,14,43,B,12,4,1311,0.0895,0.1412,0.1315,0.0325
dbpedia_14,14,43,B,13,4,1331,0.1163,0.1761,0.1713,0.0282
dbpedia_14,14,44,A,0,3,1288,0.1394,0.179,0.1743,0.0285
dbpedia_14,14,44,A,1,8,1309,0.118,0.1671,0.1566,0.029
dbpedia_14,14,44,A,2,4,1336,0.1645,0.2146,0.2053,0.0295
dbpedia_14,14,44,A,3,8,1312,0.1095,0.1568,0.1435,0.0285
dbpedia_14,14,44,A,4,5,1317,0.1601,0.2071,0.1974,0.0254
dbpedia_14,14,44,A,5,4,1229,0.1512,0.2022,0.1979,0.0285
dbpedia_14,14,44,A,6,5,1290,0.1226,0.169,0.167,0.0314
dbpedia_14,14,44,A,7,2,1256,0.1983,0.2315,0.2287,0.0272
dbpedia_14,14,44,A,8,7,1258,0.1505,0.1905,0.1838,0.0295
dbpedia_14,14,44,A,9,5,1286,0.1516,0.2111,0.2132,0.0257
dbpedia_14,14,44,A,10,4,1296,0.1684,0.2212,0.2145,0.0285
dbpedia_14,14,44,A,11,5,1238,0.1459,0.1887,0.1791,0.0231
dbpedia_14,14,44,A,12,6,1300,0.1346,0.1867,0.1809,0.0237
dbpedia_14,14,44,A,13,7,1284,0.1233,0.1824,0.167,0.0276
dbpedia_14,14,44,B,0,3,1288,0.11,0.1588,0.1551,0.0291
dbpedia_14,14,44,B,1,8,1309,0.0905,0.1359,0.1237,0.0311
dbpedia_14,14,44,B,2,4,1336,0.1191,0.164,0.1583,0.0286
dbpedia_14,14,44,B,3,8,1312,0.1061,0.1446,0.1364,0.0265
dbpedia_14,14,44,B,4,5,1317,0.0981,0.1511,0.1426,0.0278
dbpedia_14,14,44,B,5,4,1229,0.118,0.1697,0.1644,0.0306
dbpedia_14,14,44,B,6,5,1290,0.0962,0.1379,0.1378,0.029
dbpedia_14,14,44,B,7,2,1256,0.1417,0.176,0.1711,0.0296
dbpedia_14,14,44,B,8,7,1258,0.1074,0.1426,0.139,0.0303
dbpedia_14,14,44,B,9,5,1286,0.1422,0.1941,0.1964,0.023
dbpedia_14,14,44,B,10,4,1296,0.1324,0.1849,0.177,0.0321
dbpedia_14,14,44,B,11,5,1238,0.1388,0.1773,0.1726,0.0255
dbpedia_14,14,44,B,12,6,1300,0.1054,0.1603,0.1507,0.0313
dbpedia_14,14,44,B,13,7,1284,0.0967,0.1583,0.1361,0.029
banking77,77,42,A,0,2,140,0.161,0.2131,0.1908,0.0344
banking77,77,42,A,1,3,101,0.1763,0.2193,0.2076,0.0308
banking77,77,42,A,2,5,106,0.1454,0.1983,0.1715,0.0259
banking77,77,42,A,3,3,79,0.1308,0.1651,0.1424,0.0249
banking77,77,42,A,4,4,109,0.1545,0.1978,0.1815,0.0328
banking77,77,42,A,5,2,155,0.167,0.2014,0.1926,0.0331
banking77,77,42,A,6,6,165,0.1478,0.1946,0.1798,0.0268
banking77,77,42,A,7,1,145,0.1852,0.2167,0.202,0.0337
banking77,77,42,A,8,3,144,0.1471,0.1726,0.1694,0.0282
banking77,77,42,A,9,5,111,0.1682,0.2143,0.1919,0.0254
banking77,77,42,A,10,2,52,0.1545,0.1752,0.1662,0.03
banking77,77,42,A,11,3,135,0.1784,0.2256,0.2014,0.0296
banking77,77,42,A,12,2,102,0.1458,0.1861,0.1735,0.0337
banking77,77,42,A,13,2,124,0.1727,0.2122,0.2007,0.0264
banking77,77,42,A,14,3,94,0.1471,0.1858,0.1946,0.0273
banking77,77,42,A,15,6,171,0.155,0.1947,0.1971,0.0308
banking77,77,42,A,16,4,156,0.1484,0.1872,0.1791,0.0305
banking77,77,42,A,17,3,160,0.1384,0.1845,0.1604,0.0238
banking77,77,42,A,18,3,54,0.0994,0.1278,0.1218,0.0244
banking77,77,42,A,19,5,162,0.1688,0.1991,0.2076,0.0283
banking77,77,42,A,20,6,147,0.18,0.2189,0.218,0.031
banking77,77,42,A,21,3,110,0.1338,0.1769,0.1736,0.0299
banking77,77,42,A,22,4,77,0.1637,0.2043,0.1904,0.0259
banking77,77,42,A,23,3,29,0.0682,0.1057,0.0908,0.0222
banking77,77,42,A,24,2,121,0.1647,0.1863,0.1752,0.0274
banking77,77,42,A,25,3,137,0.1587,0.1943,0.1906,0.0283
banking77,77,42,A,26,4,152,0.1687,0.2109,0.2001,0.0327
banking77,77,42,A,27,5,118,0.1206,0.1671,0.1788,0.0294
banking77,77,42,A,28,5,164,0.1391,0.1885,0.1725,0.03
banking77,77,42,A,29,4,115,0.128,0.1678,0.1558,0.0248
banking77,77,42,A,30,6,109,0.1281,0.1544,0.142,0.028
banking77,77,42,A,31,2,114,0.1726,0.2044,0.1976,0.0267
banking77,77,42,A,32,5,98,0.178,0.2071,0.2048,0.0282
banking77,77,42,A,33,4,105,0.1755,0.2183,0.2016,0.0292
banking77,77,42,A,34,2,153,0.1849,0.229,0.2263,0.0302
banking77,77,42,A,35,4,119,0.1353,0.1772,0.1565,0.0263
banking77,77,42,A,36,5,112,0.1442,0.1786,0.1721,0.0273
banking77,77,42,A,37,4,87,0.1445,0.1742,0.1675,0.03
banking77,77,42,A,38,4,96,0.1348,0.1716,0.171,0.0274
banking77,77,42,A,39,2,113,0.1446,0.177,0.1718,0.0297
banking77,77,42,A,40,1,93,0.1925,0.2231,0.2243,0.0266
banking77,77,42,A,41,3,71,0.1206,0.1554,0.1468,0.0303
banking77,77,42,A,42,2,111,0.178,0.214,0.1963,0.0263
banking77,77,42,A,43,3,108,0.175,0.2125,0.2147,0.0264
banking77,77,42,A,44,4,86,0.1335,0.1684,0.1562,0.0225
banking77,77,42,A,45,3,139,0.1498,0.174,0.17,0.0292
banking77,77,42,A,46,5,127,0.0889,0.1387,0.1252,0.0289
banking77,77,42,A,47,2,135,0.1396,0.1748,0.1706,0.0337
banking77,77,42,A,48,5,138,0.1032,0.137,0.1432,0.0323
banking77,77,42,A,49,3,103,0.1855,0.2227,0.2076,0.0318
banking77,77,42,A,50,3,83,0.166,0.1921,0.1827,0.0284
banking77,77,42,A,51,3,149,0.155,0.1977,0.1784,0.0313
banking77,77,42,A,52,5,157,0.1802,0.227,0.2133,0.0324
banking77,77,42,A,53,4,143,0.1586,0.1993,0.2011,0.027
banking77,77,42,A,54,2,115,0.1559,0.1912,0.1853,0.0317
banking77,77,42,A,55,5,94,0.1381,0.1951,0.1668,0.0307
banking77,77,42,A,56,4,96,0.152,0.1869,0.1784,0.0354
banking77,77,42,A,57,4,99,0.1783,0.2082,0.1889,0.0257
banking77,77,42,A,58,3,96,0.1584,0.1971,0.1915,0.0288
banking77,77,42,A,59,5,132,0.1305,0.1719,0.1663,0.0292
banking77,77,42,A,60,4,91,0.1604,0.1815,0.185,0.0317
banking77,77,42,A,61,3,136,0.141,0.1773,0.1728,0.0231
banking77,77,42,A,62,5,89,0.1503,0.1791,0.1907,0.0272
banking77,77,42,A,63,4,155,0.1489,0.2039,0.1811,0.0318
banking77,77,42,A,64,2,158,0.157,0.1944,0.1984,0.0304
banking77,77,42,A,65,4,106,0.1529,0.1888,0.1777,0.027
banking77,77,42,A,66,6,156,0.1026,0.16,0.1541,0.0276
banking77,77,42,A,67,4,117,0.1504,0.18,0.1986,0.0301
banking77,77,42,A,68,4,93,0.142,0.1807,0.1781,0.0338
banking77,77,42,A,69,3,91,0.1509,0.1813,0.1751,0.0273
banking77,77,42,A,70,5,102,0.1529,0.1998,0.1797,0.029
banking77,77,42,A,71,3,110,0.1491,0.1878,0.1726,0.0261
banking77,77,42,A,72,2,34,0.1143,0.1614,0.1423,0.027
banking77,77,42,A,73,2,119,0.164,0.2002,0.1864,0.0254
banking77,77,42,A,74,5,111,0.1385,0.1786,0.1751,0.0304
banking77,77,42,A,75,5,166,0.1318,0.1809,0.1764,0.027
banking77,77,42,A,76,4,152,0.1279,0.1585,0.1604,0.0269
banking77,77,42,B,0,2,140,0.0984,0.1477,0.1235,0.0276
banking77,77,42,B,1,3,101,0.0788,0.1177,0.102,0.0295
banking77,77,42,B,2,5,106,0.0742,0.1362,0.1149,0.0255
banking77,77,42,B,3,3,79,0.1166,0.1489,0.1233,0.0262
banking77,77,42,B,4,4,109,0.0821,0.1177,0.1139,0.0311
banking77,77,42,B,5,2,155,0.0845,0.1066,0.1013,0.0326
banking77,77,42,B,6,6,165,0.092,0.1252,0.1202,0.0325
banking77,77,42,B,7,1,145,0.0838,0.1162,0.0971,0.0276
banking77,77,42,B,8,3,144,0.1032,0.1302,0.1224,0.028
banking77,77,42,B,9,5,111,0.1005,0.1308,0.1174,0.0264
banking77,77,42,B,10,2,52,0.0867,0.1061,0.1018,0.0277
banking77,77,42,B,11,3,135,0.1069,0.1437,0.1228,0.0293
banking77,77,42,B,12,2,102,0.0785,0.0976,0.0999,0.0259
banking77,77,42,B,13,2,124,0.1012,0.1275,0.122,0.0332
banking77,77,42,B,14,3,94,0.0629,0.0917,0.0951,0.0279
banking77,77,42,B,15,6,171,0.0879,0.1168,0.1202,0.029
banking77,77,42,B,16,4,156,0.0953,0.1284,0.1279,0.0266
banking77,77,42,B,17,3,160,0.108,0.1508,0.1234,0.0277
banking77,77,42,B,18,3,54,0.0578,0.0866,0.0727,0.0283
banking77,77,42,B,19,5,162,0.0776,0.1135,0.0955,0.0256
banking77,77,42,B,20,6,147,0.0969,0.1268,0.1201,0.0329
banking77,77,42,B,21,3,110,0.1099,0.1523,0.1418,0.0274
banking77,77,42,B,22,4,77,0.0805,0.1066,0.1032,0.0287
banking77,77,42,B,23,3,29,0.0633,0.0836,0.0978,0.0327
banking77,77,42,B,24,2,121,0.105,0.1279,0.1115,0.0301
banking77,77,42,B,25,3,137,0.0815,0.1188,0.1045,0.0265
banking77,77,42,B,26,4,152,0.064,0.1072,0.0848,0.0267
banking77,77,42,B,27,5,118,0.08,0.1153,0.1225,0.0306
banking77,77,42,B,28,5,164,0.0956,0.1358,0.1208,0.0288
banking77,77,42,B,29,4,115,0.0884,0.1224,0.1092,0.0298
banking77,77,42,B,30,6,109,0.0743,0.0926,0.0968,0.0298
banking77,77,42,B,31,2,114,0.1001,0.1316,0.1162,0.0263
banking77,77,42,B,32,5,98,0.0852,0.1156,0.1111,0.0256
banking77,77,42,B,33,4,105,0.1039,0.1458,0.13,0.0306
banking77,77,42,B,34,2,153,0.1124,0.1475,0.1501,0.0314
banking77,77,42,B,35,4,119,0.1016,0.1319,0.1295,0.03
banking77,77,42,B,36,5,112,0.0872,0.1238,0.1105,0.0243
banking77,77,42,B,37,4,87,0.0679,0.0939,0.096,0.0292
banking77,77,42,B,38,4,96,0.0897,0.1156,0.1182,0.0276
banking77,77,42,B,39,2,113,0.0905,0.1122,0.1154,0.0305
banking77,77,42,B,40,1,93,0.0789,0.1168,0.0971,0.0283
banking77,77,42,B,41,3,71,0.0634,0.087,0.0783,0.0301
banking77,77,42,B,42,2,111,0.094,0.1159,0.1101,0.0306
banking77,77,42,B,43,3,108,0.098,0.1248,0.1218,0.0302
banking77,77,42,B,44,4,86,0.0735,0.1083,0.0999,0.0289
banking77,77,42,B,45,3,139,0.0966,0.1198,0.1148,0.0257
banking77,77,42,B,46,5,127,0.0517,0.0855,0.0816,0.0213
banking77,77,42,B,47,2,135,0.0938,0.1187,0.1125,0.0273
banking77,77,42,B,48,5,138,0.082,0.1043,0.1039,0.0252
banking77,77,42,B,49,3,103,0.0759,0.1163,0.1037,0.0293
banking77,77,42,B,50,3,83,0.0892,0.1134,0.1034,0.0323
banking77,77,42,B,51,3,149,0.0971,0.1346,0.1287,0.0233
banking77,77,42,B,52,5,157,0.0753,0.1223,0.0923,0.0244
banking77,77,42,B,53,4,143,0.0824,0.1152,0.121,0.0288
banking77,77,42,B,54,2,115,0.0955,0.1221,0.1238,0.0277
banking77,77,42,B,55,5,94,0.0587,0.1098,0.0842,0.0273
banking77,77,42,B,56,4,96,0.0788,0.1053,0.1016,0.0283
banking77,77,42,B,57,4,99,0.0872,0.1069,0.0941,0.0269
banking77,77,42,B,58,3,96,0.0853,0.1213,0.1078,0.0299
banking77,77,42,B,59,5,132,0.0962,0.1328,0.1287,0.0255
banking77,77,42,B,60,4,91,0.1097,0.1302,0.1242,0.0311
banking77,77,42,B,61,3,136,0.0765,0.1041,0.1041,0.0263
banking77,77,42,B,62,5,89,0.0991,0.126,0.1337,0.0288
banking77,77,42,B,63,4,155,0.0896,0.1366,0.1249,0.0274
banking77,77,42,B,64,2,158,0.0855,0.1136,0.114,0.0304
banking77,77,42,B,65,4,106,0.0693,0.0945,0.0904,0.028
banking77,77,42,B,66,6,156,0.102,0.1409,0.1285,0.0253
banking77,77,42,B,67,4,117,0.1106,0.1272,0.1433,0.0278
banking77,77,42,B,68,4,93,0.0906,0.1209,0.1198,0.0273
banking77,77,42,B,69,3,91,0.0938,0.1204,0.1237,0.0273
banking77,77,42,B,70,5,102,0.0786,0.1105,0.1048,0.0251
banking77,77,42,B,71,3,110,0.0908,0.123,0.1083,0.0286
banking77,77,42,B,72,2,34,0.093,0.1258,0.1159,0.0249
banking77,77,42,B,73,2,119,0.0995,0.1296,0.1275,0.0333
banking77,77,42,B,74,5,111,0.091,0.118,0.1195,0.0305
banking77,77,42,B,75,5,166,0.0787,0.119,0.125,0.0298
banking77,77,42,B,76,4,152,0.0927,0.1229,0.1233,0.0294
banking77,77,43,A,0,4,141,0.1691,0.2237,0.2143,0.0292
banking77,77,43,A,1,3,103,0.131,0.1744,0.1551,0.0275
banking77,77,43,A,2,4,112,0.1354,0.1866,0.1637,0.0281
banking77,77,43,A,3,2,76,0.1593,0.199,0.1908,0.0321
banking77,77,43,A,4,3,115,0.1246,0.1682,0.1496,0.0259
banking77,77,43,A,5,4,159,0.1738,0.2057,0.1988,0.0251
banking77,77,43,A,6,5,162,0.1304,0.1775,0.1611,0.0238
banking77,77,43,A,7,5,140,0.1768,0.2043,0.189,0.0281
banking77,77,43,A,8,6,136,0.1433,0.1745,0.1678,0.0283
banking77,77,43,A,9,3,111,0.1769,0.2225,0.2123,0.031
banking77,77,43,A,10,2,51,0.1648,0.1848,0.1792,0.0289
banking77,77,43,A,11,3,143,0.1887,0.2407,0.2163,0.032
banking77,77,43,A,12,3,99,0.1445,0.1842,0.1727,0.0311
banking77,77,43,A,13,4,126,0.1637,0.2027,0.1866,0.0288
banking77,77,43,A,14,3,103,0.1662,0.2011,0.207,0.0258
banking77,77,43,A,15,6,161,0.1623,0.2049,0.2012,0.0325
banking77,77,43,A,16,4,150,0.1471,0.1844,0.1755,0.0237
banking77,77,43,A,17,4,153,0.152,0.1961,0.1743,0.0303
banking77,77,43,A,18,1,52,0.1412,0.1647,0.1648,0.0329
banking77,77,43,A,19,2,160,0.1776,0.2073,0.2166,0.0263
banking77,77,43,A,20,1,144,0.1837,0.2196,0.216,0.0279
banking77,77,43,A,21,2,110,0.1995,0.2373,0.2273,0.0329
banking77,77,43,A,22,3,80,0.1783,0.2206,0.204,0.0271
banking77,77,43,A,23,5,27,-0.0116,0.0296,0.0906,0.0253
banking77,77,43,A,24,3,116,0.157,0.1845,0.169,0.029
banking77,77,43,A,25,3,140,0.1697,0.2013,0.1958,0.0287
banking77,77,43,A,26,4,152,0.1376,0.1825,0.1639,0.0272
banking77,77,43,A,27,5,118,0.1232,0.1819,0.1621,0.0294
banking77,77,43,A,28,4,161,0.1367,0.1851,0.1627,0.0286
banking77,77,43,A,29,3,110,0.1523,0.1889,0.174,0.0251
banking77,77,43,A,30,4,114,0.136,0.1649,0.1556,0.0264
banking77,77,43,A,31,4,107,0.1648,0.1958,0.1913,0.0273
banking77,77,43,A,32,2,102,0.1661,0.1985,0.1925,0.0247
banking77,77,43,A,33,2,108,0.1642,0.2068,0.1947,0.0256
banking77,77,43,A,34,5,145,0.1421,0.1902,0.1701,0.0228
banking77,77,43,A,35,3,119,0.1818,0.2147,0.2005,0.0297
banking77,77,43,A,36,4,109,0.1348,0.175,0.1686,0.0298
banking77,77,43,A,37,2,85,0.1346,0.1641,0.1505,0.0245
banking77,77,43,A,38,5,91,0.1527,0.1843,0.1891,0.0306
banking77,77,43,A,39,3,117,0.1843,0.2142,0.2084,0.0261
banking77,77,43,A,40,5,84,-0.0534,0.0014,0.0671,0.0275
banking77,77,43,A,41,3,71,0.1764,0.2077,0.2093,0.0269
banking77,77,43,A,42,3,112,0.1528,0.1836,0.193,0.0274
banking77,77,43,A,43,5,108,0.0731,0.1211,0.1027,0.0321
banking77,77,43,A,44,6,94,0.1122,0.1373,0.1436,0.0273
banking77,77,43,A,45,5,148,0.1732,0.1961,0.1902,0.0259
banking77,77,43,A,46,2,130,0.15,0.1887,0.185,0.034
banking77,77,43,A,47,2,134,0.1484,0.1827,0.1752,0.0279
banking77,77,43,A,48,5,130,0.1223,0.1578,0.1512,0.0316
banking77,77,43,A,49,3,106,0.1822,0.2155,0.2015,0.0309
banking77,77,43,A,50,4,82,0.0917,0.1183,0.1016,0.0303
banking77,77,43,A,51,4,148,0.1376,0.1836,0.1686,0.0291
banking77,77,43,A,52,2,160,0.1935,0.2404,0.2099,0.0289
banking77,77,43,A,53,2,145,0.1835,0.2197,0.2093,0.0303
banking77,77,43,A,54,2,116,0.1441,0.1819,0.1754,0.0259
banking77,77,43,A,55,4,96,0.1288,0.1874,0.1759,0.0343
banking77,77,43,A,56,4,99,0.1167,0.1438,0.146,0.0276
banking77,77,43,A,57,5,97,0.1168,0.1526,0.1445,0.0253
banking77,77,43,A,58,3,108,0.1682,0.209,0.1818,0.0291
banking77,77,43,A,59,5,133,0.1247,0.1623,0.1598,0.0314
banking77,77,43,A,60,5,79,0.09,0.1147,0.1126,0.0309
banking77,77,43,A,61,4,137,0.1396,0.1707,0.1677,0.0321
banking77,77,43,A,62,2,94,0.1368,0.1737,0.1801,0.0333
banking77,77,43,A,63,3,162,0.1588,0.2087,0.196,0.0274
banking77,77,43,A,64,2,157,0.1767,0.2119,0.2136,0.025
banking77,77,43,A,65,4,99,0.1333,0.1657,0.1513,0.0249
banking77,77,43,A,66,4,158,0.1348,0.195,0.1844,0.0298
banking77,77,43,A,67,5,119,0.114,0.1513,0.1676,0.0279
banking77,77,43,A,68,2,86,0.1628,0.1954,0.1974,0.0299
banking77,77,43,A,69,4,92,0.1013,0.1299,0.1275,0.0278
banking77,77,43,A,70,4,105,0.1458,0.1928,0.1771,0.0264
banking77,77,43,A,71,2,115,0.1639,0.1972,0.1804,0.0334
banking77,77,43,A,72,3,35,0.0839,0.1228,0.098,0.0305
banking77,77,43,A,73,4,122,0.1412,0.1804,0.1722,0.0327
banking77,77,43,A,74,3,112,0.1614,0.2012,0.1996,0.026
banking77,77,43,A,75,4,165,0.1781,0.2243,0.207,0.0275
banking77,77,43,A,76,2,156,0.1663,0.1982,0.1932,0.0277
banking77,77,43,B,0,4,141,0.0949,0.1411,0.1234,0.0279
banking77,77,43,B,1,3,103,0.0943,0.134,0.1105,0.0292
banking77,77,43,B,2,4,112,0.1054,0.1653,0.128,0.0254
banking77,77,43,B,3,2,76,0.0795,0.1013,0.0967,0.0217
banking77,77,43,B,4,3,115,0.0912,0.1307,0.1134,0.0299
banking77,77,43,B,5,4,159,0.0782,0.1031,0.0933,0.0335
banking77,77,43,B,6,5,162,0.1018,0.1336,0.1251,0.0264
banking77,77,43,B,7,5,140,0.06,0.0945,0.083,0.029
banking77,77,43,B,8,6,136,0.0852,0.1094,0.1049,0.0267
banking77,77,43,B,9,3,111,0.101,0.1298,0.1242,0.026
banking77,77,43,B,10,2,51,0.0875,0.1057,0.1,0.0272
banking77,77,43,B,11,3,143,0.0963,0.1449,0.1166,0.0305
banking77,77,43,B,12,3,99,0.0757,0.0948,0.0977,0.0265
banking77,77,43,B,13,4,126,0.0877,0.1179,0.1114,0.0299
banking77,77,43,B,14,3,103,0.095,0.1171,0.1166,0.0317
banking77,77,43,B,15,6,161,0.0607,0.0906,0.0897,0.0307
banking77,77,43,B,16,4,150,0.0989,0.1376,0.1199,0.0325
banking77,77,43,B,17,4,153,0.0961,0.1403,0.1204,0.0284
banking77,77,43,B,18,1,52,0.0958,0.1262,0.1186,0.0292
banking77,77,43,B,19,2,160,0.0901,0.1314,0.1133,0.0255
banking77,77,43,B,20,1,144,0.0941,0.1191,0.1174,0.0293
banking77,77,43,B,21,2,110,0.1026,0.14,0.1168,0.0291
banking77,77,43,B,22,3,80,0.0829,0.1079,0.101,0.0258
banking77,77,43,B,23,5,27,0.0437,0.0701,0.0678,0.0252
banking77,77,43,B,24,3,116,0.1046,0.1273,0.1239,0.0296
banking77,77,43,B,25,3,140,0.1041,0.1307,0.1258,0.0301
banking77,77,43,B,26,4,152,0.0788,0.1186,0.0993,0.0267
banking77,77,43,B,27,5,118,0.0869,0.1264,0.111,0.0311
banking77,77,43,B,28,4,161,0.1096,0.1472,0.1255,0.0238
banking77,77,43,B,29,3,110,0.0625,0.0896,0.0869,0.0305
banking77,77,43,B,30,4,114,0.1143,0.1354,0.1348,0.0248
banking77,77,43,B,31,4,107,0.0782,0.1062,0.1063,0.03
banking77,77,43,B,32,2,102,0.1045,0.1371,0.1261,0.0286
banking77,77,43,B,33,2,108,0.0912,0.1301,0.118,0.0304
banking77,77,43,B,34,5,145,0.0604,0.0976,0.0843,0.0294
banking77,77,43,B,35,3,119,0.0772,0.1063,0.1022,0.0251
banking77,77,43,B,36,4,109,0.0742,0.1133,0.1035,0.0337
banking77,77,43,B,37,2,85,0.065,0.101,0.0876,0.0254
banking77,77,43,B,38,5,91,0.0728,0.0998,0.093,0.0302
banking77,77,43,B,39,3,117,0.103,0.128,0.12,0.0279
banking77,77,43,B,40,5,84,0.0593,0.0953,0.0846,0.0264
banking77,77,43,B,41,3,71,0.0901,0.1204,0.108,0.0254
banking77,77,43,B,42,3,112,0.0897,0.1084,0.1102,0.0279
banking77,77,43,B,43,5,108,0.0999,0.1322,0.1241,0.0282
banking77,77,43,B,44,6,94,0.071,0.0979,0.1005,0.0307
banking77,77,43,B,45,5,148,0.0856,0.1114,0.102,0.0306
banking77,77,43,B,46,2,130,0.0933,0.1197,0.118,0.0251
banking77,77,43,B,47,2,134,0.096,0.1238,0.1165,0.0312
banking77,77,43,B,48,5,130,0.078,0.1068,0.1019,0.0302
banking77,77,43,B,49,3,106,0.095,0.1258,0.108,0.0258
banking77,77,43,B,50,4,82,0.0674,0.0853,0.0802,0.0285
banking77,77,43,B,51,4,148,0.0774,0.1075,0.105,0.0284
banking77,77,43,B,52,2,160,0.095,0.1344,0.1043,0.0288
banking77,77,43,B,53,2,145,0.1024,0.1383,0.1321,0.0251
banking77,77,43,B,54,2,116,0.0922,0.1088,0.1118,0.0253
banking77,77,43,B,55,4,96,0.0883,0.1296,0.1239,0.0278
banking77,77,43,B,56,4,99,0.0836,0.1094,0.1036,0.0289
banking77,77,43,B,57,5,97,0.0842,0.1052,0.106,0.0316
banking77,77,43,B,58,3,108,0.1104,0.1439,0.1243,0.0245
banking77,77,43,B,59,5,133,0.0752,0.1096,0.1096,0.0222
banking77,77,43,B,60,5,79,0.0798,0.1028,0.0953,0.0266
banking77,77,43,B,61,4,137,0.0781,0.1102,0.1038,0.0259
banking77,77,43,B,62,2,94,0.1181,0.1538,0.1605,0.0287
banking77,77,43,B,63,3,162,0.1098,0.1523,0.1393,0.0287
banking77,77,43,B,64,2,157,0.0871,0.1159,0.1106,0.023
banking77,77,43,B,65,4,99,0.0613,0.087,0.08,0.0286
banking77,77,43,B,66,4,158,0.0936,0.1395,0.1216,0.0302
banking77,77,43,B,67,5,119,0.0906,0.1112,0.1228,0.0287
banking77,77,43,B,68,2,86,0.0821,0.1067,0.1038,0.0309
banking77,77,43,B,69,4,92,0.0747,0.0981,0.1002,0.0281
banking77,77,43,B,70,4,105,0.0806,0.112,0.1056,0.0333
banking77,77,43,B,71,2,115,0.0838,0.1187,0.1015,0.026
banking77,77,43,B,72,3,35,0.047,0.0762,0.0688,0.0253
banking77,77,43,B,73,4,122,0.107,0.1362,0.1243,0.0322
banking77,77,43,B,74,3,112,0.0724,0.1033,0.0947,0.0257
banking77,77,43,B,75,4,165,0.0901,0.1399,0.1229,0.0297
banking77,77,43,B,76,2,156,0.0967,0.1304,0.1285,0.0276
banking77,77,44,A,0,3,145,0.1342,0.1875,0.1649,0.0252
banking77,77,44,A,1,3,100,0.1304,0.1726,0.1446,0.0332
banking77,77,44,A,2,3,111,0.1725,0.2232,0.2079,0.0279
banking77,77,44,A,3,3,78,0.0855,0.108,0.1089,0.0335
banking77,77,44,A,4,3,117,0.1619,0.2084,0.1852,0.0314
banking77,77,44,A,5,5,152,0.1788,0.2121,0.2097,0.026
banking77,77,44,A,6,3,164,0.1455,0.1885,0.1754,0.0297
banking77,77,44,A,7,1,146,0.1842,0.2164,0.2023,0.0273
banking77,77,44,A,8,3,142,0.1597,0.1884,0.1832,0.0306
banking77,77,44,A,9,1,118,0.1509,0.2003,0.1688,0.0311
banking77,77,44,A,10,3,49,0.1699,0.1857,0.1856,0.0288
banking77,77,44,A,11,6,133,0.1076,0.1646,0.1531,0.0282
banking77,77,44,A,12,4,100,0.1456,0.1764,0.1764,0.0278
banking77,77,44,A,13,3,122,0.1852,0.2212,0.2051,0.03
banking77,77,44,A,14,5,100,0.0823,0.1245,0.1261,0.0281
banking77,77,44,A,15,4,172,0.1871,0.2218,0.2274,0.0234
banking77,77,44,A,16,4,152,0.1748,0.2084,0.2101,0.0359
banking77,77,44,A,17,5,153,0.1371,0.1799,0.1619,0.0289
banking77,77,44,A,18,4,52,0.1378,0.1624,0.1627,0.0277
banking77,77,44,A,19,4,159,0.1565,0.1875,0.1892,0.0284
banking77,77,44,A,20,5,143,0.1649,0.2015,0.1978,0.0336
banking77,77,44,A,21,5,106,0.1108,0.1545,0.1346,0.0308
banking77,77,44,A,22,2,78,0.1335,0.1802,0.1642,0.0274
banking77,77,44,A,23,1,29,0.1504,0.175,0.1674,0.0278
banking77,77,44,A,24,3,110,0.1659,0.1863,0.1896,0.0263
banking77,77,44,A,25,4,136,0.1655,0.2021,0.1901,0.0255
banking77,77,44,A,26,6,149,0.1434,0.1885,0.1743,0.0249
banking77,77,44,A,27,3,127,0.1655,0.2178,0.1946,0.0288
banking77,77,44,A,28,1,174,0.1644,0.209,0.192,0.0278
banking77,77,44,A,29,5,110,0.0969,0.1336,0.1148,0.0288
banking77,77,44,A,30,3,109,0.1386,0.1641,0.151,0.0279
banking77,77,44,A,31,3,113,0.1372,0.1697,0.1583,0.0264
banking77,77,44,A,32,6,95,-0.0683,0.0046,0.0992,0.0271
banking77,77,44,A,33,4,106,0.1519,0.1986,0.1685,0.0288
banking77,77,44,A,34,3,156,0.1441,0.1901,0.1719,0.0314
banking77,77,44,A,35,5,122,0.1523,0.1943,0.1918,0.0295
banking77,77,44,A,36,4,116,0.1415,0.182,0.1718,0.0293
banking77,77,44,A,37,3,86,0.1244,0.1535,0.1459,0.0279
banking77,77,44,A,38,4,95,0.1466,0.1816,0.1824,0.0236
banking77,77,44,A,39,5,115,0.1159,0.1463,0.1388,0.0306
banking77,77,44,A,40,4,84,0.1566,0.197,0.1943,0.0288
banking77,77,44,A,41,2,75,0.1465,0.1799,0.173,0.0274
banking77,77,44,A,42,3,103,0.1558,0.1925,0.1803,0.0289
banking77,77,44,A,43,5,106,0.0991,0.1427,0.1322,0.0253
banking77,77,44,A,44,4,95,0.1195,0.1501,0.1343,0.0274
banking77,77,44,A,45,4,144,0.1635,0.1918,0.186,0.0408
banking77,77,44,A,46,4,126,0.1393,0.1759,0.1714,0.0321
banking77,77,44,A,47,3,130,0.1417,0.172,0.1732,0.0296
banking77,77,44,A,48,4,132,0.1686,0.1961,0.2013,0.0281
banking77,77,44,A,49,5,102,0.1533,0.1934,0.1794,0.034
banking77,77,44,A,50,5,84,0.1117,0.1359,0.1249,0.0273
banking77,77,44,A,51,6,149,0.1744,0.2168,0.1957,0.0346
banking77,77,44,A,52,5,150,0.1641,0.209,0.1819,0.0297
banking77,77,44,A,53,3,144,0.187,0.2286,0.2186,0.0308
banking77,77,44,A,54,4,119,0.1472,0.1838,0.1738,0.0369
banking77,77,44,A,55,4,97,0.1482,0.2071,0.1858,0.0315
banking77,77,44,A,56,4,102,0.1514,0.1742,0.1669,0.0349
banking77,77,44,A,57,4,98,0.1256,0.1602,0.1413,0.0292
banking77,77,44,A,58,3,105,0.1556,0.197,0.1907,0.0294
banking77,77,44,A,59,3,129,0.1535,0.1847,0.1832,0.0289
banking77,77,44,A,60,2,88,0.1636,0.1891,0.1759,0.0291
banking77,77,44,A,61,6,132,0.1307,0.1601,0.1585,0.0312
banking77,77,44,A,62,3,90,0.1416,0.1763,0.1855,0.0258
banking77,77,44,A,63,6,160,0.1621,0.215,0.2138,0.028
banking77,77,44,A,64,3,156,0.1435,0.1833,0.1898,0.0286
banking77,77,44,A,65,3,100,0.1446,0.1853,0.1728,0.0286
banking77,77,44,A,66,2,160,0.1873,0.2254,0.221,0.0252
banking77,77,44,A,67,4,116,0.1662,0.1988,0.2158,0.0311
banking77,77,44,A,68,3,92,0.1512,0.1845,0.1821,0.0262
banking77,77,44,A,69,3,94,0.1776,0.2075,0.2051,0.0284
banking77,77,44,A,70,3,99,0.1599,0.2038,0.205,0.0334
banking77,77,44,A,71,5,112,0.1085,0.1451,0.1442,0.0268
banking77,77,44,A,72,2,38,0.0805,0.1191,0.1249,0.0281
banking77,77,44,A,73,2,125,0.1568,0.1947,0.186,0.0316
banking77,77,44,A,74,4,108,0.1659,0.2082,0.1903,0.0277
banking77,77,44,A,75,2,167,0.1697,0.2161,0.1974,0.0277
banking77,77,44,A,76,2,152,0.1549,0.1851,0.1789,0.0287
banking77,77,44,B,0,3,145,0.0979,0.1462,0.1255,0.0348
banking77,77,44,B,1,3,100,0.089,0.1267,0.0957,0.0306
banking77,77,44,B,2,3,111,0.1026,0.1623,0.1317,0.029
banking77,77,44,B,3,3,78,0.1129,0.1378,0.1316,0.0234
banking77,77,44,B,4,3,117,0.0766,0.1173,0.096,0.0273
banking77,77,44,B,5,5,152,0.075,0.0969,0.0901,0.0239
banking77,77,44,B,6,3,164,0.0876,0.1155,0.1069,0.0313
banking77,77,44,B,7,1,146,0.0864,0.1124,0.1112,0.03
banking77,77,44,B,8,3,142,0.0822,0.1071,0.1117,0.023
banking77,77,44,B,9,1,118,0.0967,0.1297,0.1063,0.0272
banking77,77,44,B,10,3,49,0.0805,0.0959,0.0956,0.0283
banking77,77,44,B,11,6,133,0.0973,0.139,0.1291,0.0326
banking77,77,44,B,12,4,100,0.0962,0.1197,0.1156,0.0282
banking77,77,44,B,13,3,122,0.0954,0.1303,0.1222,0.029
banking77,77,44,B,14,5,100,0.0539,0.0877,0.0837,0.0289
banking77,77,44,B,15,4,172,0.0969,0.1248,0.1305,0.0276
banking77,77,44,B,16,4,152,0.0831,0.1132,0.108,0.031
banking77,77,44,B,17,5,153,0.0687,0.1093,0.0986,0.0254
banking77,77,44,B,18,4,52,0.0812,0.1134,0.0998,0.0272
banking77,77,44,B,19,4,159,0.0882,0.1301,0.1123,0.0302
banking77,77,44,B,20,5,143,0.0777,0.0998,0.0981,0.0313
banking77,77,44,B,21,5,106,0.064,0.1062,0.0874,0.0257
banking77,77,44,B,22,2,78,0.0654,0.0938,0.0864,0.0313
banking77,77,44,B,23,1,29,0.0703,0.0936,0.0917,0.0289
banking77,77,44,B,24,3,110,0.1007,0.1274,0.1305,0.0312
banking77,77,44,B,25,4,136,0.088,0.1239,0.1098,0.0302
banking77,77,44,B,26,6,149,0.0777,0.1163,0.0984,0.0314
banking77,77,44,B,27,3,127,0.0874,0.1321,0.1114,0.0313
banking77,77,44,B,28,1,174,0.0809,0.1181,0.0913,0.0341
banking77,77,44,B,29,5,110,0.0787,0.1079,0.0916,0.0334
banking77,77,44,B,30,3,109,0.0777,0.0958,0.0942,0.0251
banking77,77,44,B,31,3,113,0.0848,0.1155,0.1107,0.0277
banking77,77,44,B,32,6,95,0.0601,0.0909,0.0784,0.0335
banking77,77,44,B,33,4,106,0.0861,0.1309,0.0983,0.026
banking77,77,44,B,34,3,156,0.0904,0.1291,0.1151,0.0322
banking77,77,44,B,35,5,122,0.0797,0.1085,0.1089,0.0292
banking77,77,44,B,36,4,116,0.0595,0.1019,0.0923,0.03
banking77,77,44,B,37,3,86,0.0885,0.1173,0.1033,0.0199
banking77,77,44,B,38,4,95,0.0831,0.1124,0.1088,0.0303
banking77,77,44,B,39,5,115,0.0787,0.1014,0.0894,0.0285
banking77,77,44,B,40,4,84,0.0855,0.1155,0.1193,0.0262
banking77,77,44,B,41,2,75,0.0721,0.101,0.0919,0.0262
banking77,77,44,B,42,3,103,0.1069,0.137,0.1276,0.0263
banking77,77,44,B,43,5,106,0.072,0.114,0.098,0.0309
banking77,77,44,B,44,4,95,0.0806,0.1064,0.0962,0.0321
banking77,77,44,B,45,4,144,0.0933,0.1187,0.1132,0.0277
banking77,77,44,B,46,4,126,0.0913,0.1224,0.1154,0.0237
banking77,77,44,B,47,3,130,0.1011,0.1302,0.1248,0.0356
banking77,77,44,B,48,4,132,0.1001,0.1315,0.1312,0.0258
banking77,77,44,B,49,5,102,0.0893,0.124,0.1185,0.029
banking77,77,44,B,50,5,84,0.0553,0.0771,0.0755,0.0314
banking77,77,44,B,51,6,149,0.074,0.1102,0.1024,0.0319
banking77,77,44,B,52,5,150,0.0886,0.1326,0.1126,0.0312
banking77,77,44,B,53,3,144,0.079,0.1203,0.1122,0.0283
banking77,77,44,B,54,4,119,0.0994,0.1201,0.1295,0.0272
banking77,77,44,B,55,4,97,0.0922,0.1365,0.12,0.0259
banking77,77,44,B,56,4,102,0.0904,0.1145,0.1073,0.0285
banking77,77,44,B,57,4,98,0.075,0.0961,0.087,0.0286
banking77,77,44,B,58,3,105,0.0904,0.1251,0.119,0.0257
banking77,77,44,B,59,3,129,0.1146,0.1404,0.1433,0.0257
banking77,77,44,B,60,2,88,0.0923,0.1133,0.1024,0.0311
banking77,77,44,B,61,6,132,0.0856,0.1116,0.1076,0.024
banking77,77,44,B,62,3,90,0.1232,0.1538,0.1577,0.0284
banking77,77,44,B,63,6,160,0.0924,0.1312,0.135,0.0292
banking77,77,44,B,64,3,156,0.0885,0.1161,0.1215,0.0301
banking77,77,44,B,65,3,100,0.0938,0.1218,0.1091,0.029
banking77,77,44,B,66,2,160,0.1056,0.1399,0.1325,0.0283
banking77,77,44,B,67,4,116,0.0942,0.1184,0.1282,0.0232
banking77,77,44,B,68,3,92,0.065,0.091,0.088,0.0298
banking77,77,44,B,69,3,94,0.1065,0.1305,0.1257,0.0248
banking77,77,44,B,70,3,99,0.0765,0.104,0.1027,0.0284
banking77,77,44,B,71,5,112,0.1013,0.1258,0.1265,0.0282
banking77,77,44,B,72,2,38,0.1119,0.1423,0.1492,0.0253
banking77,77,44,B,73,2,125,0.0923,0.1232,0.1124,0.0296
banking77,77,44,B,74,4,108,0.0962,0.1236,0.1153,0.0314
banking77,77,44,B,75,2,167,0.1091,0.1504,0.1361,0.0245
banking77,77,44,B,76,2,152,0.0656,0.1009,0.0881,0.0271
