match,N,alpha,maxtest,dataset,C,seed,mode,n,acc_mean,acc_min,acc_max,note
peers,20,0.04,10000,cifar10,10,42,current,1,0.9391,0.9391,0.9391,"agg adapter + agg head"
peers,20,0.04,10000,cifar10,10,42,local,17,0.2494,0.1000,0.3953,"own adapter + own head"
peers,20,0.04,10000,cifar10,10,42,B_personal,17,0.9071,0.8730,0.9444,"own adapter + agg head"
peers,20,0.04,10000,cifar10,10,42,A_headonly,1,0.9476,0.9476,0.9476,"r=0, head only, federated"
peers,20,0.04,10000,cifar10,10,42,sel_perclient,17,0.9071,0.8730,0.9444,"per-client vote (biased), 17/17 chose B"
peers,20,0.04,10000,cifar10,10,42,sel_federated,17,0.9071,0.8730,0.9444,"federation picked B (B=0.9831 A=0.9419)"
peers,20,0.04,10000,cifar10,10,42,sel_fed_balanced,17,0.9071,0.8730,0.9444,"federation picked B (B=0.9600 A=0.9288)"
peers,20,0.04,10000,cifar10,10,42,sel_globalprior,17,0.9476,0.9476,0.9476,"picked A (E_B=0.3929 E_A=0.9416; true B=0.9071 A=0.9476)"
peers,20,0.04,10000,cifar10,10,42,sel_gp_rarefill,17,0.9476,0.9476,0.9476,"picked A (E_B=0.5934 E_A=0.9416; true B=0.9071 A=0.9476)"
peers,20,0.04,10000,cifar10,10,43,current,1,0.9540,0.9540,0.9540,"agg adapter + agg head"
peers,20,0.04,10000,cifar10,10,43,local,18,0.2078,0.1000,0.4038,"own adapter + own head"
peers,20,0.04,10000,cifar10,10,43,B_personal,18,0.9221,0.8833,0.9469,"own adapter + agg head"
peers,20,0.04,10000,cifar10,10,43,A_headonly,1,0.9495,0.9495,0.9495,"r=0, head only, federated"
peers,20,0.04,10000,cifar10,10,43,sel_perclient,18,0.9221,0.8833,0.9469,"per-client vote (biased), 18/18 chose B"
peers,20,0.04,10000,cifar10,10,43,sel_federated,18,0.9221,0.8833,0.9469,"federation picked B (B=0.9921 A=0.9511)"
peers,20,0.04,10000,cifar10,10,43,sel_fed_balanced,18,0.9221,0.8833,0.9469,"federation picked B (B=0.9429 A=0.9053)"
peers,20,0.04,10000,cifar10,10,43,sel_globalprior,18,0.9495,0.9495,0.9495,"picked A (E_B=0.3232 E_A=0.9510; true B=0.9221 A=0.9495)"
peers,20,0.04,10000,cifar10,10,43,sel_gp_rarefill,18,0.9495,0.9495,0.9495,"picked A (E_B=0.5107 E_A=0.9510; true B=0.9221 A=0.9495)"
peers,20,0.04,10000,cifar10,10,44,current,1,0.9472,0.9472,0.9472,"agg adapter + agg head"
peers,20,0.04,10000,cifar10,10,44,local,19,0.1790,0.1000,0.4194,"own adapter + own head"
peers,20,0.04,10000,cifar10,10,44,B_personal,19,0.9089,0.8074,0.9467,"own adapter + agg head"
peers,20,0.04,10000,cifar10,10,44,A_headonly,1,0.9518,0.9518,0.9518,"r=0, head only, federated"
peers,20,0.04,10000,cifar10,10,44,sel_perclient,19,0.9089,0.8074,0.9467,"per-client vote (biased), 19/19 chose B"
peers,20,0.04,10000,cifar10,10,44,sel_federated,19,0.9089,0.8074,0.9467,"federation picked B (B=0.9910 A=0.9559)"
peers,20,0.04,10000,cifar10,10,44,sel_fed_balanced,19,0.9089,0.8074,0.9467,"federation picked B (B=0.9390 A=0.9331)"
peers,20,0.04,10000,cifar10,10,44,sel_globalprior,19,0.9518,0.9518,0.9518,"picked A (E_B=0.3306 E_A=0.9571; true B=0.9089 A=0.9518)"
peers,20,0.04,10000,cifar10,10,44,sel_gp_rarefill,19,0.9518,0.9518,0.9518,"picked A (E_B=0.6995 E_A=0.9571; true B=0.9089 A=0.9518)"
peers,20,0.16,10000,cifar10,10,42,current,1,0.9562,0.9562,0.9562,"agg adapter + agg head"
peers,20,0.16,10000,cifar10,10,42,local,20,0.3538,0.1984,0.5703,"own adapter + own head"
peers,20,0.16,10000,cifar10,10,42,B_personal,20,0.9339,0.8808,0.9528,"own adapter + agg head"
peers,20,0.16,10000,cifar10,10,42,A_headonly,1,0.9539,0.9539,0.9539,"r=0, head only, federated"
peers,20,0.16,10000,cifar10,10,42,sel_perclient,20,0.9345,0.8808,0.9539,"per-client vote (biased), 19/20 chose B"
peers,20,0.16,10000,cifar10,10,42,sel_federated,20,0.9339,0.8808,0.9528,"federation picked B (B=0.9760 A=0.9491)"
peers,20,0.16,10000,cifar10,10,42,sel_fed_balanced,20,0.9539,0.9539,0.9539,"federation picked A (B=0.9464 A=0.9655)"
peers,20,0.16,10000,cifar10,10,42,sel_globalprior,20,0.9539,0.9539,0.9539,"picked A (E_B=0.6489 E_A=0.9512; true B=0.9339 A=0.9539)"
peers,20,0.16,10000,cifar10,10,42,sel_gp_rarefill,20,0.9539,0.9539,0.9539,"picked A (E_B=0.9401 E_A=0.9512; true B=0.9339 A=0.9539)"
peers,20,0.16,10000,cifar10,10,43,current,1,0.9649,0.9649,0.9649,"agg adapter + agg head"
peers,20,0.16,10000,cifar10,10,43,local,20,0.4048,0.2089,0.5878,"own adapter + own head"
peers,20,0.16,10000,cifar10,10,43,B_personal,20,0.9442,0.9215,0.9610,"own adapter + agg head"
peers,20,0.16,10000,cifar10,10,43,A_headonly,1,0.9527,0.9527,0.9527,"r=0, head only, federated"
peers,20,0.16,10000,cifar10,10,43,sel_perclient,20,0.9442,0.9215,0.9610,"per-client vote (biased), 19/20 chose B"
peers,20,0.16,10000,cifar10,10,43,sel_federated,20,0.9442,0.9215,0.9610,"federation picked B (B=0.9880 A=0.9579)"
peers,20,0.16,10000,cifar10,10,43,sel_fed_balanced,20,0.9527,0.9527,0.9527,"federation picked A (B=0.9471 A=0.9509)"
peers,20,0.16,10000,cifar10,10,43,sel_globalprior,20,0.9527,0.9527,0.9527,"picked A (E_B=0.6165 E_A=0.9585; true B=0.9442 A=0.9527)"
peers,20,0.16,10000,cifar10,10,43,sel_gp_rarefill,20,0.9527,0.9527,0.9527,"picked A (E_B=0.8386 E_A=0.9585; true B=0.9442 A=0.9527)"
peers,20,0.16,10000,cifar10,10,44,current,1,0.9604,0.9604,0.9604,"agg adapter + agg head"
peers,20,0.16,10000,cifar10,10,44,local,20,0.4337,0.2293,0.6339,"own adapter + own head"
peers,20,0.16,10000,cifar10,10,44,B_personal,20,0.9424,0.9065,0.9588,"own adapter + agg head"
peers,20,0.16,10000,cifar10,10,44,A_headonly,1,0.9529,0.9529,0.9529,"r=0, head only, federated"
peers,20,0.16,10000,cifar10,10,44,sel_perclient,20,0.9440,0.9065,0.9588,"per-client vote (biased), 18/20 chose B"
peers,20,0.16,10000,cifar10,10,44,sel_federated,20,0.9424,0.9065,0.9588,"federation picked B (B=0.9811 A=0.9512)"
peers,20,0.16,10000,cifar10,10,44,sel_fed_balanced,20,0.9424,0.9065,0.9588,"federation picked B (B=0.9667 A=0.9553)"
peers,20,0.16,10000,cifar10,10,44,sel_globalprior,20,0.9529,0.9529,0.9529,"picked A (E_B=0.6857 E_A=0.9506; true B=0.9424 A=0.9529)"
peers,20,0.16,10000,cifar10,10,44,sel_gp_rarefill,20,0.9529,0.9529,0.9529,"picked A (E_B=0.8948 E_A=0.9506; true B=0.9424 A=0.9529)"
peers,5,0.1,10000,cifar10,10,42,current,1,0.9574,0.9574,0.9574,"agg adapter + agg head"
peers,5,0.1,10000,cifar10,10,42,local,5,0.3638,0.2084,0.4927,"own adapter + own head"
peers,5,0.1,10000,cifar10,10,42,B_personal,5,0.9301,0.9021,0.9480,"own adapter + agg head"
peers,5,0.1,10000,cifar10,10,42,A_headonly,1,0.9426,0.9426,0.9426,"r=0, head only, federated"
peers,5,0.1,10000,cifar10,10,42,sel_perclient,5,0.9301,0.9021,0.9480,"per-client vote (biased), 5/5 chose B"
peers,5,0.1,10000,cifar10,10,42,sel_federated,5,0.9301,0.9021,0.9480,"federation picked B (B=0.9800 A=0.9339)"
peers,5,0.1,10000,cifar10,10,42,sel_fed_balanced,5,0.9301,0.9021,0.9480,"federation picked B (B=0.8816 A=0.8757)"
peers,5,0.1,10000,cifar10,10,42,sel_globalprior,5,0.9426,0.9426,0.9426,"picked A (E_B=0.6229 E_A=0.9358; true B=0.9301 A=0.9426)"
peers,5,0.1,10000,cifar10,10,42,sel_gp_rarefill,5,0.9426,0.9426,0.9426,"picked A (E_B=0.7233 E_A=0.9358; true B=0.9301 A=0.9426)"
peers,5,0.1,10000,cifar10,10,43,current,1,0.9636,0.9636,0.9636,"agg adapter + agg head"
peers,5,0.1,10000,cifar10,10,43,local,5,0.3358,0.1971,0.5937,"own adapter + own head"
peers,5,0.1,10000,cifar10,10,43,B_personal,5,0.9316,0.9042,0.9559,"own adapter + agg head"
peers,5,0.1,10000,cifar10,10,43,A_headonly,1,0.9519,0.9519,0.9519,"r=0, head only, federated"
peers,5,0.1,10000,cifar10,10,43,sel_perclient,5,0.9316,0.9042,0.9559,"per-client vote (biased), 5/5 chose B"
peers,5,0.1,10000,cifar10,10,43,sel_federated,5,0.9316,0.9042,0.9559,"federation picked B (B=0.9800 A=0.9600)"
peers,5,0.1,10000,cifar10,10,43,sel_fed_balanced,5,0.9519,0.9519,0.9519,"federation picked A (B=0.9548 A=0.9792)"
peers,5,0.1,10000,cifar10,10,43,sel_globalprior,5,0.9519,0.9519,0.9519,"picked A (E_B=0.6061 E_A=0.9610; true B=0.9316 A=0.9519)"
peers,5,0.1,10000,cifar10,10,43,sel_gp_rarefill,5,0.9519,0.9519,0.9519,"picked A (E_B=0.8214 E_A=0.9610; true B=0.9316 A=0.9519)"
peers,5,0.1,10000,cifar10,10,44,current,1,0.9672,0.9672,0.9672,"agg adapter + agg head"
peers,5,0.1,10000,cifar10,10,44,local,5,0.4517,0.2147,0.5899,"own adapter + own head"
peers,5,0.1,10000,cifar10,10,44,B_personal,5,0.9429,0.9177,0.9595,"own adapter + agg head"
peers,5,0.1,10000,cifar10,10,44,A_headonly,1,0.9534,0.9534,0.9534,"r=0, head only, federated"
peers,5,0.1,10000,cifar10,10,44,sel_perclient,5,0.9429,0.9177,0.9595,"per-client vote (biased), 5/5 chose B"
peers,5,0.1,10000,cifar10,10,44,sel_federated,5,0.9429,0.9177,0.9595,"federation picked B (B=0.9810 A=0.9480)"
peers,5,0.1,10000,cifar10,10,44,sel_fed_balanced,5,0.9429,0.9177,0.9595,"federation picked B (B=0.9699 A=0.9594)"
peers,5,0.1,10000,cifar10,10,44,sel_globalprior,5,0.9534,0.9534,0.9534,"picked A (E_B=0.7800 E_A=0.9481; true B=0.9429 A=0.9534)"
peers,5,0.1,10000,cifar10,10,44,sel_gp_rarefill,5,0.9534,0.9534,0.9534,"picked A (E_B=0.8621 E_A=0.9481; true B=0.9429 A=0.9534)"
peers,5,0.3,10000,cifar10,10,42,current,1,0.9671,0.9671,0.9671,"agg adapter + agg head"
peers,5,0.3,10000,cifar10,10,42,local,5,0.5972,0.4671,0.7108,"own adapter + own head"
peers,5,0.3,10000,cifar10,10,42,B_personal,5,0.9547,0.9407,0.9625,"own adapter + agg head"
peers,5,0.3,10000,cifar10,10,42,A_headonly,1,0.9492,0.9492,0.9492,"r=0, head only, federated"
peers,5,0.3,10000,cifar10,10,42,sel_perclient,5,0.9547,0.9407,0.9625,"per-client vote (biased), 5/5 chose B"
peers,5,0.3,10000,cifar10,10,42,sel_federated,5,0.9547,0.9407,0.9625,"federation picked B (B=0.9800 A=0.9540)"
peers,5,0.3,10000,cifar10,10,42,sel_fed_balanced,5,0.9492,0.9492,0.9492,"federation picked A (B=0.9491 A=0.9587)"
peers,5,0.3,10000,cifar10,10,42,sel_globalprior,5,0.9492,0.9492,0.9492,"picked A (E_B=0.8670 E_A=0.9553; true B=0.9547 A=0.9492)"
peers,5,0.3,10000,cifar10,10,42,sel_gp_rarefill,5,0.9492,0.9492,0.9492,"picked A (E_B=0.9212 E_A=0.9553; true B=0.9547 A=0.9492)"
peers,5,0.3,10000,cifar10,10,43,current,1,0.9670,0.9670,0.9670,"agg adapter + agg head"
peers,5,0.3,10000,cifar10,10,43,local,5,0.5164,0.4491,0.5742,"own adapter + own head"
peers,5,0.3,10000,cifar10,10,43,B_personal,5,0.9471,0.9252,0.9602,"own adapter + agg head"
peers,5,0.3,10000,cifar10,10,43,A_headonly,1,0.9512,0.9512,0.9512,"r=0, head only, federated"
peers,5,0.3,10000,cifar10,10,43,sel_perclient,5,0.9471,0.9252,0.9602,"per-client vote (biased), 5/5 chose B"
peers,5,0.3,10000,cifar10,10,43,sel_federated,5,0.9471,0.9252,0.9602,"federation picked B (B=0.9800 A=0.9540)"
peers,5,0.3,10000,cifar10,10,43,sel_fed_balanced,5,0.9512,0.9512,0.9512,"federation picked A (B=0.9556 A=0.9778)"
peers,5,0.3,10000,cifar10,10,43,sel_globalprior,5,0.9512,0.9512,0.9512,"picked A (E_B=0.8784 E_A=0.9551; true B=0.9471 A=0.9512)"
peers,5,0.3,10000,cifar10,10,43,sel_gp_rarefill,5,0.9512,0.9512,0.9512,"picked A (E_B=0.9045 E_A=0.9551; true B=0.9471 A=0.9512)"
peers,5,0.3,10000,cifar10,10,44,current,1,0.9646,0.9646,0.9646,"agg adapter + agg head"
peers,5,0.3,10000,cifar10,10,44,local,5,0.5973,0.4804,0.6757,"own adapter + own head"
peers,5,0.3,10000,cifar10,10,44,B_personal,5,0.9510,0.9283,0.9681,"own adapter + agg head"
peers,5,0.3,10000,cifar10,10,44,A_headonly,1,0.9545,0.9545,0.9545,"r=0, head only, federated"
peers,5,0.3,10000,cifar10,10,44,sel_perclient,5,0.9510,0.9283,0.9681,"per-client vote (biased), 5/5 chose B"
peers,5,0.3,10000,cifar10,10,44,sel_federated,5,0.9510,0.9283,0.9681,"federation picked B (B=0.9760 A=0.9600)"
peers,5,0.3,10000,cifar10,10,44,sel_fed_balanced,5,0.9510,0.9283,0.9681,"federation picked B (B=0.9590 A=0.9524)"
peers,5,0.3,10000,cifar10,10,44,sel_globalprior,5,0.9545,0.9545,0.9545,"picked A (E_B=0.8735 E_A=0.9605; true B=0.9510 A=0.9545)"
peers,5,0.3,10000,cifar10,10,44,sel_gp_rarefill,5,0.9545,0.9545,0.9545,"picked A (E_B=0.9318 E_A=0.9605; true B=0.9510 A=0.9545)"
