backbone,dataset,N,alpha,seed,K,tau,method,phase0_kind,probe_size_actual,sigma,agg_method,agg_depth,acc,mean_teacher,best_teacher,oracle,theta0_acc,m3_mean_gap,m3_clients_helped,m3_clients_evaluated,m3_gap,m3_student_acc_on_Di,m3_teacher_acc_on_Di,m4_mean,m4_clients_evaluated,m4_ood_acc,wall_clock_sec,phase_teacher_sec,phase_phase0_sec,phase_distill_sec,phase_aggregate_sec,phase_eval_sec,job_id,node,status,error
lenet_fmnist,FashionMNIST,10,0.05,42,20,4.0,no_phase0,none,0,0.0,sign_majority,deep,0.1,0.29673,0.4731,0.8874,0.1,-0.9420274371057973,0,10,"[-0.9712793733681462, -0.9948712231017951, -0.9246399377189567, -0.9982638888888888, -0.9623955431754875, -0.7573405945087361, -0.9625479209672663, -0.9161616161616161, -0.9380165289256198, -0.9947577442414615]","[0.0, 0.0, 0.06640716231996886, 0.0, 0.0, 0.22654867256637168, 0.029489826010026542, 0.04141414141414142, 0.024793388429752067, 0.00015885623510722796]","[0.9712793733681462, 0.9948712231017951, 0.9910471000389256, 0.9982638888888888, 0.9623955431754875, 0.9838892670751078, 0.9920377469772929, 0.9575757575757575, 0.9628099173553719, 0.9949166004765687]",0.06345238095238095,10,"[0.125, 0.16666666666666666, 0.0, 0.2, 0.14285714285714285, 0.0, 0.0, 0.0, 0.0, 0.0]",27.071451663970947,25.728875875473022,0.021547555923461914,0.6404514312744141,0.0010683536529541016,0.40366673469543457,1120477,ai07,success,
lenet_fmnist,FashionMNIST,10,0.05,43,20,4.0,no_phase0,none,0,0.0,poly_gate_d2_a,depth-2,0.0482,0.25220000000000004,0.3631,0.8803,0.0368,-0.9023347468263422,0,10,"[-1.0, -0.9869413813116656, -0.9994252873563219, -0.951813995282489, -0.7845659163987138, -0.7247340425531915, -0.9925760950259837, -0.9464326592903471, -0.9256988277727684, -0.7111592632719393]","[0.0, 0.010591990713871156, 0.0, 0.000336965067954622, 0.15112540192926044, 0.2641843971631206, 0.0001855976243504083, 0.013353681800839375, 0.05446348061316501, 0.2216684723726977]","[1.0, 0.9975333720255368, 0.9994252873563219, 0.9521509603504437, 0.9356913183279743, 0.9889184397163121, 0.9927616926503341, 0.9597863410911865, 0.9801623083859333, 0.9328277356446371]",0.029538888888888892,10,"[0.05355555555555556, 0.037142857142857144, 0.06885714285714285, 0.08033333333333334, 0.0, 0.0, 0.0555, 0.0, 0.0, 0.0]",28.799749851226807,27.37069582939148,0.024921894073486328,0.7440769672393799,0.001161336898803711,0.44464778900146484,1120477,ai07,success,
lenet_fmnist,FashionMNIST,10,0.05,42,20,4.0,raw_union_K20,raw_union,674,0.0,weight_avg,depth-1,0.6454,0.29632000000000003,0.4702,0.8886,0.6234,-0.45361731488319207,0,10,"[-0.9033942558746736, -0.2762849816033003, -0.14262358894511484, -0.2822420634920635, -0.1406685236768802, -0.3254368050828228, -0.8504865821291655, -0.7717171717171717, -0.23140495867768596, -0.6119142176330421]","[0.06788511749347259, 0.7189207269483777, 0.8506811989100818, 0.7160218253968254, 0.8217270194986073, 0.6485137281597458, 0.14037157180772633, 0.18585858585858586, 0.731404958677686, 0.3836378077839555]","[0.9712793733681462, 0.995205708551678, 0.9933047878551966, 0.9982638888888888, 0.9623955431754875, 0.9739505332425686, 0.9908581539368918, 0.9575757575757575, 0.9628099173553719, 0.9955520254169976]",0.6458247619047619,10,"[0.68675, 0.6403333333333333, 0.49, 0.7236, 0.6345714285714286, 0.61225, 0.666, 0.6876, 0.5521428571428572, 0.765]",33.69804859161377,31.8741774559021,0.2124955654144287,0.8468301296234131,0.002171754837036133,0.5184159278869629,1120477,ai07,success,
lenet_fmnist,FashionMNIST,10,0.05,43,20,4.0,raw_union_K20,raw_union,648,0.0,coord_median,deep,0.4571,0.25305999999999995,0.3624,0.8912,0.4401,-0.43201125132279294,0,10,"[-0.2857142857142857, -0.5269878119558908, -0.16206896551724137, -0.7355947433449399, -0.03536977491961413, -0.9377216312056738, -0.9653860430586488, -0.21136970621900042, -0.18232642019837697, -0.27757313109425785]","[0.7142857142857143, 0.4706906558328497, 0.8373563218390805, 0.21341120970459396, 0.9003215434083601, 0.0511968085106383, 0.02412769116555308, 0.7479587943533003, 0.7987376014427412, 0.6500541711809318]","[1.0, 0.9976784677887406, 0.9994252873563219, 0.9490059530495338, 0.9356913183279743, 0.9889184397163121, 0.989513734224202, 0.9593285005723007, 0.9810640216411182, 0.9276273022751896]",0.4503095238095239,10,"[0.43533333333333335, 0.32785714285714285, 0.45685714285714285, 0.4805, 0.5358, 0.4027142857142857, 0.7015, 0.279, 0.3912, 0.49233333333333335]",33.21482467651367,31.211370706558228,0.23377442359924316,0.9634060859680176,0.0012674331665039062,0.5402648448944092,1120477,ai07,success,
lenet_fmnist,FashionMNIST,10,0.1,42,20,4.0,no_phase0,none,0,0.0,coord_median,deep,0.1,0.34589,0.6305,0.8855,0.1,-0.6811560203073987,0,10,"[-0.016534867002156672, -0.9881982114059522, -0.9603122251539138, -0.6933895921237694, -0.996031746031746, -0.916008316008316, -0.2539464653397392, -0.9493499152063313, -0.7750573833205815, -0.2627314814814815]","[0.9647735442127966, 0.0, 0.00010993843447669306, 0.20815752461322082, 0.0007936507936507937, 0.0, 0.7336993822923816, 0.005879027699265122, 0.21346595256312165, 0.6763117283950617]","[0.9813084112149533, 0.9881982114059522, 0.9604221635883905, 0.9015471167369902, 0.9968253968253968, 0.916008316008316, 0.9876458476321208, 0.9552289429055963, 0.9885233358837031, 0.9390432098765432]",0.09259259259259259,9,"[0.0, 0.5, 0.0, 0.0, 0.0, 0.3333333333333333, 0.0, 0.0, 0.0, null]",32.989874601364136,31.65750527381897,0.02334761619567871,0.6669783592224121,0.0011029243469238281,0.38373827934265137,1120477,ai07,success,
lenet_fmnist,FashionMNIST,10,0.1,44,20,4.0,no_phase0,none,0,0.0,sign_majority,deep,0.1,0.35588000000000003,0.612,0.8726,0.0897,-0.7651042630091606,0,10,"[-0.9683032939714108, -0.9126547455295736, -0.7404832836809003, -0.9966101694915255, -0.7808665164037065, -0.5195344970906068, -0.7453342782896292, -0.9660194174757282, -0.26717557251908397, -0.7540608556394418]","[0.002486016159105034, 0.03156808803301238, 0.18746551914377138, 0.0, 0.17405459554219885, 0.0, 0.22041105598866054, 0.0, 0.3460559796437659, 0.15682910089224433]","[0.9707893101305158, 0.944222833562586, 0.9279488028246717, 0.9966101694915255, 0.9549211119459053, 0.5195344970906068, 0.9657453342782897, 0.9660194174757282, 0.6132315521628499, 0.9108899565316861]",0.06999999999999999,10,"[0.0, 0.0, 0.0, 0.16666666666666666, 0.0, 0.2, 0.0, 0.3333333333333333, 0.0, 0.0]",34.204110622406006,32.93618440628052,0.021756410598754883,0.6205768585205078,0.0011970996856689453,0.40840816497802734,1120477,ai07,success,
lenet_fmnist,FashionMNIST,10,0.1,42,20,4.0,raw_union_K20,raw_union,940,0.0,norm_normalized,deep,0.702,0.34666,0.6225,0.8835,0.6318,-0.2016161027989015,0,10,"[-0.07907979870596693, -0.15943410057176366, -0.6480870712401057, -0.049226441631504914, -0.18333333333333335, -0.2321354321354322, -0.12422786547700759, -0.13487846240814017, -0.14881407804131597, -0.2569444444444444]","[0.9022286125089863, 0.8245125348189415, 0.3143139841688654, 0.8523206751054853, 0.8134920634920635, 0.6927828927828927, 0.8613589567604667, 0.8167326172979085, 0.8400918133129304, 0.683641975308642]","[0.9813084112149533, 0.9839466353907051, 0.962401055408971, 0.9015471167369902, 0.9968253968253968, 0.9249183249183249, 0.9855868222374743, 0.9516110797060486, 0.9889058913542463, 0.9405864197530864]",0.6047629629629631,9,"[0.66325, 0.4895, 0.8175, 0.7915, 0.7198, 0.5956666666666667, 0.73125, 0.085, 0.5494, null]",30.02691149711609,28.368876934051514,0.16440343856811523,0.8544437885284424,0.0016620159149169922,0.41283583641052246,1120477,ai07,success,
lenet_fmnist,FashionMNIST,10,0.1,44,20,4.0,raw_union_K20,raw_union,1019,0.0,weight_avg,depth-1,0.6675,0.35974000000000006,0.5984,0.8845,0.6479,-0.20913144442793516,1,10,"[-0.1423244251087632, -0.1825997248968363, -0.1034977380558314, -0.8529884032114184, -0.14750813924367645, 0.2862288722637849, -0.11504842901015822, -0.33907766990291266, -0.040712468193384255, -0.4537863189201556]","[0.8234928527035426, 0.7588720770288858, 0.8250027584684982, 0.14362176628010706, 0.8027798647633358, 0.8057633693543917, 0.8523505787857312, 0.6269417475728155, 0.5725190839694656, 0.45790436970944864]","[0.9658172778123058, 0.9414718019257221, 0.9285004965243296, 0.9966101694915255, 0.9502880040070123, 0.5195344970906068, 0.9673990077958894, 0.9660194174757282, 0.6132315521628499, 0.9116906886296042]",0.6873666666666667,10,"[0.5943333333333334, 0.7815, 0.7024, 0.6948333333333333, 0.46425, 0.5136, 0.5833333333333334, 0.8156666666666667, 0.84975, 0.874]",34.18946194648743,32.34812068939209,0.2839055061340332,0.8620710372924805,0.002211332321166992,0.4753694534301758,1120477,ai07,success,
lenet_fmnist,FashionMNIST,10,0.3,43,20,4.0,no_phase0,none,0,0.0,weight_avg,depth-1,0.2139,0.51359,0.6617,0.8851,0.0368,-0.7119158379953716,0,10,"[-0.8332605848974247, -0.6523707410054801, -0.8659738875566214, -0.36142249710088903, -0.9068553141317163, -0.9239461103867884, -0.30328947368421055, -0.8568097014925373, -0.7358295407529997, -0.6794005289450485]","[0.12178088171104322, 0.2885394329282821, 0.11057820410338395, 0.438345574023966, 0.061647296614451744, 0.025380269448066057, 0.6651315789473684, 0.0020988805970149254, 0.16259826230864707, 0.26432559506317954]","[0.9550414666084679, 0.9409101739337622, 0.9765520916600053, 0.799768071124855, 0.9685026107461681, 0.9493263798348545, 0.968421052631579, 0.8589085820895522, 0.8984278030616467, 0.9437261240082281]",0.3913333333333333,5,"[0.972, null, 0.0016666666666666668, null, 0.983, null, 0.0, 0.0, null, null]",32.81035494804382,31.31298589706421,0.025004148483276367,0.8494300842285156,0.0020737648010253906,0.4041757583618164,1120477,ai07,success,
lenet_fmnist,FashionMNIST,10,0.3,44,20,4.0,no_phase0,none,0,0.0,coord_median,deep,0.1925,0.5666199999999999,0.7485,0.8838,0.0897,-0.7488746966101884,0,10,"[-0.837467018469657, -0.691017454235845, -0.7422501207146306, -0.8218527315914489, -0.6932199832073888, -0.9389048991354467, -0.5265558813945911, -0.7799752781211372, -0.7962475312705727, -0.661256067961165]","[0.08390501319261214, 0.22758620689655173, 0.18184451955577016, 0.06413301662707839, 0.24853064651553317, 0.02420749279538905, 0.317367220593027, 0.18562010712814173, 0.10352205398288347, 0.20600728155339806]","[0.9213720316622691, 0.9186036611323968, 0.9240946402704008, 0.8859857482185273, 0.9417506297229219, 0.9631123919308358, 0.8439231019876181, 0.9655953852492789, 0.8997695852534562, 0.8672633495145631]",0.46725,4,"[null, null, 0.113, 0.0, null, 0.878, 0.878, null, null, null]",33.6793646812439,32.25235390663147,0.025812625885009766,0.804560661315918,0.0011835098266601562,0.35511088371276855,1120477,ai07,success,
lenet_fmnist,FashionMNIST,10,0.3,42,20,4.0,raw_union_K20,raw_union,1649,0.0,poly_gate_d2_a,depth-2,0.7543,0.59955,0.78,0.8784,0.7523,-0.14757798465689545,0,10,"[-0.06247170665459478, -0.19570522205954122, -0.06512141280353201, -0.22931937172774874, -0.2906515139721336, -0.14110644257703087, -0.15721649484536082, -0.09265387160820648, -0.06986820725762777, -0.17166560306317802]","[0.9004074241738343, 0.7735480722303563, 0.9017660044150111, 0.6972658522396742, 0.610025686930801, 0.7836134453781513, 0.740979381443299, 0.8177807191705272, 0.847445387254017, 0.8016592214422463]","[0.9628791308284291, 0.9692532942898975, 0.9668874172185431, 0.9265852239674229, 0.9006772009029346, 0.9247198879551821, 0.8981958762886598, 0.9104345907787337, 0.9173135945116447, 0.9733248245054243]",0.6180833333333333,4,"[null, 0.77, null, 0.6843333333333333, null, 0.129, 0.889, null, null, null]",31.76598310470581,30.1076557636261,0.34178733825683594,0.7007081508636475,0.0011723041534423828,0.38169097900390625,1120477,ai07,success,
lenet_fmnist,FashionMNIST,10,0.3,44,20,4.0,raw_union_K20,raw_union,1562,0.0,norm_normalized,deep,0.7668,0.5566800000000001,0.7391,0.8714,0.7351,-0.13452829458980867,0,10,"[-0.07361477572559372, -0.11204767986377184, -0.12409464027040085, -0.052256532066508266, -0.16152392947103278, -0.07752161383285305, -0.21407624633431088, -0.14318088174701282, -0.14318630678077693, -0.24378033980582525]","[0.833509234828496, 0.8007662835249042, 0.7907291163689039, 0.833729216152019, 0.7758186397984886, 0.8832853025936599, 0.613880742913001, 0.8197362999587968, 0.749670836076366, 0.6397148058252428]","[0.9071240105540898, 0.912813963388676, 0.9148237566393047, 0.8859857482185273, 0.9373425692695214, 0.960806916426513, 0.8279569892473119, 0.9629171817058096, 0.8928571428571429, 0.883495145631068]",0.87675,4,"[null, null, 0.933, 0.774, null, 0.9, 0.9, null, null, null]",33.7457799911499,32.17943286895752,0.29560041427612305,0.6767787933349609,0.0011019706726074219,0.35312485694885254,1120477,ai07,success,
lenet_fmnist,FashionMNIST,10,1.0,43,20,4.0,no_phase0,none,0,0.0,norm_normalized,deep,0.1642,0.75632,0.8043,0.8868,0.0368,-0.7316093941373971,0,10,"[-0.8281938325991189, -0.6869097777132065, -0.7766531713900134, -0.7670845127375656, -0.8122167062378588, -0.6635777598710717, -0.7706284737067123, -0.7766874814154029, -0.5126532741977563, -0.7214889515052647]","[0.10333543108873505, 0.19075984309167515, 0.12297570850202429, 0.12555600485240598, 0.13932657025685302, 0.20870265914585012, 0.05451047456177854, 0.1424323520666072, 0.36264022958518133, 0.13881061841910128]","[0.931529263687854, 0.8776696208048816, 0.8996288798920378, 0.8926405175899716, 0.9515432764947118, 0.8722804190169219, 0.8251389482684908, 0.9191198334820101, 0.8752935037829377, 0.860299569924366]",,0,"[null, null, null, null, null, null, null, null, null, null]",28.62600326538086,27.388500928878784,0.025543928146362305,0.6680727005004883,0.0011785030364990234,0.3310546875,1120477,ai07,success,
lenet_fmnist,FashionMNIST,10,1.0,43,20,4.0,raw_union_K20,raw_union,1952,0.0,sign_majority,deep,0.7835,0.75776,0.8332,0.8739,0.7584,-0.10045943126183263,0,10,"[-0.0941472624292008, -0.0870260061019904, -0.13815789473684215, -0.0958350181965224, -0.06863803151305847, -0.03182917002417407, -0.12825994014536124, -0.06333630686886704, -0.1136185755283069, -0.18374610707400274]","[0.8307111390811831, 0.8144704344036031, 0.7503373819163293, 0.7974120501415285, 0.8813943449169005, 0.8404512489927478, 0.6992304403591278, 0.8537020517395183, 0.7744586485781372, 0.675811953136586]","[0.9248584015103839, 0.9014964405055935, 0.8884952766531714, 0.8932470683380509, 0.950032376429959, 0.8722804190169219, 0.8274903805044891, 0.9170383586083853, 0.8880772241064441, 0.8595580602105888]",,0,"[null, null, null, null, null, null, null, null, null, null]",30.10212254524231,28.520398378372192,0.30818700790405273,0.6758549213409424,0.001110076904296875,0.3322408199310303,1120477,ai07,success,
lenet_fmnist,FashionMNIST,10,1.0,44,20,4.0,raw_union_K20,raw_union,1993,0.0,poly_gate_d2_a,depth-2,0.7187,0.77812,0.8243,0.8807,0.7171,-0.15669975948700537,0,10,"[-0.11325246570683589, -0.11390476190476184, -0.06792277273784597, -0.10418904403866802, -0.14204003813155386, -0.31931830922749194, -0.14325323475046214, -0.11055166374781089, -0.3086511351832616, -0.14391416944136148]","[0.8368665684162794, 0.7310476190476191, 0.842986741102582, 0.8264232008592911, 0.7151255163647918, 0.5831371229958515, 0.7587800369685767, 0.7600700525394045, 0.5840629173467874, 0.7626711061783203]","[0.9501190341231153, 0.8449523809523809, 0.910909513840428, 0.9306122448979591, 0.8571655544963457, 0.9024554322233435, 0.9020332717190388, 0.8706217162872154, 0.892714052530049, 0.9065852756196818]",,0,"[null, null, null, null, null, null, null, null, null, null]",30.415446758270264,28.827621698379517,0.3726491928100586,0.6589868068695068,0.0011174678802490234,0.3472940921783447,1120477,ai07,success,
mlp_mnist,MNIST,10,0.05,42,20,4.0,no_phase0,none,0,0.0,sign_majority,deep,0.1498,0.33375,0.5902,0.9735,0.0887,-0.8620272664883558,0,10,"[-0.9539170506912442, -0.8462688426560359, -0.7739194139194139, -0.8077764902793871, -0.9162977867203219, -0.9908916586768935, -0.8404672031906559, -0.9585253456221198, -0.5336509827278142, -0.9985578903996704]","[0.0, 0.14812507786221502, 0.22007326007326009, 0.18243852195184757, 0.07525150905432595, 0.008437200383509109, 0.15739619685207606, 0.0, 0.46217986896962476, 0.0]","[0.9539170506912442, 0.9943939205182509, 0.993992673992674, 0.9902150122312348, 0.9915492957746479, 0.9993288590604027, 0.997863400042732, 0.9585253456221198, 0.9958308516974389, 0.9985578903996704]",0.16700267687183906,10,"[0.18753129694541812, 0.00927766732935719, 0.09591474245115453, 0.1027592768791627, 0.09733627077909073, 0.08622994652406417, 0.2170290591343223, 0.24569037656903767, 0.07436272122097744, 0.5538954108858057]",17.063045263290405,16.151034116744995,0.010988235473632812,0.4276587963104248,0.010807991027832031,0.20650458335876465,1120477,ai07,success,
mlp_mnist,MNIST,10,0.05,43,20,4.0,no_phase0,none,0,0.0,poly_gate_d2_a,depth-2,0.0984,0.3327,0.5603,0.9747,0.0891,-0.939706582686995,0,10,"[-0.9968652037617555, -0.9979389942291839, -0.4893968871595331, -0.9698180204172214, -0.9766645257974738, -0.9763056899716336, -0.998442367601246, -1.0, -0.9964360587002096, -0.9951980792316927]","[0.00031347962382445143, 0.0008244023083264633, 0.5063229571984436, 0.02589140405385412, 0.0224791265253693, 0.02319372601368263, 0.00022251891410769915, 0.0, 0.0014675052410901468, 0.0019207683073229293]","[0.9971786833855799, 0.9987633965375103, 0.9957198443579767, 0.9957094244710756, 0.9991436523228431, 0.9994994159853162, 0.9986648865153538, 1.0, 0.9979035639412998, 0.9971188475390156]",0.08180192651255261,9,"[0.13985218874360433, 0.022283669486011713, 0.0, 0.1689607021743467, 0.02224025974025974, 0.027463651050080775, 0.022298177083333332, 0.12196331184928111, 0.21115537848605578, null]",15.931444644927979,15.015702247619629,0.010575532913208008,0.4314420223236084,0.0416109561920166,0.2113046646118164,1120477,ai07,success,
mlp_mnist,MNIST,10,0.05,42,20,4.0,raw_union_K20,raw_union,763,0.0,weight_avg,depth-1,0.8646,0.33375,0.5902,0.9735,0.824,-0.11321506730210618,1,10,"[0.02304147465437789, -0.29201445122710856, -0.1497435897435897, -0.12488734389082023, -0.1569416498993964, -0.1610738255033557, -0.05797307884053837, -0.027649769585253448, -0.11177288068294611, -0.07313555830243101]","[0.9769585253456221, 0.7023794692911424, 0.8442490842490843, 0.8653276683404145, 0.8346076458752515, 0.838255033557047, 0.9398903212021936, 0.9308755760368663, 0.8840579710144928, 0.9254223320972393]","[0.9539170506912442, 0.9943939205182509, 0.993992673992674, 0.9902150122312348, 0.9915492957746479, 0.9993288590604027, 0.997863400042732, 0.9585253456221198, 0.9958308516974389, 0.9985578903996704]",0.8464263445308882,10,"[0.8482724086129194, 0.8575215374420145, 0.850601934083284, 0.873453853472883, 0.8588023232525536, 0.8634692513368984, 0.7963828490144279, 0.8661087866108786, 0.8876440980678681, 0.7620064034151548]",23.21465516090393,15.2196204662323,0.12336277961730957,0.49569082260131836,0.00177001953125,0.21363377571105957,1120477,ai07,success,
mlp_mnist,MNIST,10,0.05,43,20,4.0,raw_union_K20,raw_union,719,0.0,coord_median,deep,0.8202,0.3327,0.5603,0.9747,0.7895,-0.13932588670111637,0,10,"[-0.11243469174503651, -0.09727947238252266, -0.24708171206225682, -0.31077082408640333, -0.10019267822736033, -0.050892708159519406, -0.06208277703604803, 0.0, -0.13857442348008386, -0.2739495798319328]","[0.8847439916405434, 0.9014839241549877, 0.7486381322957198, 0.6849386003846722, 0.8989509740954827, 0.9486067078257968, 0.9365821094793058, 1.0, 0.8593291404612159, 0.7231692677070828]","[0.9971786833855799, 0.9987633965375103, 0.9957198443579767, 0.9957094244710756, 0.9991436523228431, 0.9994994159853162, 0.9986648865153538, 1.0, 0.9979035639412998, 0.9971188475390156]",0.8100810272188436,9,"[0.780699260943718, 0.7940793754066363, 0.8071570576540755, 0.8324356672651108, 0.7969155844155844, 0.9095315024232633, 0.83349609375, 0.7921417947446703, 0.7442729083665338, null]",17.25642418861389,16.19142770767212,0.10361742973327637,0.3800370693206787,0.13954782485961914,0.20933270454406738,1120477,ai07,success,
mlp_mnist,MNIST,10,0.1,42,20,4.0,no_phase0,none,0,0.0,coord_median,deep,0.1076,0.42746000000000006,0.6231,0.9735,0.0887,-0.8959959860032483,0,10,"[-0.968710310587692, -0.9964093357271095, -0.9519209659714599, -0.8846129381082628, -0.5415534258332142, -0.9937694704049844, -0.9807206068268016, -0.9138694208779048, -0.7552323518978361, -0.9731610337972167]","[0.02678674517954047, 0.0006732495511669659, 0.043249176728869375, 0.11137968322625787, 0.4532970962666285, 0.006066568289883587, 0.01706700379266751, 0.08225746956842493, 0.24192976232706634, 0.01143141153081511]","[0.9954970557672325, 0.9970825852782765, 0.9951701427003293, 0.9959926213345207, 0.9948505220998427, 0.999836038694868, 0.9977876106194691, 0.9961268904463297, 0.9971621142249024, 0.9845924453280318]",0.08560070925539488,9,"[0.22164821648216482, 0.18052494490082147, 0.0, 0.03605121293800539, 0.0, 0.1527235703376888, 0.15995378012545394, 0.0004664179104477612, 0.01903824060397177, null]",15.84856629371643,14.917123794555664,0.010571002960205078,0.48543858528137207,0.0009891986846923828,0.2071990966796875,1120477,ai07,success,
mlp_mnist,MNIST,10,0.1,44,20,4.0,no_phase0,none,0,0.0,sign_majority,deep,0.1672,0.41907999999999995,0.6561,0.9776,0.1006,-0.7750165602826293,0,10,"[-0.7215496368038741, -0.7160731472569779, -0.9575503735567127, -0.8061468175682691, -0.5169426261070466, -0.7382945944135575, -0.9935043487834416, -0.9951347305389222, -0.9858203916272789, -0.3191489361702128]","[0.2765133171912833, 0.273339749759384, 0.03067693004301562, 0.18959609594019314, 0.4822872545244513, 0.25366735883180386, 0.0022019156666299683, 0.002619760479041916, 0.009453072248480757, 0.6297872340425532]","[0.9980629539951574, 0.9894128970163619, 0.9882273035997283, 0.9957429135084622, 0.9992298806314979, 0.9919619532453614, 0.9957062644500716, 0.9977544910179641, 0.9952734638757597, 0.948936170212766]",0.18776115852666395,8,"[0.26570048309178745, 0.0, 0.19867873746023978, 0.05626477541371158, 0.19438927507447865, null, 0.42291666666666666, 0.15811793214862682, 0.20602139835780045, null]",16.69561004638672,15.69777250289917,0.010987043380737305,0.5359189510345459,0.0010716915130615234,0.2063894271850586,1120477,ai07,success,
mlp_mnist,MNIST,10,0.1,42,20,4.0,raw_union_K20,raw_union,1022,0.0,norm_normalized,deep,0.8844,0.42746000000000006,0.6231,0.9735,0.8739,-0.13005637664767206,0,10,"[-0.1154601085325021, -0.1721274685816877, -0.060373216245883654, -0.06863431079447868, -0.10627950221713633, -0.2251188719462207, -0.16877370417193427, -0.08945038731095534, -0.129833274210713, -0.16451292246520877]","[0.8800369472347304, 0.8249551166965888, 0.9347969264544457, 0.927358310540042, 0.8885710198827064, 0.7747171667486473, 0.8290139064475348, 0.9066765031353744, 0.8673288400141894, 0.820079522862823]","[0.9954970557672325, 0.9970825852782765, 0.9951701427003293, 0.9959926213345207, 0.9948505220998427, 0.999836038694868, 0.9977876106194691, 0.9961268904463297, 0.9971621142249024, 0.9845924453280318]",0.89203524366025,9,"[0.8942189421894219, 0.9042276096974554, 0.8959163346613546, 0.8429919137466307, 0.8477520435967303, 0.8854573222467335, 0.9163090128755365, 0.9500932835820896, 0.8913507303462991, null]",16.877378940582275,15.783648014068604,0.14299917221069336,0.510653018951416,0.02309107780456543,0.20464468002319336,1120477,ai07,success,
mlp_mnist,MNIST,10,0.1,44,20,4.0,raw_union_K20,raw_union,1035,0.0,weight_avg,depth-1,0.8871,0.41907999999999995,0.6561,0.9776,0.8651,-0.09828693487501117,0,10,"[-0.0871670702179177, -0.052935514918190596, -0.13153724247226628, -0.16010798463295606, -0.07893723527146701, -0.08520329559916939, -0.09468237366508869, -0.11133982035928147, -0.18095881161377447, 0.0]","[0.9108958837772397, 0.9364773820981713, 0.856690061127462, 0.8356349288755062, 0.9202926453600309, 0.906758657646192, 0.9010238907849829, 0.8864146706586826, 0.8143146522619852, 0.948936170212766]","[0.9980629539951574, 0.9894128970163619, 0.9882273035997283, 0.9957429135084622, 0.9992298806314979, 0.9919619532453614, 0.9957062644500716, 0.9977544910179641, 0.9952734638757597, 0.948936170212766]",0.8868579859221964,8,"[0.8274672187715666, 0.9005037783375315, 0.8916075360900416, 0.9768321513002364, 0.862214498510427, null, 0.8770833333333333, 0.8649030694668821, 0.8942523015675541, null]",16.969100952148438,16.038259983062744,0.11890196800231934,0.3876304626464844,0.001207113265991211,0.192291259765625,1120477,ai07,success,
mlp_mnist,MNIST,10,0.3,43,20,4.0,no_phase0,none,0,0.0,weight_avg,depth-1,0.4811,0.7185199999999999,0.9304,0.9747,0.0891,-0.5032572081239063,0,10,"[-0.607015760040671, -0.46330060776063586, -0.4672307815119342, -0.4471302310723033, -0.45307532826537666, -0.7776007842176204, -0.4701906412478336, -0.5888118575185274, -0.2902825979176996, -0.4679334916864608]","[0.37722419928825623, 0.5217391304347826, 0.5223118064979644, 0.5425407304866361, 0.5194194885970974, 0.2187231956868031, 0.5244367417677643, 0.40234281616065026, 0.7015369360436291, 0.5249406175771971]","[0.9842399593289273, 0.9850397381954185, 0.9895425880098986, 0.9896709615589394, 0.9724948168624741, 0.9963239799044235, 0.9946273830155979, 0.9911546736791776, 0.9918195339613287, 0.9928741092636579]",0.5718359749997107,4,"[0.8353474320241692, 0.8405940594059406, null, null, null, null, 0.009240246406570842, 0.6021621621621621, null, null]",16.233490705490112,15.370527505874634,0.010754823684692383,0.44919586181640625,0.0012025833129882812,0.18006348609924316,1120477,ai07,success,
mlp_mnist,MNIST,10,0.3,44,20,4.0,no_phase0,none,0,0.0,coord_median,deep,0.2532,0.71258,0.8846,0.9776,0.1006,-0.773234623031833,0,10,"[-0.6602520045819016, -0.8164155432196669, -0.7525389302640487, -0.5426474792718956, -0.7623541748590903, -0.8801929777539533, -0.681877314119884, -0.9107783168107995, -0.7883858267716536, -0.9369036626654356]","[0.3333333333333333, 0.1796193497224425, 0.23612051455653352, 0.44229486324216144, 0.23148512255865775, 0.10627177700348432, 0.3098168718102672, 0.08247205230963932, 0.20374015748031496, 0.06124961526623576]","[0.9935853379152348, 0.9960348929421095, 0.9886594448205822, 0.984942342514057, 0.993839297417748, 0.9864647547574377, 0.9916941859301511, 0.9932503691204387, 0.9921259842519685, 0.9981532779316713]",0.1496153025810567,4,"[0.0, null, null, 0.4616740088105727, null, null, 0.00945273631840796, null, 0.1273344651952462, null]",16.623623609542847,15.780482292175293,0.010531425476074219,0.41449618339538574,0.0007982254028320312,0.184584379196167,1120477,ai07,success,
mlp_mnist,MNIST,10,0.3,42,20,4.0,raw_union_K20,raw_union,1534,0.0,poly_gate_d2_a,depth-2,0.9087,0.6726800000000001,0.8286,0.9735,0.9069,-0.08495793563545814,0,10,"[-0.08915145005370562, -0.1128872366790582, -0.05254326166754064, -0.06931519923645912, -0.06503378378378377, -0.0724944043770207, -0.09358900973096729, -0.12580081537565524, -0.07109606432501059, -0.0976681311253802]","[0.8968850698174007, 0.8770755885997522, 0.9352910330361824, 0.9219756621331424, 0.9273648648648649, 0.9033822432230788, 0.8905266170578134, 0.8707047175305765, 0.909437156157427, 0.8896586684690774]","[0.9860365198711063, 0.9899628252788104, 0.9878342947037231, 0.9912908613696015, 0.9923986486486487, 0.9758766476000995, 0.9841156267887807, 0.9965055329062318, 0.9805332204824376, 0.9873267995944576]",0.8907077692118782,7,"[0.9293820933165196, 0.9389118676423799, 0.8475336322869955, null, 0.8459958932238193, 0.8798449612403101, 0.9112244897959184, 0.8820614469772051, null, null]",16.547961235046387,15.521962404251099,0.1745588779449463,0.412433385848999,0.0009284019470214844,0.19416594505310059,1120477,ai07,success,
mlp_mnist,MNIST,10,0.3,44,20,4.0,raw_union_K20,raw_union,1627,0.0,norm_normalized,deep,0.911,0.71258,0.8846,0.9776,0.8969,-0.08315537000793663,0,10,"[-0.07147766323024052, -0.08247422680412375, -0.07362897765741361, -0.08329362432097587, -0.08048236990431246, -0.08938622353256498, -0.07024917442209544, -0.09681501792870706, -0.09448818897637801, -0.08925823330255467]","[0.9221076746849943, 0.9135606661379857, 0.9150304671631686, 0.9016487181930811, 0.9133569275134356, 0.8970785312248727, 0.9214450115080557, 0.8964353511917317, 0.8976377952755905, 0.9088950446291166]","[0.9935853379152348, 0.9960348929421095, 0.9886594448205822, 0.984942342514057, 0.993839297417748, 0.9864647547574377, 0.9916941859301511, 0.9932503691204387, 0.9921259842519685, 0.9981532779316713]",0.9097182890203378,4,"[0.8716216216216216, null, null, 0.9612334801762115, null, null, 0.9049751243781095, null, 0.9010429299054087, null]",16.854262828826904,15.819119930267334,0.17654156684875488,0.40926623344421387,0.0008089542388916016,0.18388772010803223,1120477,ai07,success,
mlp_mnist,MNIST,10,1.0,43,20,4.0,no_phase0,none,0,0.0,norm_normalized,deep,0.451,0.88856,0.9307,0.9747,0.0891,-0.5389593243103835,0,10,"[-0.5171239942232309, -0.6304654442877292, -0.48531345900920647, -0.45332945623727827, -0.6667831556875765, -0.526398916967509, -0.583966565349544, -0.5418397626112759, -0.5021626297577855, -0.4822098589727003]","[0.4722508768310295, 0.35966149506346967, 0.48947829899167034, 0.5347484733934283, 0.3216844312423554, 0.45735559566787004, 0.40938449848024316, 0.44866468842729973, 0.48637543252595156, 0.5009703713287618]","[0.9893748710542604, 0.9901269393511989, 0.9747917580008768, 0.9880779296307066, 0.9884675869299319, 0.983754512635379, 0.9933510638297872, 0.9905044510385757, 0.988538062283737, 0.9831802303014621]",,0,"[null, null, null, null, null, null, null, null, null, null]",19.03586220741272,18.08664083480835,0.010366439819335938,0.531059980392456,0.0009367465972900391,0.179917573928833,1120477,ai07,success,
mlp_mnist,MNIST,10,1.0,43,20,4.0,raw_union_K20,raw_union,1966,0.0,sign_majority,deep,0.9236,0.88856,0.9307,0.9747,0.9181,-0.06592969902161308,0,10,"[-0.07210645760264078, -0.08768218147625761, -0.05545813239807107, -0.07284094213434145, -0.06482614013629218, -0.05392599277978338, -0.06325987841945291, -0.06275964391691391, -0.07028546712802763, -0.05615215422434994]","[0.9172684134516196, 0.9024447578749413, 0.9193336256028057, 0.9152369874963652, 0.9236414467936397, 0.9298285198555957, 0.9300911854103343, 0.9277448071216617, 0.9182525951557093, 0.9270280760771121]","[0.9893748710542604, 0.9901269393511989, 0.9747917580008768, 0.9880779296307066, 0.9884675869299319, 0.983754512635379, 0.9933510638297872, 0.9905044510385757, 0.988538062283737, 0.9831802303014621]",,0,"[null, null, null, null, null, null, null, null, null, null]",16.635989665985107,15.59408450126648,0.21532225608825684,0.39234018325805664,0.0008769035339355469,0.17493557929992676,1120477,ai07,success,
mlp_mnist,MNIST,10,1.0,44,20,4.0,raw_union_K20,raw_union,1993,0.0,poly_gate_d2_a,depth-2,0.9155,0.89923,0.9203,0.9776,0.9133,-0.07360598186690344,0,10,"[-0.08238076468269606, -0.06886422976501305, -0.07104967047098543, -0.07290357335248698, -0.0721065778517902, -0.05978637813843812, -0.08036540240518042, -0.06490696668109042, -0.08229048160788766, -0.08140577371346602]","[0.9026409144659047, 0.9161227154046997, 0.9186625944381932, 0.9121924941641228, 0.91240632805995, 0.930642252739631, 0.9049491211840888, 0.9192990047598443, 0.9002654531664771, 0.9028151335843644]","[0.9850216791486007, 0.9849869451697127, 0.9897122649091786, 0.9850960675166098, 0.9845129059117402, 0.9904286308780691, 0.9853145235892692, 0.9842059714409347, 0.9825559347743648, 0.9842209072978304]",,0,"[null, null, null, null, null, null, null, null, null, null]",15.513057947158813,14.244358777999878,0.41765403747558594,0.45395541191101074,0.0008907318115234375,0.17563128471374512,1120477,ai07,success,
roberta_base_agnews,AGNews,10,0.05,42,20,4.0,no_phase0,none,0,0.0,sign_majority,deep,0.8539473684210527,0.4542236842105264,0.5710526315789474,0.9142105263157895,0.20355263157894737,-0.112963748650858,0,9,"[null, 0.0, -0.13691507798960134, -0.1752380952380952, -0.16278337531486153, -0.0357142857142857, -0.16158978822164205, -0.15584415584415579, -0.1346907561418602, -0.05389820339322027]","[null, 1.0, 0.8266897746967071, 0.8213333333333334, 0.8343828715365239, 0.8303571428571429, 0.8138477903490958, 0.8051948051948052, 0.832922282764554, 0.9455018166061131]","[null, 1.0, 0.9636048526863085, 0.9965714285714286, 0.9971662468513854, 0.8660714285714286, 0.9754375785707379, 0.961038961038961, 0.9676130389064143, 0.9994000199993334]",0.8502894736842105,10,"[0.8539473684210527, 0.8321052631578948, 0.8236842105263158, 0.8587719298245614, 0.8587719298245614, 0.8321052631578948, 0.8842105263157894, 0.8587719298245614, 0.8757894736842106, 0.8247368421052632]",7.104983568191528,5.7688517570495605,0.005245208740234375,0.28835606575012207,0.0006802082061767578,0.29361891746520996,1120477,ai07,success,
roberta_base_agnews,AGNews,10,0.05,43,20,4.0,no_phase0,none,0,0.0,poly_gate_d2_a,depth-2,0.46460526315789474,0.4564473684210526,0.584078947368421,0.9142105263157895,0.27407894736842103,-0.5528157138218729,0,9,"[-0.6343574944831099, -0.5739801543550165, -0.38764664594404896, -0.6436525612472159, null, -0.5959155792151505, -0.5686274509803921, -0.5, -0.5389696169088507, -0.5321919212630716]","[0.3646240027160075, 0.4249173098125689, 0.6104147865904609, 0.3530066815144766, null, 0.39958543364582844, 0.37254901960784315, 0.4669421487603306, 0.4425363276089828, 0.466406944159661]","[0.9989814971991173, 0.9988974641675854, 0.9980614325345099, 0.9966592427616926, null, 0.9955010128609789, 0.9411764705882353, 0.9669421487603306, 0.9815059445178336, 0.9985988654227326]",0.4761062378167641,9,"[0.4468421052631579, 0.47649122807017547, 0.4129824561403509, 0.5421052631578948, 0.46460526315789474, 0.46473684210526317, 0.47649122807017547, 0.47649122807017547, 0.5242105263157895, null]",7.312144041061401,5.967046499252319,0.004999876022338867,0.29802942276000977,0.0006794929504394531,0.31822776794433594,1120477,ai07,success,
roberta_base_agnews,AGNews,10,0.05,42,20,4.0,raw_union_K20,raw_union,227,0.0,weight_avg,depth-1,0.8751315789473684,0.4542236842105264,0.5710526315789474,0.9142105263157895,0.8442105263157895,-0.09091213430621012,0,9,"[null, 0.0, -0.09185441941074524, -0.12457142857142856, -0.11429471032745597, -0.07142857142857151, -0.17767462850143445, -0.11688311688311692, -0.0868368224835101, -0.03466551114962835]","[null, 1.0, 0.8717504332755632, 0.872, 0.8828715365239295, 0.7946428571428571, 0.7977629500693034, 0.8441558441558441, 0.8807762164229042, 0.964734508849705]","[null, 1.0, 0.9636048526863085, 0.9965714285714286, 0.9971662468513854, 0.8660714285714286, 0.9754375785707379, 0.961038961038961, 0.9676130389064143, 0.9994000199993334]",0.8744078947368422,10,"[0.8751315789473684, 0.878421052631579, 0.8328947368421052, 0.872280701754386, 0.872280701754386, 0.878421052631579, 0.9173684210526316, 0.872280701754386, 0.8718421052631579, 0.8731578947368421]",15.837238550186157,6.085713624954224,0.09272289276123047,0.3530280590057373,0.000423431396484375,0.30240821838378906,1120477,ai07,success,
roberta_base_agnews,AGNews,10,0.05,43,20,4.0,raw_union_K20,raw_union,264,0.0,coord_median,deep,0.8638157894736842,0.4564473684210526,0.584078947368421,0.9142105263157895,0.8401315789473685,-0.0998542369156975,0,9,"[-0.024528942454591807, -0.09151047409040791, -0.14171596644272866, -0.020044543429844075, null, -0.06416356527064582, -0.039215686274509776, -0.05371900826446285, -0.22060766182298552, -0.2431822841911011]","[0.9744525547445255, 0.9073869900771775, 0.8563454660917812, 0.9766146993318485, null, 0.9313374475903331, 0.9019607843137255, 0.9132231404958677, 0.760898282694848, 0.7554165812316315]","[0.9989814971991173, 0.9988974641675854, 0.9980614325345099, 0.9966592427616926, null, 0.9955010128609789, 0.9411764705882353, 0.9669421487603306, 0.9815059445178336, 0.9985988654227326]",0.8336403508771929,9,"[0.8155263157894737, 0.8521052631578947, 0.8678947368421053, 0.7918421052631579, 0.8638157894736842, 0.7321052631578947, 0.8521052631578947, 0.8521052631578947, 0.8752631578947369, null]",7.978026628494263,6.43652868270874,0.08992934226989746,0.2839813232421875,0.0006287097930908203,0.2915158271789551,1120477,ai07,success,
roberta_base_agnews,AGNews,10,0.1,42,20,4.0,no_phase0,none,0,0.0,coord_median,deep,0.8336842105263158,0.5367368421052632,0.718421052631579,0.9142105263157895,0.20355263157894737,-0.1571857468912304,0,10,"[-0.17647058823529416, -0.1371571072319202, -0.13684210526315788, -0.25115497690046207, -0.2768197495008169, -0.11273271209395397, -0.12595155709342565, -0.11016433353621424, -0.1149287376381617, -0.12963560141889718]","[0.8235294117647058, 0.8354114713216958, 0.7894736842105263, 0.7383452330953381, 0.7224541659103285, 0.8818904004366195, 0.855363321799308, 0.8800973828362751, 0.8828534031413613, 0.8563904116951521]","[1.0, 0.972568578553616, 0.9263157894736842, 0.9895002099958001, 0.9992739154111454, 0.9946231125305734, 0.9813148788927336, 0.9902617163724894, 0.997782140779523, 0.9860260131140492]",0.8493859649122807,9,"[0.88, 0.8018421052631579, 0.8436842105263158, 0.88, 0.8678947368421053, 0.8018421052631579, 0.8726315789473684, 0.8092105263157895, 0.8873684210526316, null]",7.258838176727295,5.936134576797485,0.0054361820220947266,0.31436824798583984,0.0005967617034912109,0.2879817485809326,1120477,ai07,success,
roberta_base_agnews,AGNews,10,0.1,44,20,4.0,no_phase0,none,0,0.0,sign_majority,deep,0.8278947368421052,0.5343421052631578,0.6657894736842105,0.9142105263157895,0.22263157894736843,-0.12976589163879557,0,10,"[-0.1040540540540541, -0.13266793764719076, -0.10375275938189843, -0.040157762638938665, -0.09707499018453092, -0.21226104152933423, -0.1984257243342824, -0.29081853616284103, -0.041523033531808196, -0.07692307692307687]","[0.8743243243243243, 0.8652386826660685, 0.8565121412803532, 0.957690928648261, 0.8987043580683156, 0.7804878048780488, 0.7922960978060626, 0.7082791973437275, 0.9577457432361851, 0.9230769230769231]","[0.9783783783783784, 0.9979066203132593, 0.9602649006622517, 0.9978486912871997, 0.9957793482528465, 0.992748846407383, 0.990721822140345, 0.9990977335065685, 0.9992687767679933, 1.0]",0.7882846003898636,9,"[0.8778947368421053, 0.7489473684210526, 0.7489473684210526, 0.7489473684210526, 0.8347368421052631, 0.8210526315789474, 0.6921052631578948, 0.8347368421052631, 0.7871929824561403, null]",7.680831432342529,6.418236970901489,0.005360841751098633,0.29683804512023926,0.0006580352783203125,0.2897629737854004,1120477,ai07,success,
roberta_base_agnews,AGNews,10,0.1,42,20,4.0,raw_union_K20,raw_union,372,0.0,norm_normalized,deep,0.8813157894736842,0.5367368421052632,0.718421052631579,0.9142105263157895,0.8643421052631579,-0.11819629937620288,0,10,"[-0.11764705882352944, -0.09975062344139651, -0.07894736842105265, -0.17261654766904666, -0.1894354692321656, -0.06452264963311838, -0.12318339100346021, -0.10225197808886188, -0.10805700988947065, -0.12555089755992688]","[0.8823529411764706, 0.8728179551122195, 0.8473684210526315, 0.8168836623267535, 0.8098384461789798, 0.9301004628974551, 0.8581314878892734, 0.8880097382836275, 0.8897251308900523, 0.8604751155541224]","[1.0, 0.972568578553616, 0.9263157894736842, 0.9895002099958001, 0.9992739154111454, 0.9946231125305734, 0.9813148788927336, 0.9902617163724894, 0.997782140779523, 0.9860260131140492]",0.8947563352826511,9,"[0.9252631578947368, 0.848421052631579, 0.8594736842105263, 0.9252631578947368, 0.9033333333333333, 0.848421052631579, 0.881578947368421, 0.8921052631578947, 0.9689473684210527, null]",7.334969758987427,5.8930583000183105,0.08249473571777344,0.3277759552001953,0.0005660057067871094,0.29047250747680664,1120477,ai07,success,
roberta_base_agnews,AGNews,10,0.1,44,20,4.0,raw_union_K20,raw_union,329,0.0,weight_avg,depth-1,0.8711842105263158,0.5343421052631578,0.6657894736842105,0.9142105263157895,0.8457894736842105,-0.08944424659573554,0,10,"[-0.07364864864864862, -0.10631378266233038, -0.0640176600441501, -0.01613481534600214, -0.05310168826069894, -0.20303230059327626, -0.1873722994473287, -0.1708170925364516, -0.020004178418468577, 0.0]","[0.9047297297297298, 0.8915928376509289, 0.8962472406181016, 0.9817138759411975, 0.9426776599921476, 0.7897165458141068, 0.8033495226930163, 0.8282806409701169, 0.9792645983495247, 1.0]","[0.9783783783783784, 0.9979066203132593, 0.9602649006622517, 0.9978486912871997, 0.9957793482528465, 0.992748846407383, 0.990721822140345, 0.9990977335065685, 0.9992687767679933, 1.0]",0.8405653021442495,9,"[0.888421052631579, 0.8110526315789474, 0.8110526315789474, 0.8110526315789474, 0.843421052631579, 0.8989473684210526, 0.8215789473684211, 0.843421052631579, 0.836140350877193, null]",7.903813600540161,6.319841623306274,0.09642434120178223,0.40634918212890625,0.00044989585876464844,0.2968423366546631,1120477,ai07,success,
roberta_base_agnews,AGNews,10,0.3,43,20,4.0,no_phase0,none,0,0.0,weight_avg,depth-1,0.8667105263157895,0.7474999999999998,0.8973684210526316,0.9142105263157895,0.27407894736842103,-0.09918953344925005,0,10,"[-0.038681349316977975, -0.05501392757660173, -0.11770543866613736, -0.06162823797324224, -0.10556300268096508, -0.08381530749951793, -0.1686138301231449, -0.15217391304347827, -0.08620689655172409, -0.12249343106071087]","[0.9530945079453582, 0.9213091922005571, 0.8171893608574832, 0.8938229433532593, 0.8473525469168901, 0.8588297667245036, 0.8058888538048626, 0.819693094629156, 0.854679802955665, 0.8715599502143548]","[0.9917758572623362, 0.9763231197771588, 0.9348947995236205, 0.9554511813265015, 0.9529155495978552, 0.9426450742240216, 0.9745026839280075, 0.9718670076726342, 0.9408866995073891, 0.9940533812750657]",0.8942105263157895,2,"[0.8210526315789474, null, null, null, null, null, 0.9673684210526315, null, null, null]",7.334682941436768,5.939300060272217,0.005774974822998047,0.3645060062408447,0.00045609474182128906,0.27951931953430176,1120477,ai07,success,
roberta_base_agnews,AGNews,10,0.3,44,20,4.0,no_phase0,none,0,0.0,coord_median,deep,0.8231578947368421,0.7476184210526315,0.8761842105263158,0.9142105263157895,0.22263157894736843,-0.1115192471519667,0,10,"[-0.12387096774193551, -0.09740146999247645, -0.054522924411400275, -0.03345408054549326, -0.10191884240327143, -0.21469534050179206, -0.21056708160442605, -0.18476910333402363, -0.03717447916666672, -0.05681818181818188]","[0.831741935483871, 0.891776144452804, 0.9178025609252375, 0.9582356701470275, 0.8665618118905316, 0.7709677419354839, 0.7820193637621023, 0.7275833505901843, 0.9599609375, 0.8977272727272727]","[0.9556129032258065, 0.9891776144452804, 0.9723254853366378, 0.9916897506925207, 0.968480654293803, 0.985663082437276, 0.9925864453665284, 0.9123524539242079, 0.9971354166666667, 0.9545454545454546]",0.716842105263158,2,"[null, null, 0.7794736842105263, 0.6542105263157895, null, null, null, null, null, null]",7.732887268066406,6.299137830734253,0.005415201187133789,0.38263630867004395,0.0006725788116455078,0.28685474395751953,1120477,ai07,success,
roberta_base_agnews,AGNews,10,0.3,42,20,4.0,raw_union_K20,raw_union,703,0.0,poly_gate_d2_a,depth-2,0.8825,0.7461184210526316,0.8382894736842105,0.9142105263157895,0.8807894736842106,-0.08381915995950154,0,10,"[-0.07813328619409587, -0.02558093148499052, -0.0993537964458805, -0.09354951592208094, -0.08697916666666672, -0.10057073676928407, -0.11478129713423835, -0.08084573575026321, -0.09026007139214687, -0.06813706183536827]","[0.8550468446172883, 0.970379974070011, 0.866258942995615, 0.8996850577394144, 0.8427083333333333, 0.862590799031477, 0.8704374057315234, 0.8509433425343615, 0.8895971443141254, 0.9000168795363754]","[0.9331801308113842, 0.9959609055550015, 0.9656127394414955, 0.9932345736614954, 0.9296875, 0.963161535800761, 0.9852187028657617, 0.9317890782846248, 0.9798572157062723, 0.9681539413717437]",0.8864912280701754,3,"[null, null, null, null, 0.966842105263158, null, 0.8721052631578947, null, 0.8205263157894737, null]",7.14818263053894,5.7647905349731445,0.08766841888427734,0.31722116470336914,0.0006279945373535156,0.2801494598388672,1120477,ai07,success,
roberta_base_agnews,AGNews,10,0.3,44,20,4.0,raw_union_K20,raw_union,695,0.0,norm_normalized,deep,0.8907894736842106,0.7476184210526315,0.8761842105263158,0.9142105263157895,0.8778947368421053,-0.06692640084583348,0,10,"[-0.07587096774193558, -0.09896406042016326, -0.052870714580751765, -0.027700831024930705, -0.05618118905316127, -0.11899641577060927, -0.12326417704011072, -0.06129633464485407, -0.0234375, -0.030681818181818254]","[0.8797419354838709, 0.8902135540251171, 0.919454770755886, 0.96398891966759, 0.9122994652406418, 0.8666666666666667, 0.8693222683264177, 0.8510561192793539, 0.9736979166666667, 0.9238636363636363]","[0.9556129032258065, 0.9891776144452804, 0.9723254853366378, 0.9916897506925207, 0.968480654293803, 0.985663082437276, 0.9925864453665284, 0.9123524539242079, 0.9971354166666667, 0.9545454545454546]",0.8476315789473685,2,"[null, null, 0.8636842105263158, 0.8315789473684211, null, null, null, null, null, null]",7.436745882034302,6.0140955448150635,0.09204792976379395,0.330488920211792,0.0006124973297119141,0.2795372009277344,1120477,ai07,success,
roberta_base_agnews,AGNews,10,1.0,43,20,4.0,no_phase0,none,0,0.0,norm_normalized,deep,0.8639473684210527,0.8622499999999998,0.9031578947368422,0.9142105263157895,0.27407894736842103,-0.07838764008242619,0,10,"[-0.03870854227148757, -0.06033159349094264, -0.12453300124532996, -0.08155699721964782, -0.06997679814385149, -0.0974233462505949, -0.08697944122298362, -0.0724723685186559, -0.11042421658494983, -0.04147009587581807]","[0.9254860561273863, 0.9100399140313171, 0.8526359485263595, 0.8327154772937906, 0.8653364269141531, 0.8330953837786389, 0.8527148128624144, 0.8417031377494251, 0.8239181411212961, 0.9096788921016588]","[0.9641945983988739, 0.9703715075222598, 0.9771689497716894, 0.9142724745134384, 0.9353132250580046, 0.9305187300292338, 0.939694254085398, 0.914175506268081, 0.934342357706246, 0.9511489879774768]",,0,"[null, null, null, null, null, null, null, null, null, null]",7.687746286392212,6.059638738632202,0.005412101745605469,0.3115875720977783,0.0006375312805175781,0.27552175521850586,1120477,ai07,success,
roberta_base_agnews,AGNews,10,1.0,43,20,4.0,raw_union_K20,raw_union,800,0.0,sign_majority,deep,0.8881578947368421,0.8622499999999998,0.9031578947368422,0.9142105263157895,0.8826315789473684,-0.05509357293293404,0,10,"[-0.030614937978358348, -0.05337222392795005, -0.09782759097827587, -0.05125115848007422, -0.05336426914153136, -0.05513631110204631, -0.06462836056931998, -0.04517469030487353, -0.06928160306970788, -0.03028458377720289]","[0.9335796604205155, 0.9169992835943097, 0.8793413587934136, 0.8630213160333642, 0.8819489559164733, 0.8753824189271875, 0.875065893516078, 0.8690008159632074, 0.8650607546365381, 0.9208644042002739]","[0.9641945983988739, 0.9703715075222598, 0.9771689497716894, 0.9142724745134384, 0.9353132250580046, 0.9305187300292338, 0.939694254085398, 0.914175506268081, 0.934342357706246, 0.9511489879774768]",,0,"[null, null, null, null, null, null, null, null, null, null]",7.434772729873657,5.931492328643799,0.06854009628295898,0.3225376605987549,0.0006754398345947266,0.27818870544433594,1120477,ai07,success,
roberta_base_agnews,AGNews,10,1.0,44,20,4.0,raw_union_K20,raw_union,800,0.0,poly_gate_d2_a,depth-2,0.8746052631578948,0.861578947368421,0.9055263157894737,0.9142105263157895,0.8736842105263158,-0.05649724322249773,0,10,"[-0.061836690491661295, -0.045019877511550455, -0.07355841744982017, -0.07846689895470382, -0.0337616528092719, -0.05785536159601001, -0.040402151040448975, -0.05009451795841213, -0.07460255913144631, -0.04937430528165221]","[0.8666883257526532, 0.9349951649296229, 0.8821208956955563, 0.8441114982578397, 0.9047619047619048, 0.8791770573566084, 0.9143324760346037, 0.9194234404536862, 0.8459092671578131, 0.8609129047294632]","[0.9285250162443145, 0.9800150424411733, 0.9556793131453765, 0.9225783972125435, 0.9385235575711767, 0.9370324189526185, 0.9547346270750526, 0.9695179584120983, 0.9205118262892594, 0.9102872100111155]",,0,"[null, null, null, null, null, null, null, null, null, null]",7.633084058761597,6.130105972290039,0.08988571166992188,0.3587510585784912,0.0008766651153564453,0.3339388370513916,1120477,ai07,success,
vit_b32_cifar100,CIFAR100,10,0.05,42,20,4.0,no_phase0,none,0,0.0,sign_majority,deep,0.0374,0.22433,0.2955,0.8692,0.0121,-0.9455182590254368,0,10,"[-0.9578125000000001, -0.9193849989611469, -0.8962765957446808, -0.9390569395017794, -0.9523727351164798, -0.9553617239610056, -0.9480183802412407, -0.9853698184773774, -0.9734870317002882, -0.9280418665503707]","[0.0309375, 0.05713692083939331, 0.08563829787234042, 0.04203736654804271, 0.015703192407247626, 0.030100906447750982, 0.027570361860999426, 0.0, 0.006340057636887608, 0.04993458351504579]","[0.98875, 0.9765219198005402, 0.9819148936170212, 0.9810943060498221, 0.9680759275237274, 0.9854626304087566, 0.9755887421022401, 0.9853698184773774, 0.9798270893371758, 0.9779764500654164]",0.02232006818649739,10,"[0.03236842105263158, 0.010847457627118645, 0.009682539682539683, 0.016567164179104477, 0.015737704918032787, 0.031230769230769232, 0.01983050847457627, 0.05197183098591549, 0.03371428571428572, 0.00125]",3.3808724880218506,2.651458740234375,0.00844573974609375,0.3433091640472412,0.0014314651489257812,0.17313289642333984,1120477,ai07,success,
vit_b32_cifar100,CIFAR100,10,0.05,43,20,4.0,no_phase0,none,0,0.0,poly_gate_d2_a,depth-2,0.0176,0.22624,0.2702,0.8683,0.011,-0.9601586544203744,0,10,"[-0.9097993938519268, -0.9736279401282965, -0.9653767820773931, -0.9710636922082121, -0.9558641975308643, -0.97638217928073, -0.9591717701953922, -0.9595407326407873, -0.9793737574552683, -0.9513860988348735]","[0.03795641506710925, 0.01235447849845569, 0.020875763747454174, 0.015195602974458454, 0.008024691358024692, 0.013150831991411701, 0.011227763196267133, 0.028157463094587207, 0.009443339960238568, 0.02209722780233025]","[0.947755808919036, 0.9859824186267522, 0.9862525458248472, 0.9862592951826705, 0.9638888888888889, 0.9895330112721417, 0.9703995333916594, 0.9876981957353745, 0.9888170974155069, 0.9734833266372037]",0.016553027156417436,10,"[0.01903225806451613, 0.016142857142857143, 0.018, 0.015238095238095238, 0.022833333333333334, 0.01842857142857143, 0.01631578947368421, 0.016883116883116882, 0.02265625, 0.0]",3.1359241008758545,2.4965739250183105,0.008019685745239258,0.24538874626159668,0.0006616115570068359,0.16478586196899414,1120477,ai07,success,
vit_b32_cifar100,CIFAR100,10,0.05,42,20,4.0,raw_union_K20,raw_union,4828,0.0,weight_avg,depth-1,0.7886,0.22433,0.2955,0.8692,0.8044,-0.16971723930798385,0,10,"[-0.2025, -0.13775192187824636, -0.19175531914893607, -0.20640569395017794, -0.21311475409836067, -0.16812040362579095, -0.19299253302699604, -0.15768084529937687, -0.0818443804034582, -0.14500654164849536]","[0.78625, 0.8387699979222938, 0.7901595744680852, 0.7746886120996441, 0.7549611734253667, 0.8173422267829656, 0.7825962090752441, 0.8276889731780005, 0.8979827089337176, 0.8329699084169211]","[0.98875, 0.9765219198005402, 0.9819148936170212, 0.9810943060498221, 0.9680759275237274, 0.9854626304087566, 0.9755887421022401, 0.9853698184773774, 0.9798270893371758, 0.9779764500654164]",0.7758148112124841,10,"[0.7886842105263158, 0.7516949152542373, 0.7822222222222223, 0.7850746268656716, 0.77, 0.7721538461538462, 0.7574576271186441, 0.7922535211267606, 0.7748571428571429, 0.78375]",3.390509843826294,2.504837989807129,0.2260150909423828,0.29708313941955566,0.0004749298095703125,0.17062997817993164,1120477,ai07,success,
vit_b32_cifar100,CIFAR100,10,0.05,43,20,4.0,raw_union_K20,raw_union,5083,0.0,coord_median,deep,0.7782,0.22624,0.2702,0.8683,0.8016,-0.1768468641638114,0,10,"[-0.1981526915860875, -0.25492991209313376, -0.16208418194161578, -0.1281926931781442, -0.16141975308641976, -0.11003757380568968, -0.262904636920385, -0.1544559868780755, -0.1719681908548708, -0.16432302129369225]","[0.7496031173329485, 0.7310525065336184, 0.8241683638832314, 0.8580666020045263, 0.8024691358024691, 0.879495437466452, 0.7074948964712744, 0.833242208857299, 0.8168489065606361, 0.8091603053435115]","[0.947755808919036, 0.9859824186267522, 0.9862525458248472, 0.9862592951826705, 0.9638888888888889, 0.9895330112721417, 0.9703995333916594, 0.9876981957353745, 0.9888170974155069, 0.9734833266372037]",0.7681346503047743,10,"[0.7833870967741936, 0.7707142857142857, 0.7450769230769231, 0.7690476190476191, 0.751, 0.742, 0.7763157894736842, 0.768961038961039, 0.76484375, 0.81]",3.5814197063446045,2.6376211643218994,0.24047374725341797,0.3309051990509033,0.0007498264312744141,0.1744382381439209,1120477,ai07,success,
vit_b32_cifar100,CIFAR100,10,0.1,42,20,4.0,no_phase0,none,0,0.0,coord_median,deep,0.0276,0.31732,0.3918,0.8692,0.0121,-0.947742711776604,0,10,"[-0.9622047244094488, -0.9688279301745636, -0.9722405816259088, -0.9210071112819528, -0.9376169681846538, -0.9354580076167568, -0.9233785822021116, -0.9681697612732095, -0.9569938258462849, -0.9315296251511487]","[0.01700787401574803, 0.012261014131338321, 0.01371447455386649, 0.053430713050163364, 0.037221875649823245, 0.04550010022048507, 0.05188536953242836, 0.011604774535809019, 0.02852884820097935, 0.035973397823458285]","[0.9792125984251968, 0.9810889443059019, 0.9859550561797753, 0.9744378243321161, 0.974838843834477, 0.9809581078372419, 0.97526395173454, 0.9797745358090185, 0.9855226740472642, 0.967503022974607]",0.01604797390301881,10,"[0.007818181818181818, 0.02150943396226415, 0.03446808510638298, 0.008043478260869565, 0.012682926829268294, 0.007058823529411765, 0.016041666666666666, 0.03, 0.022857142857142857, 0.0]",3.4409799575805664,2.6247432231903076,0.008564949035644531,0.4300270080566406,0.0008671283721923828,0.18226194381713867,1120477,ai07,success,
vit_b32_cifar100,CIFAR100,10,0.1,44,20,4.0,no_phase0,none,0,0.0,sign_majority,deep,0.0411,0.32365,0.4083,0.8673,0.0072,-0.9304901708739497,0,10,"[-0.9446366782006921, -0.922971114167813, -0.9630965005302227, -0.897912365221381, -0.9424578709412248, -0.9343008739076155, -0.9259537398618203, -0.923076923076923, -0.9352096159484022, -0.915286026883401]","[0.03525086505190311, 0.05364511691884457, 0.014846235418875928, 0.0743289745354439, 0.02116728318947801, 0.04868913857677903, 0.041303694803244216, 0.04085657931811778, 0.04866608032834946, 0.043138480775242266]","[0.9798875432525952, 0.9766162310866575, 0.9779427359490986, 0.9722413397568249, 0.9636251541307028, 0.9829900124843945, 0.9672574346650645, 0.9639335023950408, 0.9838756962767516, 0.9584245076586433]",0.02608371065363741,10,"[0.035, 0.022115384615384617, 0.04490196078431372, 0.015555555555555555, 0.040232558139534885, 0.016739130434782607, 0.03333333333333333, 0.013469387755102041, 0.034489795918367344, 0.005]",3.3699915409088135,2.7029166221618652,0.00817561149597168,0.26317667961120605,0.0006740093231201172,0.16122007369995117,1120477,ai07,success,
vit_b32_cifar100,CIFAR100,10,0.1,42,20,4.0,raw_union_K20,raw_union,6938,0.0,norm_normalized,deep,0.8124,0.31732,0.3918,0.8692,0.8189,-0.14634862145222166,0,10,"[-0.1883464566929134, -0.16438071487946793, -0.16126900198281557, -0.10763021333845857, -0.1470160116448327, -0.15153337342152728, -0.13966817496229256, -0.17556366047745353, -0.10368320204385784, -0.12439540507859737]","[0.7908661417322834, 0.816708229426434, 0.8246860541969597, 0.8668076109936576, 0.8278228321896444, 0.8294247344157146, 0.8355957767722474, 0.804210875331565, 0.8818394720034064, 0.8431076178960096]","[0.9792125984251968, 0.9810889443059019, 0.9859550561797753, 0.9744378243321161, 0.974838843834477, 0.9809581078372419, 0.97526395173454, 0.9797745358090185, 0.9855226740472642, 0.967503022974607]",0.8103873522646342,10,"[0.7938181818181819, 0.8218867924528301, 0.7759574468085106, 0.8034782608695652, 0.8048780487804879, 0.7994117647058824, 0.8060416666666667, 0.7916666666666666, 0.776734693877551, 0.93]",3.4927022457122803,2.576721668243408,0.29566097259521484,0.2746920585632324,0.0006215572357177734,0.16213083267211914,1120477,ai07,success,
vit_b32_cifar100,CIFAR100,10,0.1,44,20,4.0,raw_union_K20,raw_union,7153,0.0,weight_avg,depth-1,0.8194,0.32365,0.4083,0.8673,0.8294,-0.13446788686004305,0,10,"[-0.11851211072664358, -0.20747363594681345, -0.1809119830328738, -0.13328745125028674, -0.11528976572133165, -0.10580524344569298, -0.14223490537699002, -0.13412228796844183, -0.11638815596599239, -0.09065332916536417]","[0.8613754325259516, 0.7691425951398441, 0.7970307529162248, 0.8389538885065382, 0.8483353884093712, 0.8771847690387016, 0.8250225292880745, 0.829811214426599, 0.8674875403107593, 0.8677711784932791]","[0.9798875432525952, 0.9766162310866575, 0.9779427359490986, 0.9722413397568249, 0.9636251541307028, 0.9829900124843945, 0.9672574346650645, 0.9639335023950408, 0.9838756962767516, 0.9584245076586433]",0.8020546125976772,10,"[0.7946428571428571, 0.8067307692307693, 0.8354901960784313, 0.7975555555555556, 0.7962790697674419, 0.7719565217391304, 0.7966666666666666, 0.7942857142857143, 0.8169387755102041, 0.81]",3.379329204559326,2.430081605911255,0.32111215591430664,0.2684798240661621,0.000461578369140625,0.1639571189880371,1120477,ai07,success,
vit_b32_cifar100,CIFAR100,10,0.3,43,20,4.0,no_phase0,none,0,0.0,weight_avg,depth-1,0.0989,0.49544,0.5474,0.8683,0.011,-0.862344466767181,0,10,"[-0.8670481319421071, -0.8532274590163935, -0.8706753006475486, -0.8610726301207204, -0.8421989321732253, -0.872037914691943, -0.8658712199135981, -0.8699268607486017, -0.8638287279063978, -0.8575574905112748]","[0.10652978795018513, 0.12167008196721311, 0.09398704902867715, 0.10191965169206411, 0.12378880759343484, 0.09528560738338737, 0.10347665089487759, 0.09579807830202208, 0.11401543440378392, 0.09220808216119669]","[0.9735779198922921, 0.9748975409836066, 0.9646623496762258, 0.9629922818127845, 0.9659877397666601, 0.9673235220753305, 0.9693478708084756, 0.9657249390506238, 0.9778441623101817, 0.9497655726724715]",0.06150835294603411,9,"[0.031538461538461536, 0.0685, 0.0788, 0.08333333333333333, 0.06333333333333334, 0.0825, 0.052222222222222225, 0.049, 0.04434782608695652, null]",3.072230577468872,2.46887469291687,0.008032560348510742,0.26096487045288086,0.0004425048828125,0.14467167854309082,1120477,ai07,success,
vit_b32_cifar100,CIFAR100,10,0.3,44,20,4.0,no_phase0,none,0,0.0,coord_median,deep,0.0576,0.49165000000000003,0.5481,0.8673,0.0072,-0.915681406425867,0,10,"[-0.8868949232585597, -0.9398084815321477, -0.9222050489438434, -0.9160211267605634, -0.9352725871701021, -0.8965278977370875, -0.9276134484659195, -0.9118731563421829, -0.9264128728414442, -0.8941845212068212]","[0.07319952774498228, 0.041723666210670314, 0.05358062854198867, 0.05669014084507042, 0.03698709304565594, 0.056831922611850064, 0.04795149733602792, 0.05309734513274336, 0.04336734693877551, 0.06864888500218627]","[0.960094451003542, 0.981532147742818, 0.975785677485832, 0.9727112676056338, 0.972259680215758, 0.9533598203489376, 0.9755649458019474, 0.9649705014749262, 0.9697802197802198, 0.9628334062090075]",0.039240620490620486,9,"[0.03727272727272727, 0.02423076923076923, 0.023333333333333334, 0.04384615384615385, 0.06714285714285714, 0.04692307692307692, 0.05541666666666667, 0.02666666666666667, 0.028333333333333332, null]",3.3489253520965576,2.6956450939178467,0.008269786834716797,0.3000938892364502,0.000644683837890625,0.14985275268554688,1120477,ai07,success,
vit_b32_cifar100,CIFAR100,10,0.3,42,20,4.0,raw_union_K20,raw_union,11608,0.0,poly_gate_d2_a,depth-2,0.841,0.5069800000000001,0.564,0.8692,0.84,-0.09276666890078133,0,10,"[-0.07134268537074151, -0.07027406886858745, -0.09507767172000747, -0.09134444838595257, -0.11478260869565216, -0.08847239016525599, -0.0923645320197044, -0.09599481109129238, -0.12448313384113174, -0.08353033884948768]","[0.8891783567134268, 0.8906066994612322, 0.8804042672655812, 0.8614757006030507, 0.8558695652173913, 0.8714228133817009, 0.8832512315270936, 0.8803307929301118, 0.8441784548422198, 0.8817966903073287]","[0.9605210420841683, 0.9608807683298196, 0.9754819389855887, 0.9528201489890032, 0.9706521739130435, 0.9598952035469569, 0.975615763546798, 0.9763256040214042, 0.9686615886833515, 0.9653270291568163]",0.8304675666562922,9,"[0.8338095238095238, 0.8161904761904762, 0.8252941176470588, 0.815625, 0.8661111111111112, 0.8233333333333334, 0.8370588235294117, 0.8092857142857143, 0.8475, null]",3.4510066509246826,2.4025590419769287,0.44525718688964844,0.2644765377044678,0.0006377696990966797,0.1434159278869629,1120477,ai07,success,
vit_b32_cifar100,CIFAR100,10,0.3,44,20,4.0,raw_union_K20,raw_union,11174,0.0,norm_normalized,deep,0.8413,0.49165000000000003,0.5481,0.8673,0.8358,-0.09592164927849223,0,10,"[-0.0668240850059032, -0.09439124487004102, -0.09505409582689328, -0.10563380281690138, -0.10132922365632824, -0.1185006045949214, -0.0920448282197317, -0.09292035398230092, -0.09850863422291989, -0.09400961958898124]","[0.8932703659976388, 0.887140902872777, 0.8807315816589387, 0.8670774647887324, 0.8709304565594298, 0.8348592157540162, 0.8835201175822157, 0.8720501474926253, 0.8712715855572999, 0.8688237866200262]","[0.960094451003542, 0.981532147742818, 0.975785677485832, 0.9727112676056338, 0.972259680215758, 0.9533598203489376, 0.9755649458019474, 0.9649705014749262, 0.9697802197802198, 0.9628334062090075]",0.8176123259456594,9,"[0.8240909090909091, 0.7930769230769231, 0.8105555555555556, 0.8265384615384616, 0.8214285714285714, 0.8361538461538461, 0.7791666666666667, 0.83, 0.8375, null]",3.527071714401245,2.4728260040283203,0.4442427158355713,0.27668023109436035,0.0006899833679199219,0.1458878517150879,1120477,ai07,success,
vit_b32_cifar100,CIFAR100,10,1.0,43,20,4.0,no_phase0,none,0,0.0,norm_normalized,deep,0.0817,0.7021,0.7556,0.8683,0.011,-0.8776767535398221,0,10,"[-0.8652556580050293, -0.8756787118517132, -0.8697720515361744, -0.8912952936276551, -0.8750254841997961, -0.8838156484458736, -0.8877390326209225, -0.8689012296707656, -0.8900564312122982, -0.8692279942279942]","[0.08549874266554904, 0.08968357985395993, 0.09078295341922696, 0.07163681799250313, 0.0780835881753313, 0.07116827438370847, 0.08008998875140608, 0.09063863546211821, 0.08036582992800155, 0.09343434343434344]","[0.9507544006705784, 0.9653622917056731, 0.9605550049554014, 0.9629321116201582, 0.9531090723751274, 0.954983922829582, 0.9678290213723285, 0.9595398651328838, 0.9704222611402997, 0.9626623376623377]",0.0825,4,"[0.12, 0.0, null, null, null, null, null, 0.15, 0.06, null]",3.371291399002075,2.6081652641296387,0.00867319107055664,0.4042513370513916,0.0008301734924316406,0.15498638153076172,1120477,ai07,success,
vit_b32_cifar100,CIFAR100,10,1.0,43,20,4.0,raw_union_K20,raw_union,16877,0.0,sign_majority,deep,0.8565,0.7021,0.7556,0.8683,0.8495,-0.06436655917927829,0,10,"[-0.06202849958088852, -0.056918180116083184, -0.07076313181367688, -0.05289462723865057, -0.05810397553516822, -0.07545551982851018, -0.06726659167604054, -0.06525188417294725, -0.06752286437050015, -0.06746031746031744]","[0.8887259010896899, 0.9084441115895899, 0.8897918731417245, 0.9100374843815077, 0.8950050968399592, 0.8795284030010718, 0.900562429696288, 0.8942879809599366, 0.9028993967697996, 0.8952020202020202]","[0.9507544006705784, 0.9653622917056731, 0.9605550049554014, 0.9629321116201582, 0.9531090723751274, 0.954983922829582, 0.9678290213723285, 0.9595398651328838, 0.9704222611402997, 0.9626623376623377]",0.8275,4,"[0.88, 0.79, null, null, null, null, null, 0.78, 0.86, null]",3.8038735389709473,2.511669874191284,0.6665329933166504,0.30175161361694336,0.0008037090301513672,0.13533520698547363,1120477,ai07,success,
vit_b32_cifar100,CIFAR100,10,1.0,44,20,4.0,raw_union_K20,raw_union,16800,0.0,poly_gate_d2_a,depth-2,0.847,0.69889,0.7359,0.8673,0.8461,-0.07043548041897929,0,10,"[-0.06894934333958724, -0.07606679035250463, -0.06868644947084457, -0.06137607505863962, -0.07061028952301607, -0.08127721335268512, -0.07173790246657874, -0.06964358869315856, -0.06381322957198443, -0.07219392236079392]","[0.8930581613508443, 0.8746650175221604, 0.8904336999377465, 0.9024628616106333, 0.8854405332222454, 0.8801575782707858, 0.8928638674449256, 0.891642769356821, 0.8964980544747082, 0.8870542771825048]","[0.9620075046904315, 0.950731807874665, 0.959120149408591, 0.9638389366692729, 0.9560508227452614, 0.9614347916234709, 0.9646017699115044, 0.9612863580499795, 0.9603112840466926, 0.9592481995432988]",0.790625,4,"[0.8375, 0.785, null, 0.62, 0.92, null, null, null, null, null]",3.814789295196533,2.5415756702423096,0.6528372764587402,0.2923574447631836,0.0006909370422363281,0.13567399978637695,1120477,ai07,success,
