backbone,dataset,N,alpha,seed,K,tau,method,phase0_kind,probe_size_actual,sigma,acc,mean_teacher,best_teacher,oracle,theta0_acc,m3_mean_gap,m3_clients_helped,m3_clients_evaluated,m3_gap,m3_student_acc_on_Di,m3_teacher_acc_on_Di,m4_mean,m4_clients_evaluated,m4_ood_acc,wall_clock_sec,phase_teacher_sec,phase_phase0_sec,phase_distill_sec,phase_aggregate_sec,phase_eval_sec,job_id,node,status,error
mlp_mnist,MNIST,10,0.01,43,300,4.0,dp_avg_eps2_K20,dp_avg,10,4.216436363495281,0.3196,0.18355,0.2904,0.9747,0.1677,-0.6782046707722629,0,10,"[-0.33909180651530113, -0.5853808985298654, -0.8237082066869301, -0.6226113150710721, -0.9219845722300141, -0.9285714285714286, -0.9850636989310294, -0.043609289133132445, -0.7340965266033563, -0.7979289654504984]","[0.6559723593287266, 0.4140022617456564, 0.16109422492401215, 0.375223571495811, 0.07801542776998598, 0.0, 0.013032654854297847, 0.9563907108668676, 0.26551320411083645, 0.2011032613955289]","[0.9950641658440277, 0.9993831602755218, 0.9848024316109423, 0.9978348865668831, 1.0, 0.9285714285714286, 0.9980963537853272, 1.0, 0.9996097307141928, 0.9990322268460273]",0.30006710921447016,10,"[0.21356043236161154, 0.29028259791769956, 0.34547792541791683, 0.29109632048223033, 0.3458980044345898, 0.39568801521876984, 0.31795716639209226, 0.24772676868485252, 0.2761868877166541, 0.27679697351828497]",17.74552607536316,13.109323024749756,0.04493975639343262,4.2045464515686035,0.0010426044464111328,0.20831894874572754,1116729,ai05,success,
mlp_mnist,MNIST,10,0.01,44,300,4.0,noprobe_dp_avg_eps2_K20,noprobe_dp_avg,24,4.208864507125922,0.2898,0.15971,0.2014,0.9776,0.1892,-0.7747115480722326,0,10,"[-0.8919210053859964, -0.8179632491842692, -0.2042272362436457, -0.9328, -0.6854493580599144, -0.6679438058748404, -0.9993272788429196, -0.924346016646849, -0.6246069182389937, -0.998530612244898]","[0.1080789946140036, 0.18203675081573073, 0.7954160349594221, 0.0512, 0.3101818830242511, 0.3314176245210728, 0.0005045408678102926, 0.07565398335315102, 0.375, 0.00032653061224489796]","[1.0, 1.0, 0.9996432712030678, 0.984, 0.9956312410841655, 0.9993614303959132, 0.9998318197107299, 1.0, 0.9996069182389937, 0.9988571428571429]",0.2764246960844393,10,"[0.23784119106699753, 0.3014935354436023, 0.16558845483951232, 0.31932773109243695, 0.28300958937791987, 0.2097324985771201, 0.34862250879249707, 0.3183305132543711, 0.28488664987405543, 0.29541428852588075]",17.793014526367188,13.18300724029541,0.03860211372375488,4.18081259727478,0.0010447502136230469,0.2073533535003662,1116729,ai05,success,
mlp_mnist,MNIST,10,0.05,44,300,4.0,dp_avg_eps2_K20,dp_avg,10,4.208864507125922,0.4874,0.33845000000000003,0.5152,0.9776,0.2046,-0.5588168712392487,0,10,"[-0.6874247376569758, -0.48436414176511466, -0.28761606443673793, -0.7845816052695779, -0.4746901315166998, -0.8884483214380121, -0.21666366744646393, -0.3782876329043089, -0.531540847983454, -0.8545515619751427]","[0.31068295200412865, 0.5154042158906648, 0.7110415035238841, 0.20858746035618445, 0.5150913047592014, 0.11022997620935765, 0.7813568472197229, 0.6203693340794628, 0.46794208893485006, 0.13839435673496808]","[0.9981076896611044, 0.9997683576557794, 0.998657567960622, 0.9931690656257623, 0.9897814362759012, 0.9986782976473698, 0.9980205146661868, 0.9986569669837717, 0.999482936918304, 0.9929459187101108]",0.44769884974837604,10,"[0.41162905616867074, 0.45, 0.4166994879873966, 0.7638713745271122, 0.32110552763819095, 0.4869435463814971, 0.25205198358413133, 0.2698151950718686, 0.4241741741741742, 0.6806981519507187]",17.795315265655518,13.18401312828064,0.045676469802856445,4.191192150115967,0.0010502338409423828,0.19593214988708496,1116729,ai05,success,
mlp_mnist,MNIST,10,0.05,42,300,4.0,noprobe_dp_avg_eps8_K20,noprobe_dp_avg,50,1.057733768272992,0.4548,0.33375,0.5902,0.9735,0.2849,-0.5215287194820738,0,10,"[-0.4285714285714286, -0.7680328889996263, -0.7775824175824175, -0.36976953778807786, -0.93158953722334, -0.6274209012464046, -0.45331529093369416, -0.2626728110599078, -0.4284296208060353, -0.16790276060980636]","[0.5253456221198156, 0.22636103151862463, 0.2164102564102564, 0.6204454744431569, 0.05995975855130785, 0.3719079578139981, 0.5445481091090378, 0.695852534562212, 0.5674012308914036, 0.830655129789864]","[0.9539170506912442, 0.9943939205182509, 0.993992673992674, 0.9902150122312348, 0.9915492957746479, 0.9993288590604027, 0.997863400042732, 0.9585253456221198, 0.9958308516974389, 0.9985578903996704]",0.3501804196942498,10,"[0.4116174261392088, 0.15308151093439365, 0.35366094335898957, 0.3206470028544244, 0.3797316242739836, 0.3165106951871658, 0.18349928876244664, 0.46543933054393305, 0.4453645072251989, 0.47225186766275346]",18.031395196914673,13.364278078079224,0.04460549354553223,4.219728946685791,0.0010466575622558594,0.21204733848571777,1116729,ai05,success,
mlp_mnist,MNIST,10,0.1,43,300,4.0,noprobe_dp_avg_eps8_K20,noprobe_dp_avg,55,1.0541090908738202,0.389,0.33163,0.4743,0.9747,0.3009,-0.697329798387054,0,10,"[-0.8740973312401884, -0.9947916666666666, -0.6186046511627907, -0.05131004366812231, -0.30782498706376127, -0.7629029926268613, -0.9455676516329704, -0.6856690419635788, -0.999290780141844, -0.7332388377037562]","[0.12150706436420722, 0.003125, 0.35753286147623864, 0.9468704512372634, 0.6876329557868108, 0.23521757987566863, 0.04121306376360809, 0.2921615201900237, 0.0003546099290780142, 0.2639262934089298]","[0.9956043956043956, 0.9979166666666667, 0.9761375126390294, 0.9981804949053857, 0.9954579428505721, 0.99812057250253, 0.9867807153965785, 0.9778305621536025, 0.999645390070922, 0.997165131112686]",0.3092145435743384,9,"[0.19091796875, 0.5486411973217802, 0.29289644822411204, 0.15760640539401602, 0.0029636947394418374, 0.3348306841741534, 0.259175465057818, 0.5714285714285714, 0.4244704570791527, null]",17.918389558792114,13.296563863754272,0.04656624794006348,4.198639631271362,0.0010547637939453125,0.19300580024719238,1116729,ai05,success,
mlp_mnist,MNIST,10,0.1,42,300,4.0,raw_union_K20,raw_union,1022,0.0,0.8979,0.42746000000000006,0.6231,0.9735,0.8739,-0.11630873620472956,0,10,"[-0.08370857868606396, -0.19389587073608627, -0.05027442371020863, -0.055467209465046796, -0.08153340008582466, -0.23315297589768813, -0.15518331226295834, -0.08742161563998518, -0.09223128769067046, -0.13021868787276347]","[0.9117884770811685, 0.8031867145421903, 0.9448957189901207, 0.9405254118694739, 0.913317122014018, 0.7666830627971799, 0.8426042983565107, 0.9087052748063446, 0.904930826534232, 0.8543737574552683]","[0.9954970557672325, 0.9970825852782765, 0.9951701427003293, 0.9959926213345207, 0.9948505220998427, 0.999836038694868, 0.9977876106194691, 0.9961268904463297, 0.9971621142249024, 0.9845924453280318]",0.8981002586408088,9,"[0.9008610086100861, 0.9214586255259467, 0.8854581673306773, 0.8335579514824798, 0.8559264305177112, 0.8975055150178177, 0.9392538791680423, 0.9580223880597015, 0.890858362054817, null]",17.900096893310547,13.224344730377197,0.11243581771850586,4.190563917160034,0.0010492801666259766,0.18838047981262207,1116729,ai05,success,
mlp_mnist,MNIST,10,0.3,44,300,4.0,noprobe_dp_avg_eps8_K20,noprobe_dp_avg,91,1.0522161267814805,0.7787,0.71258,0.8846,0.9776,0.4835,-0.21688768601915304,0,10,"[-0.16059564719358532, -0.4314036478984933, -0.1376100203114421, -0.18059658820165825, -0.21143006947175247, -0.31439292414902165, -0.1586110277194036, -0.11052520565281587, -0.18208661417322836, -0.28162511542012925]","[0.8329896907216495, 0.5646312450436162, 0.8510494245091401, 0.8043457543123987, 0.7824092279459955, 0.672071830608416, 0.8330831582107475, 0.8827251634676229, 0.8100393700787402, 0.716528162511542]","[0.9935853379152348, 0.9960348929421095, 0.9886594448205822, 0.984942342514057, 0.993839297417748, 0.9864647547574377, 0.9916941859301511, 0.9932503691204387, 0.9921259842519685, 0.9981532779316713]",0.6956627777945865,4,"[0.6294178794178794, null, null, 0.8740088105726872, null, null, 0.5169154228855721, null, 0.7623089983022071, null]",17.8146550655365,13.209291696548462,0.05906343460083008,4.176805734634399,0.0010445117950439453,0.17955660820007324,1116729,ai05,success,
mlp_mnist,MNIST,10,0.3,43,300,4.0,raw_union_K20,raw_union,1638,0.0,0.9243,0.7185199999999999,0.9304,0.9747,0.8905,-0.06874411078834622,0,10,"[-0.08286731062531771, -0.05703599812996729, -0.06426119581703515, -0.061441805984453146, -0.03427781617138903, -0.05342482538904547, -0.07105719237435015, -0.11833612240019131, -0.07585523054040655, -0.06888361045130642]","[0.9013726487036096, 0.9280037400654512, 0.9252813921928634, 0.9282291555744863, 0.938217000691085, 0.942899154515378, 0.9235701906412478, 0.8728185512789863, 0.9159643034209222, 0.9239904988123515]","[0.9842399593289273, 0.9850397381954185, 0.9895425880098986, 0.9896709615589394, 0.9724948168624741, 0.9963239799044235, 0.9946273830155979, 0.9911546736791776, 0.9918195339613287, 0.9928741092636579]",0.9176756751450146,4,"[0.9582074521651561, 0.9198019801980198, null, null, null, null, 0.8624229979466119, 0.9302702702702703, null, null]",17.864136934280396,13.146153211593628,0.15700054168701172,4.207345247268677,0.0010488033294677734,0.170457124710083,1116729,ai05,success,
mlp_mnist,MNIST,10,1.0,42,300,4.0,noprobe_raw_union_K20,noprobe_raw_union,100,0.0,0.8857,0.89373,0.9285,0.9735,0.5461,-0.10220198429976231,0,10,"[-0.08962444302991723, -0.1269724770642202, -0.0871352240032881, -0.08180656156795907, -0.12311153969784627, -0.10655408122235632, -0.11024939172749393, -0.06954854453547155, -0.134278350515464, -0.09273922963360626]","[0.8972628898790579, 0.8671559633027522, 0.9005343197698314, 0.8992330634853004, 0.8601735776277725, 0.8757539203860072, 0.8541666666666666, 0.9091859857068154, 0.8548969072164948, 0.8963897463427728]","[0.9868873329089751, 0.9941284403669725, 0.9876695437731196, 0.9810396250532595, 0.9832851173256187, 0.9823080016083635, 0.9644160583941606, 0.978734530242287, 0.9891752577319588, 0.989128975976379]",,0,"[null, null, null, null, null, null, null, null, null, null]",17.894895315170288,13.28651738166809,0.04796552658081055,4.209332704544067,0.0010640621185302734,0.16803479194641113,1116729,ai05,success,
mlp_mnist,MNIST,10,1.0,44,300,4.0,raw_union_K20,raw_union,1993,0.0,0.9405,0.89923,0.9203,0.9776,0.9133,-0.04775242403238088,0,10,"[-0.052424122979897514, -0.04928198433420361, -0.04677704549107864, -0.04884180283713413, -0.04046627810158199, -0.041892079345262845, -0.05053191489361697, -0.03937689311986159, -0.04929844520288207, -0.05863367401828945]","[0.9325975561687032, 0.9357049608355091, 0.9429352194181, 0.9362542646794757, 0.9440466278101582, 0.9485365515328062, 0.9347826086956522, 0.9448290783210731, 0.9332574895714827, 0.925587233279541]","[0.9850216791486007, 0.9849869451697127, 0.9897122649091786, 0.9850960675166098, 0.9845129059117402, 0.9904286308780691, 0.9853145235892692, 0.9842059714409347, 0.9825559347743648, 0.9842209072978304]",,0,"[null, null, null, null, null, null, null, null, null, null]",17.93564200401306,13.19740605354309,0.18962860107421875,4.189433336257935,0.0010514259338378906,0.1653273105621338,1116729,ai05,success,
mlp_mnist,MNIST,1,0.01,42,300,4.0,noprobe_dp_avg_eps2_K20,noprobe_dp_avg,10,4.230935073091968,0.8991,0.9711,0.9711,0.9735,0.1764,-0.08828046744574292,0,1,[-0.08828046744574292],[0.8947412353923205],[0.9830217028380634],,0,[null],20.846232175827026,13.18620777130127,0.06348919868469238,0.4977681636810303,0.00019860267639160156,0.16387391090393066,1116729,ai05,success,
mlp_mnist,MNIST,1,0.01,44,300,4.0,noprobe_raw_union_K20,noprobe_raw_union,10,0.0,0.8886,0.9635,0.9635,0.9776,0.3388,-0.09298831385642736,0,1,[-0.09298831385642736],[0.8853422370617696],[0.978330550918197],,0,[null],13.841587543487549,12.991644620895386,0.0424044132232666,0.4486558437347412,0.0001983642578125,0.16074919700622559,1116729,ai05,success,
mlp_mnist,MNIST,1,0.05,42,300,4.0,dp_avg_eps2_K20,dp_avg,10,4.230935073091968,0.8991,0.9711,0.9711,0.9735,0.1764,-0.08828046744574292,0,1,[-0.08828046744574292],[0.8947412353923205],[0.9830217028380634],,0,[null],13.87797236442566,13.039219617843628,0.036522626876831055,0.4470047950744629,0.00019550323486328125,0.16503095626831055,1116729,ai05,success,
mlp_mnist,MNIST,1,0.05,43,300,4.0,noprobe_dp_avg_eps2_K20,noprobe_dp_avg,10,4.216436363495281,0.9005,0.9737,0.9737,0.9747,0.2824,-0.0897328881469115,0,1,[-0.0897328881469115],[0.8958263772954925],[0.985559265442404],,0,[null],13.850515127182007,13.001551628112793,0.04127669334411621,0.45264148712158203,0.00019931793212890625,0.16064667701721191,1116729,ai05,success,
mlp_mnist,MNIST,1,0.1,43,300,4.0,dp_avg_eps2_K20,dp_avg,10,4.216436363495281,0.8917,0.9709,0.9709,0.9747,0.2873,-0.09419031719532556,0,1,[-0.09419031719532556],[0.8906176961602671],[0.9848080133555926],,0,[null],13.915488481521606,13.087356090545654,0.034111976623535156,0.4507474899291992,0.0001983642578125,0.1608738899230957,1116729,ai05,success,
mlp_mnist,MNIST,1,0.1,44,300,4.0,noprobe_dp_avg_eps2_K20,noprobe_dp_avg,10,4.208864507125922,0.8959,0.9744,0.9744,0.9776,0.1359,-0.09682804674457435,0,1,[-0.09682804674457435],[0.891118530884808],[0.9879465776293823],,0,[null],13.838122844696045,12.999438047409058,0.042825937271118164,0.4517953395843506,0.00019097328186035156,0.16058349609375,1116729,ai05,success,
mlp_mnist,MNIST,1,0.3,44,300,4.0,dp_avg_eps2_K20,dp_avg,10,4.208864507125922,0.8959,0.9744,0.9744,0.9776,0.1359,-0.09682804674457435,0,1,[-0.09682804674457435],[0.891118530884808],[0.9879465776293823],,0,[null],13.966895818710327,13.119004249572754,0.03753232955932617,0.4555795192718506,0.00019168853759765625,0.16069936752319336,1116729,ai05,success,
mlp_mnist,MNIST,1,0.3,42,300,4.0,noprobe_dp_avg_eps8_K20,noprobe_dp_avg,10,1.057733768272992,0.9049,0.9696,0.9696,0.9735,0.2787,-0.07879799666110188,0,1,[-0.07879799666110188],[0.9025208681135225],[0.9813188647746244],,0,[null],13.87764310836792,13.041440486907959,0.03870797157287598,0.45258283615112305,0.00018668174743652344,0.1605525016784668,1116729,ai05,success,
mlp_mnist,MNIST,1,1.0,43,300,4.0,noprobe_dp_avg_eps8_K20,noprobe_dp_avg,10,1.0541090908738202,0.8919,0.9654,0.9654,0.9747,0.3046,-0.09055091819699501,0,1,[-0.09055091819699501],[0.8878464106844741],[0.9783973288814691],,0,[null],13.826905488967896,12.995436429977417,0.03869009017944336,0.449704647064209,0.0001895427703857422,0.16054677963256836,1116729,ai05,success,
mlp_mnist,MNIST,1,1.0,42,300,4.0,raw_union_K20,raw_union,200,0.0,0.9074,0.9717,0.9717,0.9735,0.6913,-0.07854757929883138,0,1,[-0.07854757929883138],[0.9072287145242071],[0.9857762938230384],,0,[null],13.859360218048096,13.010969638824463,0.048204660415649414,0.4469001293182373,0.00018739700317382812,0.15995216369628906,1116729,ai05,success,
mlp_mnist,MNIST,20,0.01,43,300,4.0,noprobe_raw_union_K20,noprobe_raw_union,0,0.0,,0.13292500000000002,0.3037,0.9747,,,,,[],[],[],,,[],13.426028966903687,13.229317903518677,0.0,0.0,0.0,0.0,1116729,ai05,FAIL,"RuntimeError: cannot reshape tensor of 0 elements into shape [0, -1] because the unspecified dimension size -1 can be any value and is ambiguous"
mlp_mnist,MNIST,20,0.05,42,300,4.0,noprobe_dp_avg_eps2_K20,noprobe_dp_avg,0,0.0,,0.25775000000000003,0.5272,0.9735,,,,,[],[],[],,,[],13.494635820388794,13.280971765518188,0.0,0.0,0.0,0.0,1116729,ai05,FAIL,"RuntimeError: cannot reshape tensor of 0 elements into shape [0, -1] because the unspecified dimension size -1 can be any value and is ambiguous"
mlp_mnist,MNIST,20,0.05,44,300,4.0,noprobe_raw_union_K20,noprobe_raw_union,83,0.0,0.5518,0.27298500000000003,0.5003,0.9776,0.4401,-0.4037568049904515,0,20,"[-0.3031026252983293, -0.3507072570725708, -0.14552321706287485, -0.4617685548700692, -0.8338806787082649, -0.2962962962962963, -0.13680387409200967, -0.7980569049271339, -0.33678756476683935, -0.9942834614626455, -0.010825439783491153, -0.01541850220264318, -0.16572807723250205, -0.31254733653117905, -0.13816561107201497, -0.028028028028028062, -0.8200745804847731, -0.9342948717948717, -0.8308550185873605, -0.16198819953513321]","[0.684964200477327, 0.6486777367773677, 0.8520328815818707, 0.5318751168442699, 0.16475095785440613, 0.5925925925925926, 0.8631961259079903, 0.19430950728660654, 0.6627414036740462, 0.004730928444707274, 0.9891745602165088, 0.9845814977973568, 0.827031375703942, 0.6864428174703358, 0.8601923528031903, 0.960960960960961, 0.173088875077688, 0.06530448717948718, 0.16781731279872544, 0.8364026461648489]","[0.9880668257756563, 0.9993849938499385, 0.9975560986447456, 0.9936436717143391, 0.9986316365626711, 0.8888888888888888, 1.0, 0.9923664122137404, 0.9995289684408856, 0.9990143899073527, 1.0, 1.0, 0.9927594529364441, 0.9989901540015148, 0.9983579638752053, 0.988988988988989, 0.9931634555624611, 0.9995993589743589, 0.998672331386086, 0.9983908456999822]",0.5410761969221588,20,"[0.5403050108932462, 0.3066734589913398, 0.4509023731703851, 0.5784978648580759, 0.5095876463600882, 0.5559191804211725, 0.4223734581029349, 0.25258086717136957, 0.6135730211817169, 0.5521635625262569, 0.4948674562887761, 0.5045454545454545, 0.46395164771909625, 0.5223138146674247, 0.48349948435888623, 0.5904139433551199, 0.8990690837824595, 0.5062975981253661, 0.5872543180464562, 0.986734693877551]",22.164674520492554,13.326893091201782,0.04325509071350098,8.37697148323059,0.0019881725311279297,0.23945045471191406,1116729,ai05,success,
mlp_mnist,MNIST,20,0.1,42,300,4.0,dp_avg_eps2_K20,dp_avg,10,4.230935073091968,0.5599,0.39789,0.6246,0.9735,0.2889,-0.41557102252298395,0,20,"[-0.3233601841196778, -0.19521117392750253, -0.47337278106508873, -0.29251940719830627, -0.7474747474747475, -0.5678233438485805, -0.616970998925886, -0.37410071942446044, -0.33536585365853655, -0.19839594765723934, -0.20407715914072777, -0.34705882352941175, -0.10118043844856661, -0.6596375617792423, -0.5124450951683748, -0.27892432770481546, -0.582428702851886, -0.2331104450080701, -0.8702141466580143, -0.3977485928705441]","[0.6605293440736478, 0.7994679082141669, 0.5029585798816568, 0.6965419901199718, 0.2222222222222222, 0.416403785488959, 0.3774436090225564, 0.5503597122302158, 0.6036585365853658, 0.7961165048543689, 0.7943884261288908, 0.6294117647058823, 0.8966273187183811, 0.3367380560131796, 0.445095168374817, 0.7166979362101313, 0.40827966881324745, 0.7558219967719622, 0.12702790395846852, 0.5897435897435898]","[0.9838895281933256, 0.9946790821416694, 0.9763313609467456, 0.989061397318278, 0.9696969696969697, 0.9842271293375394, 0.9944146079484425, 0.9244604316546763, 0.9390243902439024, 0.9945124525116082, 0.9984655852696186, 0.9764705882352941, 0.9978077571669477, 0.9963756177924218, 0.9575402635431918, 0.9956222639149468, 0.9907083716651334, 0.9889324417800323, 0.9972420506164829, 0.9874921826141339]",0.5297166737814909,19,"[0.7833876221498371, 0.4540763673890609, 0.47641913908420513, 0.551827242524917, 0.6389508928571429, 0.5633278145695364, 0.5566677429770746, 0.6759600210415571, 0.5734790409394879, 0.4457162677766216, 0.4945375091041515, 0.6379797308523011, 0.6841332027424094, 0.5105512841485359, 0.48743595999024153, 0.0, 0.7596899224806202, 0.3291814946619217, 0.44129554655870445, null]",22.256800174713135,13.397288084030151,0.06403756141662598,8.388254404067993,0.0019838809967041016,0.21819806098937988,1116729,ai05,success,
mlp_mnist,MNIST,20,0.1,43,300,4.0,noprobe_dp_avg_eps2_K20,noprobe_dp_avg,121,4.216436363495281,0.638,0.386965,0.5646,0.9747,0.4981,-0.3365176822099692,1,20,"[-0.350597609561753, -0.27751196172248804, -0.6854384553499597, -0.6345029239766081, -0.35279706002449984, -0.13121727748691103, -0.1580345285524568, -0.49208163265306126, -0.41832229580573954, -0.1186926605504588, -0.3469758981355161, -0.376521116678597, -0.05257270693512306, -0.05797752808988765, 0.023121387283236983, -0.37498106921096463, -0.39164490861618806, -0.6027689030883918, -0.24768611670020124, -0.6831503783438133]","[0.601593625498008, 0.7097288676236044, 0.3000804505229284, 0.32456140350877194, 0.6425752007622159, 0.8622382198952879, 0.834756213242269, 0.5067755102040816, 0.5706401766004415, 0.8767201834862385, 0.63756252842201, 0.6005726556907659, 0.9351230425055929, 0.9303370786516854, 0.9826589595375722, 0.6206269877328487, 0.5953002610966057, 0.3844515441959531, 0.7484909456740443, 0.31013535116700414]","[0.952191235059761, 0.9872408293460925, 0.9855189058728882, 0.9590643274853801, 0.9953722607867157, 0.993455497382199, 0.9927907417947258, 0.9988571428571429, 0.9889624724061811, 0.9954128440366973, 0.9845384265575261, 0.9770937723693629, 0.9876957494407159, 0.988314606741573, 0.9595375722543352, 0.9956080569438134, 0.9869451697127938, 0.987220447284345, 0.9961770623742455, 0.9932857295108174]",0.5532370106079713,19,"[0.5258333333333334, 0.5986608901142182, 0.7426541814659348, 0.6702743518751573, 0.19609856262833675, 0.3724820757937863, 0.46668318057963837, 0.534326313987331, 0.6245660439742106, 0.2699130434782609, 0.7049500121921483, 0.4343855987477172, 0.5117073170731707, 0.710208030962748, 0.5717806531115218, 0.5829808410052252, 0.6516630153355906, 0.7109213250517599, 0.631414430841365, null]",22.230974912643433,13.33035683631897,0.06604599952697754,8.416009664535522,0.001984834671020508,0.2373490333557129,1116729,ai05,success,
mlp_mnist,MNIST,20,0.3,43,300,4.0,dp_avg_eps2_K20,dp_avg,10,4.216436363495281,0.7571,0.6114550000000001,0.7931,0.9747,0.3354,-0.23108672990602314,0,20,"[-0.23239917976760083, -0.3997699165947656, -0.4963799594555459, -0.046242774566474076, -0.18934324659231727, -0.07508342602892093, -0.09479305740987987, -0.5095057034220533, -0.35621219171707774, -0.18123209169054444, -0.07973568281938326, -0.36135181975736563, -0.23142463350457332, -0.24897959183673468, -0.1368142762723067, -0.24226519337016583, -0.10914643947918345, -0.2855524079320113, -0.16162669447340983, -0.18387631143014904]","[0.7477785372522214, 0.5898763301696865, 0.4879814653924124, 0.9371387283236994, 0.8019826517967782, 0.9098998887652948, 0.8885180240320427, 0.4847908745247148, 0.6235458352722196, 0.8008595988538681, 0.9096916299559471, 0.635470826112074, 0.7621851898258364, 0.7257142857142858, 0.8539325842696629, 0.7417127071823204, 0.8816910464555537, 0.7031161473087819, 0.8331595411887383, 0.8111540585311983]","[0.9801777170198223, 0.9896462467644521, 0.9843614248479583, 0.9833815028901735, 0.9913258983890955, 0.9849833147942157, 0.9833110814419226, 0.9942965779467681, 0.9797580269892974, 0.9820916905444126, 0.9894273127753304, 0.9968226458694396, 0.9936098233304097, 0.9746938775510204, 0.9907468605419696, 0.9839779005524862, 0.9908374859347372, 0.9886685552407932, 0.9947862356621481, 0.9950303699613473]",0.7926072777999645,11,"[null, 0.6031390134529148, 0.8131524008350731, null, 0.8131524008350731, 0.8093385214007782, null, null, null, 0.5538302277432712, null, 0.8713794796269023, null, 0.6031390134529148, 0.9345887016848364, 0.9455445544554455, null, 0.9887755102040816, 0.7826402321083172, null]",22.207631826400757,13.320680856704712,0.07713723182678223,8.434805870056152,0.0019881725311279297,0.19388079643249512,1116729,ai05,success,
mlp_mnist,MNIST,20,0.3,44,300,4.0,noprobe_dp_avg_eps2_K20,noprobe_dp_avg,181,4.208864507125922,0.8051,0.6077199999999999,0.7891,0.9776,0.4543,-0.19750047794911707,0,20,"[-0.4708149779735683, -0.11969021356489085, -0.3384720794792737, -0.42549668874172186, -0.1835260115606936, -0.15928411633109618, -0.17735716789344547, -0.244663382594417, -0.14473161033797222, -0.16137931034482755, -0.11113605747642574, -0.06644518272425248, -0.1945259042033235, -0.22258967183922662, -0.11170966827332018, -0.1384051329055912, -0.32516703786191536, -0.09093448805699123, -0.1322239031770045, -0.1314569536423842]","[0.5209251101321586, 0.8749119924900258, 0.6485097636176773, 0.5591887417218543, 0.7911849710982659, 0.8373601789709172, 0.8177357167893445, 0.7077175697865353, 0.8349900596421471, 0.8337931034482758, 0.8823529411764706, 0.9127906976744186, 0.7999348321928967, 0.7685067412872043, 0.8780833569605897, 0.8518179040635503, 0.5879732739420935, 0.9012431903897192, 0.8550680786686838, 0.8350993377483443]","[0.9917400881057269, 0.9946022060549167, 0.986981843096951, 0.9846854304635762, 0.9747109826589595, 0.9966442953020134, 0.99509288468279, 0.9523809523809523, 0.9797216699801193, 0.9951724137931034, 0.9934889986528963, 0.979235880398671, 0.9944607363962202, 0.9910964131264309, 0.9897930252339099, 0.9902230369691415, 0.9131403118040089, 0.9921776784467105, 0.9872919818456883, 0.9665562913907285]",0.7219549667355349,12,"[0.6821705426356589, null, null, 0.7683168316831683, null, 0.537962037962038, 0.8395581273014203, 0.8191377497371188, null, 0.9350515463917526, 0.6306306306306306, 0.21971252566735114, 0.9460285132382892, null, 0.9832599118942731, null, 0.8440040650406504, 0.4576271186440678, null, null]",22.217368125915527,13.3945472240448,0.08275890350341797,8.368953227996826,0.0019919872283935547,0.18454337120056152,1116729,ai05,success,
mlp_mnist,MNIST,20,1.0,44,300,4.0,dp_avg_eps2_K20,dp_avg,10,4.208864507125922,0.8691,0.8392899999999999,0.9182,0.9776,0.2274,-0.11481180228488737,0,20,"[-0.04588910133843205, -0.11252178242469502, -0.11224175146469317, -0.11569073337123359, -0.09283295711060946, -0.13821138211382122, -0.1245727307254082, -0.09899482180932073, -0.09962341663813767, -0.08241015941637397, -0.1225263157894736, -0.13572245520396498, -0.11018093437753174, -0.14708171206225673, -0.1128668171557562, -0.13904704824692837, -0.12133891213389114, -0.12570245489500154, -0.10691440755406645, -0.15186615186615193]","[0.8830465264499682, 0.8581030619865572, 0.8803576934936787, 0.873507674815236, 0.8854401805869074, 0.8380237648530331, 0.8644132168628941, 0.8824246116356991, 0.8873673399520712, 0.9008376114563631, 0.8555789473684211, 0.8536027449485322, 0.8768566027545234, 0.8303501945525292, 0.8363431151241535, 0.8474677854360204, 0.8651789865178987, 0.8609878734102336, 0.8702406335668595, 0.8400900900900901]","[0.9289356277884002, 0.9706248444112522, 0.9925994449583718, 0.9891984081864695, 0.9782731376975169, 0.9762351469668543, 0.9889859475883023, 0.9814194334450198, 0.9869907565902089, 0.9832477708727371, 0.9781052631578947, 0.9893252001524971, 0.9870375371320551, 0.977431906614786, 0.9492099322799097, 0.9865148336829488, 0.9865178986517898, 0.9866903283052352, 0.977155041120926, 0.991956241956242]",0.9656387665198238,1,"[null, null, null, null, null, null, null, null, null, null, null, null, null, null, null, null, 0.9656387665198238, null, null, null]",22.160503387451172,13.362102746963501,0.08249354362487793,8.364035844802856,0.0019876956939697266,0.1733839511871338,1116729,ai05,success,
mlp_mnist,MNIST,20,1.0,42,300,4.0,noprobe_dp_avg_eps8_K20,noprobe_dp_avg,200,1.057733768272992,0.8983,0.8595900000000001,0.9093,0.9735,0.6629,-0.0898200202787995,0,20,"[-0.12025491825990586, -0.09013754755633596, -0.0939250323136579, -0.0862775217613927, -0.11359894632861378, -0.05384615384615388, -0.09446652399877709, -0.08949599623174753, -0.08836023789294822, -0.05490196078431375, -0.07940214852872496, -0.06962213626896752, -0.08481764206955045, -0.0804866635470286, -0.08645640074211502, -0.08926961226330032, -0.11270578303081469, -0.09639830508474578, -0.11965164710336995, -0.09232522796352582]","[0.8620116375727348, 0.8949370793093356, 0.8918569582076691, 0.8973374295954941, 0.8564372736252881, 0.9320512820512821, 0.8862733109140936, 0.8959020254357042, 0.8844519966015293, 0.9396514161220043, 0.9126576366184026, 0.9157988693841119, 0.899067005937235, 0.8837154890032756, 0.9068645640074211, 0.8818755635707844, 0.8725200506542845, 0.8922139830508474, 0.8655812192351382, 0.89209726443769]","[0.9822665558326407, 0.9850746268656716, 0.985781990521327, 0.9836149513568868, 0.9700362199539019, 0.985897435897436, 0.9807398349128706, 0.9853980216674517, 0.9728122344944775, 0.9945533769063181, 0.9920597851471276, 0.9854210056530794, 0.9838846480067854, 0.9642021525503042, 0.9933209647495361, 0.9711451758340848, 0.9852258336850992, 0.9886122881355932, 0.9852328663385082, 0.9844224924012158]",,0,"[null, null, null, null, null, null, null, null, null, null, null, null, null, null, null, null, null, null, null, null]",22.26431965827942,13.43506669998169,0.09650754928588867,8.367145776748657,0.001981496810913086,0.17125964164733887,1116729,ai05,success,
mlp_mnist,MNIST,50,0.01,43,300,4.0,noprobe_dp_avg_eps8_K20,noprobe_dp_avg,0,0.0,,0.132148,0.2998,0.9747,,,,,[],[],[],,,[],13.484262466430664,13.289601802825928,0.0,0.0,0.0,0.0,1116729,ai05,FAIL,"RuntimeError: cannot reshape tensor of 0 elements into shape [0, -1] because the unspecified dimension size -1 can be any value and is ambiguous"
mlp_mnist,MNIST,50,0.01,42,300,4.0,raw_union_K20,raw_union,738,0.0,0.8826,0.10940200000000001,0.2011,0.9735,0.8472,-0.08766524441243213,0,36,"[-0.08706822723379959, -0.0847457627118644, 0.0, -0.1477272727272727, null, null, -0.11912751677852351, null, null, null, null, -0.05940594059405946, null, -0.09108527131782951, -0.08116084604033447, 0.0, -0.08536585365853655, -0.05585725368502714, -0.18210262828535673, -0.21340437464946727, -0.17985948477751756, null, 0.0, null, -0.17085427135678388, 0.0, -0.125, 0.0, -0.057613168724279795, null, null, -0.19131097560975607, -0.0936890045543266, -0.08108108108108103, 0.0, -0.09523809523809523, null, -0.19917012448132776, 0.0, -0.07299999999999995, -0.14366197183098584, null, -0.10028292989625909, -0.1853231106243154, 0.0, -0.08619572261827613, null, -0.08947368421052637, 0.0, -0.07714422616195504]","[0.9129317727662004, 0.9152542372881356, 1.0, 0.8522727272727273, null, null, 0.8808724832214765, null, null, null, null, 0.9405940594059405, null, 0.9089147286821705, 0.9188391539596655, 1.0, 0.9024390243902439, 0.9441427463149729, 0.8178973717146433, 0.7851934941110488, 0.8201405152224824, null, 1.0, null, 0.8291457286432161, 1.0, 0.875, 1.0, 0.9423868312757202, null, null, 0.8086890243902439, 0.905985686402082, 0.918918918918919, 0.9459459459459459, 0.9047619047619048, null, 0.8008298755186722, 1.0, 0.927, 0.8553990610328639, null, 0.8957874882112543, 0.8142387732749179, 1.0, 0.9138042773817239, null, 0.8894736842105263, 1.0, 0.920939147101102]","[1.0, 1.0, 1.0, 1.0, null, null, 1.0, null, null, null, null, 1.0, null, 1.0, 1.0, 1.0, 0.9878048780487805, 1.0, 1.0, 0.998597868760516, 1.0, null, 1.0, null, 1.0, 1.0, 1.0, 1.0, 1.0, null, null, 1.0, 0.9996746909564086, 1.0, 0.9459459459459459, 1.0, null, 1.0, 1.0, 1.0, 0.9990610328638497, null, 0.9960704181075134, 0.9995618838992333, 1.0, 1.0, null, 0.9789473684210527, 1.0, 0.9980833732630571]",0.8823283811537413,50,"[0.8793408537934085, 0.878176549264378, 0.8784339895451007, 0.8833147942157953, 0.8826, 0.8826, 0.8789760486630338, 0.8826, 0.8826, 0.8826, 0.8826, 0.8793408537934085, 0.8826, 0.8784339895451007, 0.878176549264378, 0.8833147942157953, 0.8789760486630338, 0.8746119733924612, 0.8891614629794826, 0.8881258584092896, 0.8891614629794826, 0.8826, 0.8793408537934085, 0.8826, 0.8892182696530523, 0.8892182696530523, 0.8833147942157953, 0.8810104143585198, 0.8746119733924612, 0.8826, 0.8826, 0.8909746394828444, 0.874268641852359, 0.8891614629794826, 0.8816040738383195, 0.8784339895451007, 0.8826, 0.8916611222000443, 0.8810104143585198, 0.8890818858560794, 0.8852870963688906, 0.8826, 0.8789488398098966, 0.8882468650110646, 0.878176549264378, 0.8784339895451007, 0.8826, 0.8911581885069136, 0.8797310756972112, 0.8695804195804195]",28.995094299316406,13.427502632141113,0.09116673469543457,14.886345863342285,0.004792690277099609,0.398266077041626,1116729,ai05,success,
mlp_mnist,MNIST,50,0.05,44,300,4.0,noprobe_dp_avg_eps8_K20,noprobe_dp_avg,0,0.0,,0.20049000000000003,0.5202,0.9776,,,,,[],[],[],,,[],13.718356847763062,13.509011030197144,0.0,0.0,0.0,0.0,1116729,ai05,FAIL,"RuntimeError: cannot reshape tensor of 0 elements into shape [0, -1] because the unspecified dimension size -1 can be any value and is ambiguous"
mlp_mnist,MNIST,50,0.05,43,300,4.0,raw_union_K20,raw_union,2369,0.0,0.9164,0.21064,0.5674,0.9747,0.9142,-0.01661299518258154,13,50,"[0.14634146341463417, -0.10932323710364411, -0.022421524663677084, -0.09999999999999998, 0.0, 0.06896551724137934, 0.0, -0.05500000000000005, -0.06339144215530901, -0.06370656370656369, -0.13303628262253342, -0.11764705882352944, -0.15525277877375399, 0.10144927536231885, -0.10000000000000009, -0.08193668528864062, -0.134493670886076, -0.2103004291845494, -0.01828298887122415, -0.0821917808219178, -0.06749311294765836, -0.08624454148471616, 0.01449275362318836, 0.09782608695652173, -0.0807300807300807, 0.09090909090909083, -0.06332357247437781, -0.09519350811485638, 0.09090909090909094, 0.06382978723404253, 0.2857142857142857, -0.04823989569752285, 0.32258064516129037, -0.022058823529411797, -0.1785714285714286, -0.027952656761521033, 0.17934782608695654, 0.18918918918918926, -0.02684563758389269, 0.0, -0.0662460567823343, -0.018817204301075252, -0.08228195282501372, -0.1195286195286196, -0.08396946564885499, -0.1098790322580645, -0.017964071856287456, 0.2682926829268293, -0.03378582202111613, -0.07438752783964364]","[0.967479674796748, 0.8788452437292948, 0.9775784753363229, 0.8908045977011494, 0.9, 0.896551724137931, 1.0, 0.9266666666666666, 0.9318541996830428, 0.9266409266409267, 0.866539359219181, 0.8823529411764706, 0.8334528504840445, 1.0, 0.8909090909090909, 0.9171322160148976, 0.8465189873417721, 0.7811158798283262, 0.980127186009539, 0.9006849315068494, 0.9325068870523416, 0.9093886462882096, 0.9710144927536232, 0.9782608695652174, 0.9182169182169182, 0.9318181818181818, 0.9363103953147877, 0.9010611735330837, 1.0, 1.0, 1.0, 0.9452411994784876, 0.967741935483871, 0.9485294117647058, 0.8214285714285714, 0.9584487534626038, 0.9184782608695652, 0.918918918918919, 0.9093959731543624, 0.9905362776025236, 0.9242902208201893, 0.9811827956989247, 0.8941305540318157, 0.8737373737373737, 0.9083969465648855, 0.8820564516129032, 0.9491017964071856, 1.0, 0.9640020110608346, 0.9242761692650334]","[0.8211382113821138, 0.988168480832939, 1.0, 0.9908045977011494, 0.9, 0.8275862068965517, 1.0, 0.9816666666666667, 0.9952456418383518, 0.9903474903474904, 0.9995756418417144, 1.0, 0.9887056292577985, 0.8985507246376812, 0.990909090909091, 0.9990689013035382, 0.9810126582278481, 0.9914163090128756, 0.9984101748807631, 0.9828767123287672, 1.0, 0.9956331877729258, 0.9565217391304348, 0.8804347826086957, 0.9989469989469989, 0.8409090909090909, 0.9996339677891655, 0.9962546816479401, 0.9090909090909091, 0.9361702127659575, 0.7142857142857143, 0.9934810951760105, 0.6451612903225806, 0.9705882352941176, 1.0, 0.9864014102241249, 0.7391304347826086, 0.7297297297297297, 0.9362416107382551, 0.9905362776025236, 0.9905362776025236, 1.0, 0.9764125068568295, 0.9932659932659933, 0.9923664122137404, 0.9919354838709677, 0.9670658682634731, 0.7317073170731707, 0.9977878330819507, 0.9986636971046771]",0.9116299363200087,50,"[0.8597576057383132, 0.9368461836497481, 0.8967660114140774, 0.9037402145549435, 0.9334833708427107, 0.9173533083645443, 0.9072342519685039, 0.9385551629367884, 0.9141134289439374, 0.9012242159986584, 0.9137398971344599, 0.915788317962231, 0.911548399920493, 0.8948014735980352, 0.9249370277078086, 0.9151862464183381, 0.9292186698580954, 0.9382456140350878, 0.9151931892599869, 0.9076195932397594, 0.9131519840279511, 0.882640586797066, 0.9029595902105862, 0.8826843413421707, 0.9249502982107356, 0.9286826093108815, 0.8914304657715896, 0.9346521809631911, 0.9072342519685039, 0.914121181772659, 0.9273326644689694, 0.9151963574274331, 0.900256629597947, 0.9102290510741214, 0.9220561998215878, 0.8957792207792208, 0.9199369808077915, 0.9377032774580936, 0.8991663358475586, 0.9173533083645443, 0.9522533495736906, 0.9087583148558759, 0.9126117179741807, 0.9296875, 0.9197592778335005, 0.904074013958773, 0.9085597429155712, 0.9131519840279511, 0.8546473302570864, 0.8751238850346879]",34.87622046470642,13.574211120605469,0.21689701080322266,20.536657333374023,0.004836320877075195,0.36711859703063965,1116729,ai05,success,
mlp_mnist,MNIST,50,0.1,42,300,4.0,noprobe_raw_union_K20,noprobe_raw_union,296,0.0,0.8334,0.32101,0.528,0.9735,0.7741,-0.10487519200838102,4,50,"[-0.16246498599439774, -0.15175718849840247, 0.055118110236220486, -0.11695447409733117, -0.17926045016077174, -0.09082308420056762, -0.1330275229357798, -0.11380504700643246, -0.05934718100890213, -0.07521367521367517, -0.24838709677419357, -0.05204944697462588, -0.10966057441253263, -0.21513133555308916, -0.08252427184466027, -0.101762554040572, -0.12200956937799035, -0.11816578483245144, -0.13385826771653542, -0.05458089668615984, -0.23362445414847155, -0.02124891587163924, -0.14710042432814707, -0.13280689160086145, -0.08363636363636362, -0.22968750000000004, -0.07407407407407407, 0.31034482758620685, -0.1126573889993373, -0.21304706853839805, -0.13593155893536124, -0.12, -0.19226260257913252, -0.046242774566473965, -0.046875, 0.22448979591836737, -0.12445278298936835, -0.10219922380336344, -0.04929577464788737, -0.0715421303656597, -0.06000000000000005, -0.12602179836512262, 0.04615384615384621, -0.2743169398907104, -0.1835829173599557, -0.16614420062695923, -0.08651685393258435, -0.07063197026022305, -0.2587755102040816, -0.19640765326044518]","[0.8123249299719888, 0.8146964856230032, 0.9448818897637795, 0.8642072213500785, 0.8054662379421221, 0.9082308420056765, 0.7889908256880734, 0.8775358733300347, 0.9317507418397626, 0.9025641025641026, 0.7370967741935484, 0.9329863370201692, 0.825065274151436, 0.7778394376618571, 0.8398058252427184, 0.8975723312271366, 0.8773069036226931, 0.855379188712522, 0.8149606299212598, 0.9376218323586745, 0.7379912663755459, 0.7974848222029488, 0.801980198019802, 0.8657573582196698, 0.8981818181818182, 0.7234375, 0.8148148148148148, 0.8275862068965517, 0.87740225314778, 0.782824112303881, 0.8384030418250951, 0.7942857142857143, 0.7913247362250879, 0.9017341040462428, 0.8359375, 0.8163265306122449, 0.8717948717948718, 0.8279430789133247, 0.9166666666666666, 0.9093799682034976, 0.94, 0.8555858310626703, 0.8666666666666667, 0.7208743169398907, 0.7831392124237382, 0.8119122257053292, 0.9011235955056179, 0.9107806691449815, 0.7167346938775511, 0.7860210855134713]","[0.9747899159663865, 0.9664536741214057, 0.889763779527559, 0.9811616954474097, 0.9847266881028939, 0.9990539262062441, 0.9220183486238532, 0.9913409203364671, 0.9910979228486647, 0.9777777777777777, 0.9854838709677419, 0.9850357839947951, 0.9347258485639687, 0.9929707732149463, 0.9223300970873787, 0.9993348852677086, 0.9993164730006835, 0.9735449735449735, 0.9488188976377953, 0.9922027290448343, 0.9716157205240175, 0.818733738074588, 0.9490806223479491, 0.9985642498205313, 0.9818181818181818, 0.953125, 0.8888888888888888, 0.5172413793103449, 0.9900596421471173, 0.9958711808422791, 0.9743346007604563, 0.9142857142857143, 0.9835873388042204, 0.9479768786127167, 0.8828125, 0.5918367346938775, 0.9962476547842402, 0.9301423027166882, 0.965962441314554, 0.9809220985691574, 1.0, 0.9816076294277929, 0.8205128205128205, 0.9951912568306011, 0.9667221297836939, 0.9780564263322884, 0.9876404494382023, 0.9814126394052045, 0.9755102040816327, 0.9824287387739165]",0.8262947988611651,48,"[0.7815159311300218, 0.8592204770215242, 0.7794146924148915, 0.8337220926357881, 0.8297310674806138, 0.8167622059695592, 0.8339368005266623, 0.8001002004008017, 0.7748839087421765, 0.7701209889531825, 0.8709868032302541, 0.7416839916839917, 0.7761485826001955, 0.8451903807615231, 0.830690537084399, 0.831226399605976, 0.775953480417308, 0.7866921362623368, 0.8531879194630873, 0.8153108135118928, 0.8878842676311031, 0.8549440298507462, 0.836443841194435, 0.8260087381135954, null, 0.8468222442899702, 0.8963414634146342, 0.8451247748906612, 0.8154284235050479, 0.9132342188642457, 0.8629940119760479, 0.8588274373027737, 0.8477564102564102, 0.8036261491317671, 0.8286875725900116, 0.8286095365121707, 0.8433428662217985, 0.8172645739910314, 0.8100595632031767, 0.7261325825441515, 0.8231163620151583, 0.8101662250060226, 0.904969696969697, 0.8262910798122066, 0.7709173387096774, 0.8624294722867574, 0.8061845217979047, 0.8093438680865682, 0.8927196652719666, null]",34.72403597831726,13.569201469421387,0.08516311645507812,20.57371234893799,0.004786014556884766,0.30269861221313477,1116729,ai05,success,
mlp_mnist,MNIST,50,0.1,44,300,4.0,raw_union_K20,raw_union,3618,0.0,0.9359,0.30030999999999997,0.5662,0.9776,0.9336,-0.014727712983698942,10,50,"[0.06315789473684208, -0.048387096774193505, -0.04831199068684522, -0.017505470459518557, -0.04907584448693436, -0.04338394793926248, -0.10695587135377704, -0.055674518201284884, -0.08771929824561409, 0.11046511627906985, -0.07701711491442542, -0.02946127946127952, -0.017985611510791366, -0.029745042492917873, -0.0073260073260073, 0.005509641873278293, -0.025510204081632626, -0.055106539309331404, 0.0625, -0.043636363636363584, 0.09401709401709402, -0.03920515574650907, 0.0, 0.06040268456375841, -0.04329004329004327, -0.060518731988472574, -0.07009975734699381, -0.04160475482912329, 0.022727272727272707, -0.019292604501607746, -0.006802721088435382, -0.0667420814479639, 0.23076923076923073, -0.07290780141843978, -0.03535083020889118, -0.07937877480586708, -0.07172557172557181, 0.0, -0.0538558786346397, -0.018897637795275646, -0.016949152542372947, -0.07831325301204817, -0.025931928687196182, -0.03544061302681989, -0.011673151750972832, -0.09388249545729865, 0.05555555555555558, -0.04752851711026618, -0.059296482412060314, 0.35]","[0.9578947368421052, 0.9398826979472141, 0.9368451688009313, 0.9387308533916849, 0.9254302103250478, 0.9549891540130152, 0.8908002991772626, 0.9207708779443254, 0.8872180451127819, 0.9011627906976745, 0.9214547677261614, 0.9528619528619529, 0.960431654676259, 0.9121813031161473, 0.9645909645909646, 0.9834710743801653, 0.9479591836734694, 0.9393828067597355, 0.9765625, 0.9181818181818182, 0.9572649572649573, 0.952201933404941, 0.9723756906077348, 0.9697986577181208, 0.9264069264069265, 0.9344380403458213, 0.9277433270423294, 0.9544328875681031, 0.9924242424242424, 0.977491961414791, 0.9569160997732427, 0.919683257918552, 1.0, 0.9251063829787234, 0.9432244242099626, 0.910267471958585, 0.9261954261954262, 0.9558823529411765, 0.9292035398230089, 0.978740157480315, 0.9209039548022598, 0.9036144578313253, 0.9728525121555915, 0.9521072796934866, 0.9455252918287937, 0.9039975772259237, 1.0, 0.9372623574144486, 0.935678391959799, 1.0]","[0.8947368421052632, 0.9882697947214076, 0.9851571594877765, 0.9562363238512035, 0.9745060548119822, 0.9983731019522777, 0.9977561705310396, 0.9764453961456103, 0.974937343358396, 0.7906976744186046, 0.9984718826405868, 0.9823232323232324, 0.9784172661870504, 0.9419263456090652, 0.9719169719169719, 0.977961432506887, 0.9734693877551021, 0.9944893460690669, 0.9140625, 0.9618181818181818, 0.8632478632478633, 0.99140708915145, 0.9723756906077348, 0.9093959731543624, 0.9696969696969697, 0.9949567723342939, 0.9978430843893232, 0.9960376423972264, 0.9696969696969697, 0.9967845659163987, 0.963718820861678, 0.9864253393665159, 0.7692307692307693, 0.9980141843971632, 0.9785752544188537, 0.9896462467644521, 0.997920997920998, 0.9558823529411765, 0.9830594184576485, 0.9976377952755906, 0.9378531073446328, 0.9819277108433735, 0.9987844408427877, 0.9875478927203065, 0.9571984435797666, 0.9978800726832223, 0.9444444444444444, 0.9847908745247148, 0.9949748743718593, 0.65]",0.935100903507703,50,"[0.9212849081174939, 0.9477611940298507, 0.9285714285714286, 0.9522943197897715, 0.9442525900345338, 0.9170941924892263, 0.9241365542024356, 0.94465429462966, 0.9473907509546033, 0.9337329337329338, 0.9301181102362205, 0.9034786869181773, 0.9185927592554715, 0.941968706674589, 0.941966893865628, 0.9401319127346525, 0.9750254841997962, 0.9298023314749113, 0.9246666666666666, 0.9356832609421984, 0.9522282782943251, 0.9116976213750407, 0.9143829787234042, 0.926648859667146, 0.9428627916172401, 0.9862884160756501, 0.9219623792577529, 0.9349536386625457, 0.9299625468164794, 0.9252881949511162, 0.939453125, 0.9431950691321006, 0.9369266055045872, 0.9496977968414896, 0.9373017809221761, 0.9481171548117154, 0.9244769518625616, 0.9298450258290285, 0.9285536470002489, 0.9205818181818182, 0.9411530021942949, 0.9296769851951547, 0.9153153153153153, 0.9313799148509893, 0.9586088660298799, 0.9484933426769446, 0.9332264178451669, 0.9375644994840041, 0.9455671447196871, 0.907027027027027]",34.88725996017456,13.48942494392395,0.3060288429260254,20.5862877368927,0.004818916320800781,0.32278990745544434,1116729,ai05,success,
mlp_mnist,MNIST,50,0.3,43,300,4.0,noprobe_raw_union_K20,noprobe_raw_union,423,0.0,0.8598,0.516034,0.7652,0.9747,0.7629,-0.11455503008042768,3,50,"[-0.09968520461699892, -0.21011673151750965, -0.13462922966162705, -0.07348618459729572, -0.12148337595907921, -0.11820330969267134, -0.04565456545654567, -0.17638984214138642, -0.1524115755627009, -0.13725490196078427, -0.10645293875873407, -0.09787508048937543, -0.059163059163059195, -0.09901639344262292, -0.1313628899835797, -0.03691275167785235, 0.03252032520325199, -0.06335616438356173, -0.10873786407766994, -0.06880733944954132, -0.13932291666666663, -0.12048192771084332, -0.16192830655129786, -0.17234757561209801, 0.032362459546925515, -0.14340239912759, -0.0463215258855586, -0.18259162303664922, -0.09227467811158796, -0.11368653421633546, -0.14817036592681465, 0.012422360248447228, -0.11369740376007165, -0.07114093959731538, -0.09482758620689657, -0.12085308056872046, -0.22253129346314326, -0.11298568507157458, -0.1060209424083769, -0.1218872870249017, -0.10237068965517238, -0.14338235294117652, -0.09056603773584904, -0.14098134070490664, -0.13171080887616327, -0.1597938144329898, -0.1918976545842218, -0.25808878856282913, -0.14093959731543615, -0.11985409067222508]","[0.8793284365162645, 0.7361867704280156, 0.8459323254139669, 0.914756025867137, 0.870843989769821, 0.8427895981087471, 0.9466446644664467, 0.7831159917638985, 0.8379421221864952, 0.8602941176470589, 0.8865598027127004, 0.8911783644558918, 0.9148629148629148, 0.8911475409836066, 0.8604269293924466, 0.8389261744966443, 0.9065040650406504, 0.9041095890410958, 0.8601941747572815, 0.8600917431192661, 0.8294270833333334, 0.8631669535283993, 0.8084054388133498, 0.814210273643783, 0.9288025889967637, 0.8456924754634678, 0.9223433242506812, 0.8075916230366492, 0.898068669527897, 0.8554083885209713, 0.8422315536892622, 0.782608695652174, 0.8701880035810206, 0.8993288590604027, 0.853448275862069, 0.8412322274881516, 0.7482614742698191, 0.8747443762781186, 0.8867801047120419, 0.8709043250327654, 0.8771551724137931, 0.8198529411764706, 0.8849056603773585, 0.8507256392536282, 0.8561202576950608, 0.8252577319587628, 0.7654584221748401, 0.7231000752445448, 0.8120805369127517, 0.866597186034393]","[0.9790136411332634, 0.9463035019455253, 0.980561555075594, 0.9882422104644327, 0.9923273657289002, 0.9609929078014184, 0.9922992299229924, 0.9595058339052849, 0.9903536977491961, 0.9975490196078431, 0.9930127414714345, 0.9890534449452673, 0.974025974025974, 0.9901639344262295, 0.9917898193760263, 0.8758389261744967, 0.8739837398373984, 0.9674657534246576, 0.9689320388349515, 0.9288990825688074, 0.96875, 0.9836488812392427, 0.9703337453646477, 0.986557849255881, 0.8964401294498382, 0.9890948745910578, 0.9686648501362398, 0.9901832460732984, 0.990343347639485, 0.9690949227373068, 0.9904019196160768, 0.7701863354037267, 0.9838854073410922, 0.9704697986577181, 0.9482758620689655, 0.9620853080568721, 0.9707927677329624, 0.9877300613496932, 0.9928010471204188, 0.9927916120576671, 0.9795258620689655, 0.9632352941176471, 0.9754716981132076, 0.9917069799585349, 0.9878310665712241, 0.9850515463917526, 0.9573560767590619, 0.9811888638073739, 0.9530201342281879, 0.986451276706618]",0.8580529488125479,41,"[0.8830897703549061, 0.88896, 0.8813229571984436, 0.9209431345353676, 0.7508667657256067, null, 0.8116799588371495, 0.8455445544554455, null, 0.9044289044289044, null, 0.8830897703549061, null, 0.8502512562814071, 0.7221381744831064, 0.7697594501718213, null, 0.8881339480708565, null, 0.7905544147843943, 0.9075854700854701, null, 0.9261722647156635, null, 0.8813229571984436, 0.6560951437066402, 0.9460285132382892, 0.9775510204081632, 0.6560951437066402, 0.9044289044289044, 0.8197674418604651, 0.9775510204081632, 0.8197674418604651, 0.8830897703549061, 0.8133195307108351, 0.7764862172035869, 0.8711201079622132, 0.8578125, 0.951818611242324, 0.9129353233830846, 0.8813229571984436, 0.7558260869565218, 0.8813229571984436, 0.9209431345353676, 0.7697594501718213, 0.8884180790960452, 0.9044289044289044, 0.951818611242324, 0.8966202783300199, null]",35.19178557395935,13.735373497009277,0.11471128463745117,20.918275833129883,0.004773378372192383,0.23944497108459473,1116729,ai05,success,
mlp_mnist,MNIST,50,1.0,42,300,4.0,noprobe_dp_avg_eps2_K20,noprobe_dp_avg,500,4.230935073091968,0.8968,0.7642160000000001,0.8844,0.9735,0.6647,-0.08581416845566668,0,50,"[-0.08883082952318744, -0.09529553679131475, -0.06916426512968299, -0.11840888066604993, -0.10402684563758391, -0.09523809523809534, -0.07769929364278505, -0.0891449363250455, -0.08124076809453473, -0.050895381715362786, -0.0528771384136858, -0.08552631578947367, -0.09946848899012906, -0.10223642172523961, -0.06928714190539631, -0.10526315789473684, -0.08802537668517052, -0.12165660051768767, -0.09228971962616828, -0.0974754558204769, -0.1089108910891089, -0.0781487101669196, -0.08529411764705885, -0.07657068062827221, -0.07816277195809829, -0.06289881494986327, -0.10152284263959388, -0.09510086455331412, -0.11603773584905663, -0.06467065868263466, -0.08622502628811779, -0.09418282548476453, -0.07715813598166543, -0.062094531974050016, -0.05641421947449765, -0.05148741418764302, -0.09417596034696407, -0.05434782608695654, -0.07592190889370931, -0.13506320691949436, -0.09352978859705319, -0.08465608465608465, -0.07897240723120846, -0.09083119108826054, -0.10827664399092962, -0.08480565371024729, -0.11503416856492021, -0.06390977443609025, -0.06991525423728806, -0.06233766233766236]","[0.8954931417374266, 0.8540410132689988, 0.8804034582132565, 0.8501387604070305, 0.8691275167785235, 0.8904761904761904, 0.8890010090817356, 0.8835657974530018, 0.8818316100443131, 0.8878416588124411, 0.9097978227060654, 0.9037828947368421, 0.8868640850417616, 0.8833865814696485, 0.9107261825449701, 0.8732545649838883, 0.8977002379064235, 0.8515962036238136, 0.8761682242990654, 0.8800841514726507, 0.8693069306930693, 0.9013657056145675, 0.8774509803921569, 0.9103403141361257, 0.8839645447219984, 0.8951686417502279, 0.8654822335025381, 0.8948126801152738, 0.8726415094339622, 0.9005988023952096, 0.8948475289169295, 0.8843490304709142, 0.9037433155080213, 0.9147358665430955, 0.9273570324574961, 0.9084668192219679, 0.8915737298636927, 0.8891304347826087, 0.8937093275488069, 0.8569527611443779, 0.9026265214606022, 0.8888888888888888, 0.89058039961941, 0.8800342759211653, 0.8718820861678005, 0.8975265017667845, 0.8724373576309795, 0.9090225563909774, 0.902542372881356, 0.9103896103896104]","[0.984323971260614, 0.9493365500603136, 0.9495677233429395, 0.9685476410730804, 0.9731543624161074, 0.9857142857142858, 0.9667003027245207, 0.9727107337780473, 0.9630723781388478, 0.9387370405278039, 0.9626749611197511, 0.9893092105263158, 0.9863325740318907, 0.9856230031948882, 0.9800133244503664, 0.9785177228786252, 0.985725614591594, 0.9732528041415013, 0.9684579439252337, 0.9775596072931276, 0.9782178217821782, 0.9795144157814871, 0.9627450980392157, 0.9869109947643979, 0.9621273166800967, 0.9580674567000912, 0.9670050761421319, 0.9899135446685879, 0.9886792452830189, 0.9652694610778443, 0.9810725552050473, 0.9785318559556787, 0.9809014514896868, 0.9768303985171455, 0.9837712519319938, 0.959954233409611, 0.9857496902106567, 0.9434782608695652, 0.9696312364425163, 0.9920159680638723, 0.9961563100576554, 0.9735449735449735, 0.9695528068506185, 0.9708654670094259, 0.9801587301587301, 0.9823321554770318, 0.9874715261958997, 0.9729323308270676, 0.972457627118644, 0.9727272727272728]",,0,"[null, null, null, null, null, null, null, null, null, null, null, null, null, null, null, null, null, null, null, null, null, null, null, null, null, null, null, null, null, null, null, null, null, null, null, null, null, null, null, null, null, null, null, null, null, null, null, null, null, null]",34.95895051956177,13.578420162200928,0.1850905418395996,20.82095980644226,0.004823923110961914,0.18314313888549805,1116729,ai05,success,
mlp_mnist,MNIST,50,1.0,44,300,4.0,noprobe_raw_union_K20,noprobe_raw_union,500,0.0,0.8785,0.7627180000000001,0.8686,0.9776,0.7782,-0.10104993405412353,0,50,"[-0.13600697471665213, -0.13523573200992556, -0.0839251129761136, -0.10948905109489049, -0.08103448275862069, -0.11794871794871797, -0.10070671378091878, -0.13649851632047472, -0.08450704225352113, -0.13690007867820608, -0.05501330967169471, -0.11862990810359231, -0.120253164556962, -0.06642066420664205, -0.13308270676691736, -0.1557251908396946, -0.08837209302325577, -0.12956810631229232, -0.11171662125340598, -0.08029197080291972, -0.07330415754923414, -0.05868263473053892, -0.11134903640256955, -0.13124387855044073, -0.09329940627650546, -0.08632478632478635, -0.09652928416485895, -0.13628715647784628, -0.10757946210268954, -0.08421052631578951, -0.06580645161290322, -0.05831363278171786, -0.04645161290322575, -0.0721311475409836, -0.08878183069511358, -0.09742790335151985, -0.10356832027850305, -0.10992217898832679, -0.1054913294797688, -0.08399999999999996, -0.11059431524547803, -0.1345496009122007, -0.14143245693563, -0.132086851628468, -0.10086956521739132, -0.12041116005873709, -0.06060606060606066, -0.11062906724511934, -0.051562499999999956, -0.09772423025435073]","[0.8395815170008718, 0.8343672456575683, 0.9031633311814073, 0.8503649635036497, 0.9, 0.841025641025641, 0.8895759717314488, 0.8407517309594461, 0.8767605633802817, 0.8355625491738788, 0.9281277728482697, 0.8680033416875522, 0.8502109704641351, 0.9102091020910209, 0.8390977443609022, 0.8267175572519084, 0.8666666666666667, 0.8617940199335549, 0.8746594005449592, 0.9030239833159541, 0.887308533916849, 0.8694610778443114, 0.8731263383297645, 0.8511263467189031, 0.8761662425784563, 0.8897435897435897, 0.886117136659436, 0.8440830061693775, 0.8691931540342298, 0.8842105263157894, 0.8916129032258064, 0.9322301024428684, 0.8774193548387097, 0.9122950819672131, 0.8781830695113558, 0.8951675759937646, 0.8833768494342907, 0.8706225680933852, 0.875, 0.893, 0.869250645994832, 0.8449258836944128, 0.8422484134179511, 0.8558504221954162, 0.8478260869565217, 0.8494860499265786, 0.8985507246376812, 0.8792480115690527, 0.9296875, 0.8821954484605087]","[0.9755884917175239, 0.9696029776674938, 0.987088444157521, 0.9598540145985401, 0.9810344827586207, 0.958974358974359, 0.9902826855123675, 0.9772502472799208, 0.9612676056338029, 0.9724626278520849, 0.9831410825199645, 0.9866332497911445, 0.9704641350210971, 0.976629766297663, 0.9721804511278196, 0.982442748091603, 0.9550387596899225, 0.9913621262458472, 0.9863760217983651, 0.9833159541188738, 0.9606126914660832, 0.9281437125748503, 0.984475374732334, 0.9823702252693438, 0.9694656488549618, 0.976068376068376, 0.982646420824295, 0.9803701626472238, 0.9767726161369193, 0.968421052631579, 0.9574193548387097, 0.9905437352245863, 0.9238709677419354, 0.9844262295081967, 0.9669649002064694, 0.9925954793452845, 0.9869451697127938, 0.980544747081712, 0.9804913294797688, 0.977, 0.9798449612403101, 0.9794754846066135, 0.9836808703535811, 0.9879372738238842, 0.948695652173913, 0.9698972099853157, 0.9591567852437418, 0.9898770788141721, 0.98125, 0.9799196787148594]",,0,"[null, null, null, null, null, null, null, null, null, null, null, null, null, null, null, null, null, null, null, null, null, null, null, null, null, null, null, null, null, null, null, null, null, null, null, null, null, null, null, null, null, null, null, null, null, null, null, null, null, null]",35.116111516952515,13.719390153884888,0.12996912002563477,20.89820384979248,0.0048084259033203125,0.1849677562713623,1116729,ai05,success,
mlp_mnist,MNIST,5,0.01,44,300,4.0,noprobe_dp_avg_eps8_K20,noprobe_dp_avg,0,0.0,,0.21816,0.3985,0.9776,,,,,[],[],[],,,[],13.214133977890015,12.994460582733154,0.0,0.0,0.0,0.0,1116729,ai05,FAIL,"RuntimeError: cannot reshape tensor of 0 elements into shape [0, -1] because the unspecified dimension size -1 can be any value and is ambiguous"
mlp_mnist,MNIST,5,0.01,43,300,4.0,raw_union_K20,raw_union,222,0.0,0.6359,0.21732,0.6002,0.9747,0.7887,-0.6594850445901524,0,5,"[-0.049191080017490174, -0.6914265879902812, -0.9029955947136564, -0.7361111111111112, -0.9177008491182234]","[0.9429930039352864, 0.30839986115931967, 0.09550660792951542, 0.2638888888888889, 0.08213585891574135]","[0.9921840839527766, 0.9998264491496008, 0.9985022026431718, 1.0, 0.9998367080339647]",0.5950523697490848,5,"[0.15232468533264834, 0.6408503232222775, 0.7608346709470305, 0.6703260146373918, 0.7509261546060756]",15.757365942001343,13.224973201751709,0.04726767539978027,2.117952585220337,0.0005955696105957031,0.18471074104309082,1116729,ai05,success,
mlp_mnist,MNIST,5,0.05,42,300,4.0,noprobe_raw_union_K20,noprobe_raw_union,29,0.0,0.2879,0.39032,0.5091,0.9735,0.2382,-0.7271031327327228,0,5,"[-0.9754836557705137, -0.25837727504677666, -0.9845136447346392, -0.7027870440116217, -0.7143540441000622]","[0.02284856571047365, 0.736774961728185, 0.014732965009208104, 0.2887119337135478, 0.2811976849858899]","[0.9983322214809873, 0.9951522367749617, 0.9992466097438473, 0.9914989777251695, 0.995551729085952]",0.17466876539716997,4,"[0.2946064852533811, 0.05391743892165122, 0.07355021216407355, 0.2766009252495739, null]",15.852856397628784,13.30931305885315,0.035994768142700195,2.150604248046875,0.0005762577056884766,0.1760420799255371,1116729,ai05,success,
mlp_mnist,MNIST,5,0.05,44,300,4.0,raw_union_K20,raw_union,387,0.0,0.7521,0.35206,0.561,0.9776,0.7432,-0.3356740351965926,0,5,"[-0.22572178477690297, -0.33811230585424135, -0.8052057094878253, -0.10358019044450906, -0.2057501854194843]","[0.7545931758530183, 0.6612903225806451, 0.1943744752308984, 0.8903488710549295, 0.7860913572706252]","[0.9803149606299213, 0.9994026284348865, 0.9995801847187238, 0.9939290614994386, 0.9918415426901095]",0.7118726654598644,4,"[0.7268055952041108, 0.7723092219736515, 0.8337178642056691, 0.5146579804560261, null]",15.78357458114624,13.228437900543213,0.06282281875610352,2.12463641166687,0.0005669593811035156,0.17737102508544922,1116729,ai05,success,
mlp_mnist,MNIST,5,0.1,43,300,4.0,noprobe_raw_union_K20,noprobe_raw_union,35,0.0,0.4365,0.49948,0.7011,0.9747,0.2935,-0.522789494016385,0,5,"[-0.7778898818103199, -0.23723594260023406, -0.12337998963193364, -0.8997281787979463, -0.5757134772414909]","[0.2186509080426636, 0.7575291002032395, 0.8755832037325039, 0.09861069163394745, 0.4209717842994583]","[0.9965407898529836, 0.9947650428034736, 0.9989631933644375, 0.9983388704318937, 0.9966852615409492]",0.14799626463090376,4,"[0.0, 0.015442690459849005, 0.24663677130044842, 0.3299055967633176, null]",15.74158501625061,13.223437547683716,0.03558540344238281,2.129187822341919,0.0005810260772705078,0.1717383861541748,1116729,ai05,success,
mlp_mnist,MNIST,5,0.3,42,300,4.0,noprobe_dp_avg_eps2_K20,noprobe_dp_avg,49,4.230935073091968,0.6855,0.7178800000000001,0.8165,0.9735,0.3126,-0.2717271358982655,0,5,"[-0.11877454831107626, -0.4841664692410962, -0.3954873741367495, -0.18455998199414814, -0.1756473058082575]","[0.8623723487824038, 0.5073837163389402, 0.5988718435341873, 0.8014104583989796, 0.8170048985304409]","[0.98114689709348, 0.9915501855800364, 0.9943592176709368, 0.9859704403931278, 0.9926522043386984]",0.7881002087682673,1,"[0.7881002087682673, null, null, null, null]",15.797086000442505,13.294933795928955,0.04404020309448242,2.11041259765625,0.0005712509155273438,0.1678621768951416,1116729,ai05,success,
mlp_mnist,MNIST,5,0.3,44,300,4.0,noprobe_raw_union_K20,noprobe_raw_union,49,0.0,0.573,0.7479199999999999,0.8038,0.9776,0.3672,-0.39832622965087616,0,5,"[-0.7291314260498639, -0.30168516235100695, -0.22276446103057268, -0.23404704888012395, -0.5040030499428136]","[0.2585864528940207, 0.6806411837237978, 0.7698435481555906, 0.7498239188618115, 0.48760960731986275]","[0.9877178789438846, 0.9823263460748047, 0.9926080091861633, 0.9838709677419355, 0.9916126572626763]",0.18789144050104384,1,"[null, null, null, 0.18789144050104384, null]",15.708760738372803,13.21364951133728,0.03736996650695801,2.104682683944702,0.0005719661712646484,0.16398024559020996,1116729,ai05,success,
mlp_mnist,MNIST,5,1.0,42,300,4.0,dp_avg_eps2_K20,dp_avg,10,4.230935073091968,0.8742,0.92512,0.951,0.9735,0.3909,-0.11650958244289263,0,5,"[-0.08921962359240887, -0.10297381269418548, -0.15353587366975618, -0.14706642543292836, -0.08975217682518422]","[0.8980234664146783, 0.8829338659565025, 0.8305012015104704, 0.8382872404583441, 0.8949765572672471]","[0.9872430900070872, 0.985907678650688, 0.9840370751802265, 0.9853536658912725, 0.9847287340924313]",,0,"[null, null, null, null, null]",15.730821371078491,13.222002744674683,0.04470038414001465,2.119088649749756,0.0005800724029541016,0.16405749320983887,1116729,ai05,success,
mlp_mnist,MNIST,5,1.0,43,300,4.0,noprobe_dp_avg_eps2_K20,noprobe_dp_avg,50,4.216436363495281,0.8754,0.87996,0.9367,0.9747,0.2713,-0.11321419220088047,0,5,"[-0.09634882129750577, -0.1799738996322221, -0.10103244837758107, -0.10262735907240661, -0.0860884326246868]","[0.8851153822230515, 0.8036540514889073, 0.8812013944757308, 0.8664117429382016, 0.8885296257376122]","[0.9814642035205573, 0.9836279511211294, 0.9822338428533118, 0.9690391020106082, 0.974618058362299]",,0,"[null, null, null, null, null]",15.714985132217407,13.199755191802979,0.047887563705444336,2.1196186542510986,0.0005745887756347656,0.1654806137084961,1116729,ai05,success,
