backbone,N,alpha,method,seed,lambda,acc
mlp_mnist,10,0.05,raw_union_K20,42,0.0,0.8698
mlp_mnist,10,0.05,raw_union_K20,42,0.25,0.8702
mlp_mnist,10,0.05,raw_union_K20,42,0.5,0.8681
mlp_mnist,10,0.05,raw_union_K20,42,0.75,0.8606
mlp_mnist,10,0.05,raw_union_K20,42,1.0,0.8466
mlp_mnist,10,0.05,raw_union_K20,42,1.25,0.8258
mlp_mnist,10,0.05,raw_union_K20,42,1.5,0.804
mlp_mnist,10,0.05,raw_union_K20,42,1.75,0.7803
mlp_mnist,10,0.05,raw_union_K20,42,2.0,0.756
mlp_mnist,10,0.05,raw_union_K20,43,0.0,0.8132
mlp_mnist,10,0.05,raw_union_K20,43,0.25,0.8261
mlp_mnist,10,0.05,raw_union_K20,43,0.5,0.8346
mlp_mnist,10,0.05,raw_union_K20,43,0.75,0.8403
mlp_mnist,10,0.05,raw_union_K20,43,1.0,0.8445
mlp_mnist,10,0.05,raw_union_K20,43,1.25,0.8492
mlp_mnist,10,0.05,raw_union_K20,43,1.5,0.8515
mlp_mnist,10,0.05,raw_union_K20,43,1.75,0.8455
mlp_mnist,10,0.05,raw_union_K20,43,2.0,0.8352
mlp_mnist,10,0.05,raw_union_K20,44,0.0,0.7815
mlp_mnist,10,0.05,raw_union_K20,44,0.25,0.8062
mlp_mnist,10,0.05,raw_union_K20,44,0.5,0.8272
mlp_mnist,10,0.05,raw_union_K20,44,0.75,0.843
mlp_mnist,10,0.05,raw_union_K20,44,1.0,0.8435
mlp_mnist,10,0.05,raw_union_K20,44,1.25,0.8333
mlp_mnist,10,0.05,raw_union_K20,44,1.5,0.8147
mlp_mnist,10,0.05,raw_union_K20,44,1.75,0.792
mlp_mnist,10,0.05,raw_union_K20,44,2.0,0.767
mlp_mnist,10,0.3,raw_union_K20,42,0.0,0.9017
mlp_mnist,10,0.3,raw_union_K20,42,0.25,0.9117
mlp_mnist,10,0.3,raw_union_K20,42,0.5,0.9204
mlp_mnist,10,0.3,raw_union_K20,42,0.75,0.9261
mlp_mnist,10,0.3,raw_union_K20,42,1.0,0.9249
mlp_mnist,10,0.3,raw_union_K20,42,1.25,0.9242
mlp_mnist,10,0.3,raw_union_K20,42,1.5,0.9222
mlp_mnist,10,0.3,raw_union_K20,42,1.75,0.9179
mlp_mnist,10,0.3,raw_union_K20,42,2.0,0.9082
mlp_mnist,10,0.3,raw_union_K20,43,0.0,0.8809
mlp_mnist,10,0.3,raw_union_K20,43,0.25,0.8992
mlp_mnist,10,0.3,raw_union_K20,43,0.5,0.9104
mlp_mnist,10,0.3,raw_union_K20,43,0.75,0.9208
mlp_mnist,10,0.3,raw_union_K20,43,1.0,0.9259
mlp_mnist,10,0.3,raw_union_K20,43,1.25,0.9274
mlp_mnist,10,0.3,raw_union_K20,43,1.5,0.9254
mlp_mnist,10,0.3,raw_union_K20,43,1.75,0.9172
mlp_mnist,10,0.3,raw_union_K20,43,2.0,0.9064
mlp_mnist,10,0.3,raw_union_K20,44,0.0,0.8885
mlp_mnist,10,0.3,raw_union_K20,44,0.25,0.9083
mlp_mnist,10,0.3,raw_union_K20,44,0.5,0.9209
mlp_mnist,10,0.3,raw_union_K20,44,0.75,0.9262
mlp_mnist,10,0.3,raw_union_K20,44,1.0,0.9266
mlp_mnist,10,0.3,raw_union_K20,44,1.25,0.9233
mlp_mnist,10,0.3,raw_union_K20,44,1.5,0.9145
mlp_mnist,10,0.3,raw_union_K20,44,1.75,0.8993
mlp_mnist,10,0.3,raw_union_K20,44,2.0,0.8797
mlp_mnist,10,1.0,raw_union_K20,42,0.0,0.8963
mlp_mnist,10,1.0,raw_union_K20,42,0.25,0.9162
mlp_mnist,10,1.0,raw_union_K20,42,0.5,0.9282
mlp_mnist,10,1.0,raw_union_K20,42,0.75,0.937
mlp_mnist,10,1.0,raw_union_K20,42,1.0,0.939
mlp_mnist,10,1.0,raw_union_K20,42,1.25,0.9386
mlp_mnist,10,1.0,raw_union_K20,42,1.5,0.9333
mlp_mnist,10,1.0,raw_union_K20,42,1.75,0.9257
mlp_mnist,10,1.0,raw_union_K20,42,2.0,0.9144
mlp_mnist,10,1.0,raw_union_K20,43,0.0,0.9146
mlp_mnist,10,1.0,raw_union_K20,43,0.25,0.923
mlp_mnist,10,1.0,raw_union_K20,43,0.5,0.9292
mlp_mnist,10,1.0,raw_union_K20,43,0.75,0.9344
mlp_mnist,10,1.0,raw_union_K20,43,1.0,0.9386
mlp_mnist,10,1.0,raw_union_K20,43,1.25,0.9394
mlp_mnist,10,1.0,raw_union_K20,43,1.5,0.9385
mlp_mnist,10,1.0,raw_union_K20,43,1.75,0.936
mlp_mnist,10,1.0,raw_union_K20,43,2.0,0.9324
mlp_mnist,10,1.0,raw_union_K20,44,0.0,0.905
mlp_mnist,10,1.0,raw_union_K20,44,0.25,0.9203
mlp_mnist,10,1.0,raw_union_K20,44,0.5,0.9314
mlp_mnist,10,1.0,raw_union_K20,44,0.75,0.9376
mlp_mnist,10,1.0,raw_union_K20,44,1.0,0.9393
mlp_mnist,10,1.0,raw_union_K20,44,1.25,0.9384
mlp_mnist,10,1.0,raw_union_K20,44,1.5,0.9339
mlp_mnist,10,1.0,raw_union_K20,44,1.75,0.9265
mlp_mnist,10,1.0,raw_union_K20,44,2.0,0.9177
vit_b32_cifar100,10,0.05,raw_union_K20,42,0.0,0.8091
vit_b32_cifar100,10,0.05,raw_union_K20,42,0.25,0.8062
vit_b32_cifar100,10,0.05,raw_union_K20,42,0.5,0.8004
vit_b32_cifar100,10,0.05,raw_union_K20,42,0.75,0.7896
vit_b32_cifar100,10,0.05,raw_union_K20,42,1.0,0.7709
vit_b32_cifar100,10,0.05,raw_union_K20,42,1.25,0.7523
vit_b32_cifar100,10,0.05,raw_union_K20,42,1.5,0.7214
vit_b32_cifar100,10,0.05,raw_union_K20,42,1.75,0.6904
vit_b32_cifar100,10,0.05,raw_union_K20,42,2.0,0.6502
vit_b32_cifar100,10,0.05,raw_union_K20,43,0.0,0.7989
vit_b32_cifar100,10,0.05,raw_union_K20,43,0.25,0.796
vit_b32_cifar100,10,0.05,raw_union_K20,43,0.5,0.7858
vit_b32_cifar100,10,0.05,raw_union_K20,43,0.75,0.7738
vit_b32_cifar100,10,0.05,raw_union_K20,43,1.0,0.7552
vit_b32_cifar100,10,0.05,raw_union_K20,43,1.25,0.7329
vit_b32_cifar100,10,0.05,raw_union_K20,43,1.5,0.7039
vit_b32_cifar100,10,0.05,raw_union_K20,43,1.75,0.6653
vit_b32_cifar100,10,0.05,raw_union_K20,43,2.0,0.614
vit_b32_cifar100,10,0.05,raw_union_K20,44,0.0,0.8072
vit_b32_cifar100,10,0.05,raw_union_K20,44,0.25,0.8107
vit_b32_cifar100,10,0.05,raw_union_K20,44,0.5,0.8071
vit_b32_cifar100,10,0.05,raw_union_K20,44,0.75,0.7983
vit_b32_cifar100,10,0.05,raw_union_K20,44,1.0,0.7855
vit_b32_cifar100,10,0.05,raw_union_K20,44,1.25,0.7678
vit_b32_cifar100,10,0.05,raw_union_K20,44,1.5,0.747
vit_b32_cifar100,10,0.05,raw_union_K20,44,1.75,0.724
vit_b32_cifar100,10,0.05,raw_union_K20,44,2.0,0.7007
vit_b32_cifar100,10,0.3,raw_union_K20,42,0.0,0.8452
vit_b32_cifar100,10,0.3,raw_union_K20,42,0.25,0.8447
vit_b32_cifar100,10,0.3,raw_union_K20,42,0.5,0.8446
vit_b32_cifar100,10,0.3,raw_union_K20,42,0.75,0.8411
vit_b32_cifar100,10,0.3,raw_union_K20,42,1.0,0.8372
vit_b32_cifar100,10,0.3,raw_union_K20,42,1.25,0.8277
vit_b32_cifar100,10,0.3,raw_union_K20,42,1.5,0.8144
vit_b32_cifar100,10,0.3,raw_union_K20,42,1.75,0.8027
vit_b32_cifar100,10,0.3,raw_union_K20,42,2.0,0.7871
vit_b32_cifar100,10,0.3,raw_union_K20,43,0.0,0.8389
vit_b32_cifar100,10,0.3,raw_union_K20,43,0.25,0.8437
vit_b32_cifar100,10,0.3,raw_union_K20,43,0.5,0.8449
vit_b32_cifar100,10,0.3,raw_union_K20,43,0.75,0.8426
vit_b32_cifar100,10,0.3,raw_union_K20,43,1.0,0.839
vit_b32_cifar100,10,0.3,raw_union_K20,43,1.25,0.8356
vit_b32_cifar100,10,0.3,raw_union_K20,43,1.5,0.8278
vit_b32_cifar100,10,0.3,raw_union_K20,43,1.75,0.8148
vit_b32_cifar100,10,0.3,raw_union_K20,43,2.0,0.8006
vit_b32_cifar100,10,0.3,raw_union_K20,44,0.0,0.8402
vit_b32_cifar100,10,0.3,raw_union_K20,44,0.25,0.8424
vit_b32_cifar100,10,0.3,raw_union_K20,44,0.5,0.842
vit_b32_cifar100,10,0.3,raw_union_K20,44,0.75,0.8411
vit_b32_cifar100,10,0.3,raw_union_K20,44,1.0,0.8384
vit_b32_cifar100,10,0.3,raw_union_K20,44,1.25,0.833
vit_b32_cifar100,10,0.3,raw_union_K20,44,1.5,0.8254
vit_b32_cifar100,10,0.3,raw_union_K20,44,1.75,0.8093
vit_b32_cifar100,10,0.3,raw_union_K20,44,2.0,0.7891
vit_b32_cifar100,10,1.0,raw_union_K20,42,0.0,0.8494
vit_b32_cifar100,10,1.0,raw_union_K20,42,0.25,0.8531
vit_b32_cifar100,10,1.0,raw_union_K20,42,0.5,0.855
vit_b32_cifar100,10,1.0,raw_union_K20,42,0.75,0.8566
vit_b32_cifar100,10,1.0,raw_union_K20,42,1.0,0.8577
vit_b32_cifar100,10,1.0,raw_union_K20,42,1.25,0.8559
vit_b32_cifar100,10,1.0,raw_union_K20,42,1.5,0.8514
vit_b32_cifar100,10,1.0,raw_union_K20,42,1.75,0.8454
vit_b32_cifar100,10,1.0,raw_union_K20,42,2.0,0.8366
vit_b32_cifar100,10,1.0,raw_union_K20,43,0.0,0.8515
vit_b32_cifar100,10,1.0,raw_union_K20,43,0.25,0.8554
vit_b32_cifar100,10,1.0,raw_union_K20,43,0.5,0.8577
vit_b32_cifar100,10,1.0,raw_union_K20,43,0.75,0.8593
vit_b32_cifar100,10,1.0,raw_union_K20,43,1.0,0.8598
vit_b32_cifar100,10,1.0,raw_union_K20,43,1.25,0.8587
vit_b32_cifar100,10,1.0,raw_union_K20,43,1.5,0.8564
vit_b32_cifar100,10,1.0,raw_union_K20,43,1.75,0.8495
vit_b32_cifar100,10,1.0,raw_union_K20,43,2.0,0.8436
vit_b32_cifar100,10,1.0,raw_union_K20,44,0.0,0.8521
vit_b32_cifar100,10,1.0,raw_union_K20,44,0.25,0.8554
vit_b32_cifar100,10,1.0,raw_union_K20,44,0.5,0.8561
vit_b32_cifar100,10,1.0,raw_union_K20,44,0.75,0.8565
vit_b32_cifar100,10,1.0,raw_union_K20,44,1.0,0.8544
vit_b32_cifar100,10,1.0,raw_union_K20,44,1.25,0.8528
vit_b32_cifar100,10,1.0,raw_union_K20,44,1.5,0.8493
vit_b32_cifar100,10,1.0,raw_union_K20,44,1.75,0.8433
vit_b32_cifar100,10,1.0,raw_union_K20,44,2.0,0.8331