backbone,dataset,N,alpha,seed,K,tau,method,phase0_kind,probe_size_actual,sigma,agg_method,agg_depth,acc,mean_teacher,best_teacher,oracle,theta0_acc,m3_mean_gap,m3_clients_helped,m3_clients_evaluated,m3_gap,m3_student_acc_on_Di,m3_teacher_acc_on_Di,m4_mean,m4_clients_evaluated,m4_ood_acc,wall_clock_sec,phase_teacher_sec,phase_phase0_sec,phase_distill_sec,phase_aggregate_sec,phase_eval_sec,job_id,node,status,error
mlp_mnist,MNIST,10,0.05,42,300,4.0,raw_union_K20,raw_union,763,0.0,dare,depth-1,0.8062,0.33282,0.5696,0.9735,0.8698,-0.19003830235748834,0,10,"[-0.004608294930875556, -0.3712470412358291, -0.3966300366300366, -0.13904982618771722, -0.34406438631790737, -0.1528283796740172, -0.04308809913823797, -0.1428571428571428, -0.2711931705380186, -0.03481664606510093]","[0.9493087557603687, 0.6268842656035879, 0.5973626373626374, 0.8559289300888374, 0.654728370221328, 0.8436241610738255, 0.9486503810269924, 0.815668202764977, 0.7256303355171729, 0.9637412443345694]","[0.9539170506912442, 0.998131306839417, 0.993992673992674, 0.9949787562765546, 0.9987927565392354, 0.9964525407478427, 0.9917384801652304, 0.9585253456221198, 0.9968235060551915, 0.9985578903996704]",0.801198436104257,10,"[0.7883074611917876, 0.8588469184890656, 0.8255377935662127, 0.7542816365366318, 0.8555978369717605, 0.7528409090909091, 0.6850233692338955, 0.87581589958159, 0.8814742653028089, 0.7342582710779082]",23.103488445281982,17.0395450592041,0.15928363800048828,5.19829535484314,0.004887580871582031,0.24031901359558105,,8fff940c0e30,success,
mlp_mnist,MNIST,10,0.05,42,300,4.0,raw_union_K20,raw_union,763,0.0,lambda_scaled,depth-1,0.8608,0.33282,0.5696,0.9735,0.8698,-0.12661679855441285,0,10,"[-0.004608294930875556, -0.30434782608695654, -0.2249084249084249, -0.11870735161581047, -0.21046277665995972, -0.11697027804410354, -0.051349618973007605, -0.04608294930875567, -0.152471709350804, -0.036258755665430575]","[0.9493087557603687, 0.6937834807524604, 0.7690842490842491, 0.8762714046607442, 0.7883299798792757, 0.8794822627037392, 0.9403888611922228, 0.9124423963133641, 0.8443517967043875, 0.9622991347342398]","[0.9539170506912442, 0.998131306839417, 0.993992673992674, 0.9949787562765546, 0.9987927565392354, 0.9964525407478427, 0.9917384801652304, 0.9585253456221198, 0.9968235060551915, 0.9985578903996704]",0.8493132315423567,10,"[0.8482724086129194, 0.878727634194831, 0.8565225971975527, 0.8496669838249287, 0.873022231123573, 0.8317179144385026, 0.7833773623247308, 0.8893723849372385, 0.9017697678194512, 0.7806830309498399]",22.91212487220764,16.7384090423584,0.15064311027526855,5.354104518890381,0.0056095123291015625,0.26561450958251953,,8fff940c0e30,success,
mlp_mnist,MNIST,10,0.05,42,300,4.0,raw_union_K20,raw_union,763,0.0,weight_avg,depth-1,0.8095,0.33282,0.5696,0.9735,0.8698,-0.1871100539333268,0,10,"[-0.009216589861751112, -0.3589136663759811, -0.38681318681318677, -0.14188232264709666, -0.3448692152917505, -0.1521572387344199, -0.04358663912826721, -0.13824884792626724, -0.262656343061346, -0.032756489493201424]","[0.9447004608294931, 0.6392176404634359, 0.6071794871794872, 0.853096433629458, 0.6539235412474849, 0.8442953020134228, 0.9481518410369631, 0.8202764976958525, 0.7341671629938455, 0.9658014009064689]","[0.9539170506912442, 0.998131306839417, 0.993992673992674, 0.9949787562765546, 0.9987927565392354, 0.9964525407478427, 0.9917384801652304, 0.9585253456221198, 0.9968235060551915, 0.9985578903996704]",0.8048853465688932,10,"[0.793064596895343, 0.8561961563949636, 0.8279060588119203, 0.7604662226450999, 0.8588023232525536, 0.7588569518716578, 0.6927453769559033, 0.8784937238493724, 0.8795258970612112, 0.7427961579509071]",24.93557119369507,16.937909603118896,0.18976998329162598,5.489752292633057,0.0017123222351074219,0.3089916706085205,,8fff940c0e30,success,
mlp_mnist,MNIST,10,0.05,43,300,4.0,raw_union_K20,raw_union,719,0.0,dare,depth-1,0.842,0.33494,0.573,0.9747,0.8132,-0.1256951285266709,0,10,"[-0.12413793103448278, -0.07955482275350367, -0.10535019455252925, -0.3045568871134784, -0.10490259045172334, -0.03954613716002009, -0.05051179350244772, 0.0, -0.12306079664570235, -0.32533013205282113]","[0.874085684430512, 0.9196207749381698, 0.8899805447470817, 0.6906347092765202, 0.8931706272746736, 0.9599532788252961, 0.9441477525589675, 1.0, 0.8737945492662473, 0.6713085234093638]","[0.9982236154649948, 0.9991755976916735, 0.9953307392996109, 0.9951915963899985, 0.9980732177263969, 0.9994994159853162, 0.9946595460614153, 1.0, 0.9968553459119497, 0.9966386554621849]",0.8252862214760603,9,"[0.81878908470722, 0.7921275211450879, 0.775844930417495, 0.8559744663873928, 0.810064935064935, 0.9343699515347335, 0.84521484375, 0.8175508180466039, 0.7776394422310757, null]",23.45978355407715,17.439800262451172,0.1681838035583496,5.286121845245361,0.0008635520935058594,0.2238328456878662,,8fff940c0e30,success,
mlp_mnist,MNIST,10,0.05,43,300,4.0,raw_union_K20,raw_union,719,0.0,lambda_scaled,depth-1,0.8417,0.33494,0.573,0.9747,0.8132,-0.12135319979366992,0,10,"[-0.10658307210031348, -0.11459192085737835, -0.18112840466926072, -0.3260097647581003, -0.06679511881824018, -0.039379275821792126, -0.05318202047174014, 0.0, -0.10377358490566035, -0.22208883553421366]","[0.8916405433646813, 0.8845836768342952, 0.8142023346303502, 0.6691818316318983, 0.9312780989081567, 0.9601201401635241, 0.9414775255896751, 1.0, 0.8930817610062893, 0.7745498199279712]","[0.9982236154649948, 0.9991755976916735, 0.9953307392996109, 0.9951915963899985, 0.9980732177263969, 0.9994994159853162, 0.9946595460614153, 1.0, 0.9968553459119497, 0.9966386554621849]",0.8359492182664463,9,"[0.8084138715179079, 0.8204294079375407, 0.8648111332007953, 0.8611609814482346, 0.8136363636363636, 0.9327544426494345, 0.85107421875, 0.8227565691621219, 0.7485059760956175, null]",22.901939153671265,17.003393173217773,0.15391159057617188,5.154787302017212,0.0007674694061279297,0.24020600318908691,,8fff940c0e30,success,
mlp_mnist,MNIST,10,0.05,43,300,4.0,raw_union_K20,raw_union,719,0.0,weight_avg,depth-1,0.8366,0.33494,0.573,0.9747,0.8132,-0.12956701001038384,0,10,"[-0.12361546499477538, -0.07831821929101401, -0.10447470817120619, -0.3134339399319426, -0.10768572040248336, -0.04054730518938765, -0.05073431241655546, 0.0, -0.12872117400419292, -0.3481392557022809]","[0.8746081504702194, 0.9208573784006595, 0.8908560311284047, 0.681757656458056, 0.8903874973239135, 0.9589521107959286, 0.9439252336448598, 1.0, 0.8681341719077568, 0.648499399759904]","[0.9982236154649948, 0.9991755976916735, 0.9953307392996109, 0.9951915963899985, 0.9980732177263969, 0.9994994159853162, 0.9946595460614153, 1.0, 0.9968553459119497, 0.9966386554621849]",0.8187790368637008,9,"[0.8121091529277998, 0.7836694860117112, 0.7649105367793241, 0.8511869140235389, 0.8017857142857143, 0.9331583198707593, 0.8401692708333334, 0.8111056023797719, 0.7709163346613546, null]",22.72481679916382,16.834717273712158,0.1656486988067627,5.1623992919921875,0.0013225078582763672,0.22683143615722656,,8fff940c0e30,success,
mlp_mnist,MNIST,10,0.05,44,300,4.0,raw_union_K20,raw_union,770,0.0,dare,depth-1,0.7896,0.32920999999999995,0.4505,0.9776,0.7815,-0.18765638264048018,0,10,"[-0.1883708928264235, -0.05837387074357192, -0.18726926949323186, -0.1661380824591363, -0.3978616709244016, -0.19349722442505946, -0.22404174914522224, -0.09636261891438169, -0.05997931747673213, -0.304669129996641]","[0.8078444864957853, 0.9416261292564281, 0.8115001678040049, 0.8150768480117102, 0.5944744062825243, 0.8038593708696802, 0.7714594205506569, 0.9030777839955232, 0.9395036194415719, 0.6897883775613033]","[0.9962153793222088, 1.0, 0.9987694372972368, 0.9812149304708465, 0.992336077206926, 0.9973565952947396, 0.9955011696958791, 0.9994404029099049, 0.999482936918304, 0.9944575075579443]",0.7426711858349652,10,"[0.7777960797232746, 0.7373239436619718, 0.804253643166601, 0.8899747793190416, 0.8409547738693467, 0.7000746083063915, 0.7026333789329685, 0.7928131416837783, 0.7476226226226226, 0.433264887063655]",23.11921215057373,16.71519422531128,0.13873076438903809,5.70344614982605,0.0009679794311523438,0.23881149291992188,,8fff940c0e30,success,
mlp_mnist,MNIST,10,0.05,44,300,4.0,raw_union_K20,raw_union,770,0.0,lambda_scaled,depth-1,0.8441,0.32920999999999995,0.4505,0.9776,0.7815,-0.15435755915618254,0,10,"[-0.08394976776191299, -0.06763956451239284, -0.08334265577805122, -0.14954867040741637, -0.2797804901125934, -0.19429024583663757, -0.23034011157099155, -0.10710688304420823, -0.07549120992761116, -0.2720859926100101]","[0.9122656115602958, 0.9323604354876072, 0.9154267815191856, 0.8316662600634301, 0.7125555870943325, 0.8030663494581021, 0.7651610581248875, 0.8923335198656966, 0.9239917269906929, 0.7223715149479342]","[0.9962153793222088, 1.0, 0.9987694372972368, 0.9812149304708465, 0.992336077206926, 0.9973565952947396, 0.9955011696958791, 0.9994404029099049, 0.999482936918304, 0.9944575075579443]",0.8098406376280096,10,"[0.8166694119584912, 0.8209859154929577, 0.8105553367467507, 0.8883984867591425, 0.8527638190954774, 0.769211638895797, 0.7990766073871409, 0.8609856262833676, 0.8185685685685685, 0.6611909650924025]",23.148085355758667,16.906352043151855,0.21158766746520996,5.473570108413696,0.0007479190826416016,0.22869634628295898,,8fff940c0e30,success,
mlp_mnist,MNIST,10,0.05,44,300,4.0,raw_union_K20,raw_union,770,0.0,weight_avg,depth-1,0.8004,0.32920999999999995,0.4505,0.9776,0.7815,-0.18039252372162912,0,10,"[-0.16910373301221404, -0.05814222839935135, -0.1669090502293321, -0.1668699682849475, -0.39218469107768006, -0.1895321173671689, -0.205506568292244, -0.09468382764409622, -0.06153050672182003, -0.29946254618743706]","[0.8271116463099948, 0.9418577716006487, 0.8318603870679047, 0.814344962185899, 0.6001513861292459, 0.8078244779275707, 0.7899946014036351, 0.9047565752658087, 0.937952430196484, 0.6949949613705072]","[0.9962153793222088, 1.0, 0.9987694372972368, 0.9812149304708465, 0.992336077206926, 0.9973565952947396, 0.9955011696958791, 0.9994404029099049, 0.999482936918304, 0.9944575075579443]",0.7531926659994436,10,"[0.7820787349695273, 0.7523943661971831, 0.8125246159905475, 0.900063051702396, 0.8444723618090453, 0.712509326038299, 0.7154582763337893, 0.8039014373716632, 0.7608858858858859, 0.44763860369609854]",23.78461742401123,17.802315711975098,0.1599271297454834,5.245473623275757,0.0014128684997558594,0.22466444969177246,,8fff940c0e30,success,
mlp_mnist,MNIST,10,0.3,42,300,4.0,raw_union_K20,raw_union,1534,0.0,dare,depth-1,0.9282,0.6729800000000001,0.8482,0.9735,0.9017,-0.06133925440852826,0,10,"[-0.04066288169403098, -0.05241635687732349, -0.06198217094913483, -0.05965163445478405, -0.036317567567567544, -0.06279532454613279, -0.04879793932455634, -0.12347117064647639, -0.03300888700804061, -0.09428861101723562]","[0.9536596593524628, 0.9318463444857497, 0.9264813843733612, 0.9333094726795514, 0.957347972972973, 0.9215369311116638, 0.936033199771036, 0.8695398951659872, 0.9534490055014812, 0.895234876647516]","[0.9943225410464938, 0.9842627013630731, 0.9884635553224961, 0.9929611071343355, 0.9936655405405406, 0.9843322556577966, 0.9848311390955924, 0.9930110658124636, 0.9864578925095218, 0.9895234876647516]",0.90890914127482,7,"[0.9183480453972257, 0.9210944957047407, 0.8183856502242153, null, 0.9353182751540041, 0.937015503875969, 0.9204081632653062, 0.9117938553022795, null, null]",23.33692717552185,16.98520803451538,0.2360677719116211,5.567837238311768,0.0008015632629394531,0.2067852020263672,,8fff940c0e30,success,
mlp_mnist,MNIST,10,0.3,42,300,4.0,raw_union_K20,raw_union,1534,0.0,lambda_scaled,depth-1,0.9269,0.6729800000000001,0.8482,0.9735,0.9017,-0.06504440939987496,0,10,"[-0.06045726561301212, -0.06146220570012395, -0.060409019402202446, -0.06979241231209732, -0.04729729729729737, -0.06055707535438948, -0.055380652547223796, -0.10133954571927772, -0.049936521371138354, -0.08381209868198713]","[0.9338652754334816, 0.9228004956629492, 0.9280545359202936, 0.9231686948222382, 0.9463682432432432, 0.9237751803034071, 0.9294504865483686, 0.8916715200931858, 0.9365213711383834, 0.9057113889827645]","[0.9943225410464938, 0.9842627013630731, 0.9884635553224961, 0.9929611071343355, 0.9936655405405406, 0.9843322556577966, 0.9848311390955924, 0.9930110658124636, 0.9864578925095218, 0.9895234876647516]",0.9170177000883413,7,"[0.9215006305170239, 0.9280941775373847, 0.8632286995515696, null, 0.9332648870636551, 0.9205426356589147, 0.936734693877551, 0.9157581764122894, null, null]",23.494478702545166,17.06103825569153,0.22246932983398438,5.666062831878662,0.0006566047668457031,0.20580124855041504,,8fff940c0e30,success,
mlp_mnist,MNIST,10,0.3,42,300,4.0,raw_union_K20,raw_union,1534,0.0,weight_avg,depth-1,0.9314,0.6729800000000001,0.8482,0.9735,0.9017,-0.058598838161970715,0,10,"[-0.03866809881847477, -0.05117719950433708, -0.06030414263240691, -0.055953233118587464, -0.03420608108108114, -0.05918925640387962, -0.044218660560961576, -0.11589982527664533, -0.035124841303427856, -0.09124704291990537]","[0.955654442228019, 0.9330855018587361, 0.9281594126900892, 0.937007874015748, 0.9594594594594594, 0.925142999253917, 0.9406124785346308, 0.8771112405358182, 0.9513330512060939, 0.8982764447448462]","[0.9943225410464938, 0.9842627013630731, 0.9884635553224961, 0.9929611071343355, 0.9936655405405406, 0.9843322556577966, 0.9848311390955924, 0.9930110658124636, 0.9864578925095218, 0.9895234876647516]",0.9143613564190873,7,"[0.9252837326607818, 0.9242761692650334, 0.8318385650224215, null, 0.9342915811088296, 0.9447674418604651, 0.9183673469387755, 0.9217046580773043, null, null]",23.285582304000854,16.800323963165283,0.22260069847106934,5.721765518188477,0.0015933513641357422,0.19791817665100098,,8fff940c0e30,success,
mlp_mnist,MNIST,10,0.3,43,300,4.0,raw_union_K20,raw_union,1638,0.0,dare,depth-1,0.9396,0.7063500000000001,0.9234,0.9747,0.8809,-0.05119815048407783,0,10,"[-0.043467208947636005, -0.036465638148667656, -0.04214895825017961, -0.053561920988180134, -0.042156185210780905, -0.03627006494302176, -0.045580589254766046, -0.10040640688501079, -0.04660386712940001, -0.06532066508313539]","[0.9194204372140315, 0.9359513791491351, 0.9450786301588568, 0.9401554680012778, 0.9477539737387699, 0.958706040926357, 0.9415944540727903, 0.8900310781735596, 0.9407535944471989, 0.9311163895486936]","[0.9628876461616676, 0.9724170172978027, 0.9872275884090365, 0.9937173889894579, 0.9899101589495508, 0.9949761058693788, 0.9871750433275563, 0.9904374850585704, 0.9873574615765989, 0.996437054631829]",0.9263156668177401,4,"[0.9667673716012085, 0.9445544554455445, null, null, null, null, 0.8490759753593429, 0.9448648648648649, null, null]",22.8882052898407,16.841540575027466,0.21875214576721191,5.188071966171265,0.0009462833404541016,0.19931268692016602,,8fff940c0e30,success,
mlp_mnist,MNIST,10,0.3,43,300,4.0,raw_union_K20,raw_union,1638,0.0,lambda_scaled,depth-1,0.9258,0.7063500000000001,0.9234,0.9747,0.8809,-0.0637795338018525,0,10,"[-0.04956786985256745, -0.0406732117812062, -0.05707671429711825, -0.0686827813864338, -0.051693158258465766, -0.04215169709594413, -0.0717504332755633, -0.11355486492947653, -0.06742687159147243, -0.07521773555027711]","[0.9133197763091001, 0.9317438055165965, 0.9301508741119182, 0.9250346076030241, 0.938217000691085, 0.9528244087734347, 0.915424610051993, 0.8768826201290939, 0.9199305899851264, 0.9212193190815519]","[0.9628876461616676, 0.9724170172978027, 0.9872275884090365, 0.9937173889894579, 0.9899101589495508, 0.9949761058693788, 0.9871750433275563, 0.9904374850585704, 0.9873574615765989, 0.996437054631829]",0.9139542047290091,4,"[0.9375629405840886, 0.9277227722772278, null, null, null, null, 0.8624229979466119, 0.9281081081081081, null, null]",23.393108367919922,17.15074372291565,0.22944116592407227,5.33189058303833,0.0010929107666015625,0.2379605770111084,,8fff940c0e30,success,
mlp_mnist,MNIST,10,0.3,43,300,4.0,raw_union_K20,raw_union,1638,0.0,weight_avg,depth-1,0.9382,0.7063500000000001,0.9234,0.9747,0.8809,-0.052110663428560036,0,10,"[-0.04524656837824104, -0.03740065451145391, -0.043027061547058376, -0.053455436055798056, -0.04146510020732552, -0.03663766695257942, -0.04627383015597919, -0.10399234998804685, -0.047099652949925574, -0.0665083135391924]","[0.9176410777834265, 0.9350163627863488, 0.9442005268619781, 0.9402619529336599, 0.9484450587422253, 0.9583384389167994, 0.9409012131715772, 0.8864451350705236, 0.9402578086266733, 0.9299287410926366]","[0.9628876461616676, 0.9724170172978027, 0.9872275884090365, 0.9937173889894579, 0.9899101589495508, 0.9949761058693788, 0.9871750433275563, 0.9904374850585704, 0.9873574615765989, 0.996437054631829]",0.9245724644777372,4,"[0.9657603222557906, 0.9495049504950495, null, null, null, null, 0.8408624229979466, 0.9421621621621622, null, null]",23.131350994110107,16.792155504226685,0.24676251411437988,5.473743915557861,0.0016629695892333984,0.2533125877380371,,8fff940c0e30,success,
mlp_mnist,MNIST,10,0.3,44,300,4.0,raw_union_K20,raw_union,1627,0.0,dare,depth-1,0.9343,0.7194,0.8892,0.9776,0.8885,-0.05636554438789467,0,10,"[-0.04169530355097362, -0.07771609833465509, -0.04282329045362221, -0.051462880015248236, -0.06986498885830383, -0.059233449477351874, -0.050735514860402287, -0.045138156507065985, -0.055118110236220486, -0.06986765158510311]","[0.954639175257732, 0.9169310071371927, 0.9421123899796886, 0.9363385113885447, 0.922270284440949, 0.9221388367729831, 0.9426598619033323, 0.9413625817338115, 0.9192913385826772, 0.9230532471529701]","[0.9963344788087056, 0.9946471054718478, 0.9849356804333108, 0.987801391403793, 0.9921352732992529, 0.981372286250335, 0.9933953767637346, 0.9865007382408775, 0.9744094488188977, 0.9929208987380732]",0.9211031278276767,4,"[0.8685031185031185, null, null, 0.9744493392070485, null, null, 0.9159203980099503, null, 0.9255396555905894, null]",23.256579160690308,17.14597773551941,0.22132277488708496,5.3682005405426025,0.0008432865142822266,0.2057332992553711,,8fff940c0e30,success,
mlp_mnist,MNIST,10,0.3,44,300,4.0,raw_union_K20,raw_union,1627,0.0,lambda_scaled,depth-1,0.9343,0.7194,0.8892,0.9776,0.8885,-0.06138503765905862,0,10,"[-0.05567010309278353, -0.06086439333862015, -0.05856465809072453, -0.06156485275898216, -0.05937868659064105, -0.0560171535781292, -0.05483838687080955, -0.07108205020037972, -0.0718503937007875, -0.06401969836872878]","[0.9406643757159221, 0.9337827121332276, 0.9263710223425863, 0.9262365386448108, 0.9327565867086118, 0.9253551326722058, 0.938556989892925, 0.9154186880404978, 0.9025590551181102, 0.9289012003693444]","[0.9963344788087056, 0.9946471054718478, 0.9849356804333108, 0.987801391403793, 0.9921352732992529, 0.981372286250335, 0.9933953767637346, 0.9865007382408775, 0.9744094488188977, 0.9929208987380732]",0.9314843157371278,4,"[0.893970893970894, null, null, 0.9691629955947136, null, null, 0.9353233830845771, null, 0.9274799902983265, null]",23.039854288101196,17.037449598312378,0.21572637557983398,5.272472143173218,0.000701904296875,0.1991276741027832,,8fff940c0e30,success,
mlp_mnist,MNIST,10,0.3,44,300,4.0,raw_union_K20,raw_union,1627,0.0,weight_avg,depth-1,0.9342,0.7194,0.8892,0.9776,0.8885,-0.05512705079003122,0,10,"[-0.04306987399770901, -0.07672482157018246, -0.04180771834800279, -0.05022395882969599, -0.06658801939965919, -0.05842937550254623, -0.04993495446812768, -0.04387260071714827, -0.049212598425196874, -0.07140658664204369]","[0.9532646048109966, 0.9179222839016653, 0.943127962085308, 0.937577432574097, 0.9255472538995937, 0.9229429107477888, 0.9434604222956069, 0.9426281375237292, 0.9251968503937008, 0.9215143120960295]","[0.9963344788087056, 0.9946471054718478, 0.9849356804333108, 0.987801391403793, 0.9921352732992529, 0.981372286250335, 0.9933953767637346, 0.9865007382408775, 0.9744094488188977, 0.9929208987380732]",0.9196601778875494,4,"[0.8690228690228691, null, null, 0.973568281938326, null, null, 0.9129353233830846, null, 0.923114237205918, null]",23.329928159713745,17.40235924720764,0.22139263153076172,5.188951253890991,0.0014061927795410156,0.20478296279907227,,8fff940c0e30,success,
mlp_mnist,MNIST,10,1.0,42,300,4.0,raw_union_K20,raw_union,1978,0.0,dare,depth-1,0.9519,0.89937,0.924,0.9735,0.8963,-0.03283046140705541,0,10,"[-0.04213876511775938, -0.04220183486238538, -0.025893958076448897, -0.028973157221985457, -0.034715525554484095, -0.028682482240986462, -0.040450121654501126, -0.029632211957469012, -0.027835051546391765, -0.02778150583814254]","[0.9475493316359007, 0.9526605504587156, 0.9613645704891081, 0.9612270984235194, 0.9419800707168113, 0.9467899745342447, 0.9411496350364964, 0.9571204462262507, 0.943041237113402, 0.9561132733861226]","[0.9896880967536601, 0.9948623853211009, 0.987258528565557, 0.9902002556455048, 0.9766955962712954, 0.9754724567752312, 0.9815997566909975, 0.9867526581837197, 0.9708762886597938, 0.9838947792242652]",,0,"[null, null, null, null, null, null, null, null, null, null]",23.112615823745728,16.791709184646606,0.24576592445373535,5.565266370773315,0.0008647441864013672,0.19367098808288574,,8fff940c0e30,success,
mlp_mnist,MNIST,10,1.0,42,300,4.0,raw_union_K20,raw_union,1978,0.0,lambda_scaled,depth-1,0.9411,0.89937,0.924,0.9735,0.8963,-0.04390275935517962,0,10,"[-0.04659452577975809, -0.050642201834862455, -0.04123852582545562, -0.037281636131231255, -0.03825136612021862, -0.04449805656078276, -0.061283454987834496, -0.03364127592818544, -0.042783505154639134, -0.04281304522882834]","[0.943093570973902, 0.9442201834862385, 0.9460200027401013, 0.9529186195142736, 0.9384442301510768, 0.9309744002144484, 0.920316301703163, 0.9531113822555343, 0.9280927835051547, 0.9410817339954368]","[0.9896880967536601, 0.9948623853211009, 0.987258528565557, 0.9902002556455048, 0.9766955962712954, 0.9754724567752312, 0.9815997566909975, 0.9867526581837197, 0.9708762886597938, 0.9838947792242652]",,0,"[null, null, null, null, null, null, null, null, null, null]",23.314467668533325,17.034255266189575,0.30866169929504395,5.4712910652160645,0.001003265380859375,0.18715620040893555,,8fff940c0e30,success,
mlp_mnist,MNIST,10,1.0,42,300,4.0,raw_union_K20,raw_union,1978,0.0,weight_avg,depth-1,0.9509,0.89937,0.924,0.9735,0.8963,-0.032359847053552174,0,10,"[-0.04022915340547417, -0.04183486238532108, -0.026441978353199058, -0.027907967618235996, -0.0331083252973321, -0.028414421659294975, -0.04257907542579076, -0.029457904828307457, -0.027319587628865993, -0.02630519393370012]","[0.9494589433481859, 0.9530275229357799, 0.9608165502123579, 0.9622922880272688, 0.9435872709739633, 0.9470580351159362, 0.9390206812652068, 0.9572947533554123, 0.9435567010309278, 0.957589585290565]","[0.9896880967536601, 0.9948623853211009, 0.987258528565557, 0.9902002556455048, 0.9766955962712954, 0.9754724567752312, 0.9815997566909975, 0.9867526581837197, 0.9708762886597938, 0.9838947792242652]",,0,"[null, null, null, null, null, null, null, null, null, null]",23.257519483566284,17.18684482574463,0.3396310806274414,5.226036071777344,0.001527547836303711,0.19726133346557617,,8fff940c0e30,success,
mlp_mnist,MNIST,10,1.0,43,300,4.0,raw_union_K20,raw_union,1966,0.0,dare,depth-1,0.9518,0.8797,0.93,0.9747,0.9146,-0.034651339773430115,0,10,"[-0.03796162574788531, -0.04866008462623417, -0.030249890398947876, -0.0287874382087816, -0.037917176306133116, -0.03158844765342961, -0.026025835866261393, -0.03545994065281899, -0.04346885813148793, -0.02639410014232113]","[0.9504848359810192, 0.9362952515279737, 0.950021920210434, 0.9483861587670834, 0.9503756770924341, 0.9582581227436823, 0.9599164133738601, 0.952967359050445, 0.9426903114186851, 0.9557510674084616]","[0.9884464617289045, 0.9849553361542078, 0.9802718106093818, 0.977173596975865, 0.9882928533985672, 0.9898465703971119, 0.9859422492401215, 0.988427299703264, 0.986159169550173, 0.9821451675507827]",,0,"[null, null, null, null, null, null, null, null, null, null]",23.24668025970459,16.83688473701477,0.25979113578796387,5.636299133300781,0.0010073184967041016,0.1916794776916504,,8fff940c0e30,success,
mlp_mnist,MNIST,10,1.0,43,300,4.0,raw_union_K20,raw_union,1966,0.0,lambda_scaled,depth-1,0.94,0.8797,0.93,0.9747,0.9146,-0.045415453701182586,0,10,"[-0.05075304311945539, -0.059003291020216286, -0.03923717667689608, -0.042454201802849645, -0.049449589376201364, -0.04219314079422376, -0.035524316109422416, -0.04421364985163201, -0.05341695501730104, -0.03790917324362786]","[0.9376934186094491, 0.9259520451339915, 0.9410346339324858, 0.9347193951730154, 0.9388432640223658, 0.9476534296028881, 0.9504179331306991, 0.944213649851632, 0.932742214532872, 0.9442359943071549]","[0.9884464617289045, 0.9849553361542078, 0.9802718106093818, 0.977173596975865, 0.9882928533985672, 0.9898465703971119, 0.9859422492401215, 0.988427299703264, 0.986159169550173, 0.9821451675507827]",,0,"[null, null, null, null, null, null, null, null, null, null]",23.589707612991333,17.175386428833008,0.24314260482788086,5.659496784210205,0.0009353160858154297,0.19662952423095703,,8fff940c0e30,success,
mlp_mnist,MNIST,10,1.0,43,300,4.0,raw_union_K20,raw_union,1966,0.0,weight_avg,depth-1,0.951,0.8797,0.93,0.9747,0.9146,-0.03460881218027676,0,10,"[-0.03889003507324118, -0.048425011753643665, -0.029373081981587057, -0.028205873800523418, -0.03704350864930983, -0.03158844765342961, -0.026405775075987736, -0.034866468842729925, -0.04476643598615915, -0.026523482986156033]","[0.9495564266556633, 0.9365303244005642, 0.9508987286277948, 0.9489677231753416, 0.9512493447492574, 0.9582581227436823, 0.9595364741641338, 0.9535608308605341, 0.9413927335640139, 0.9556216845646267]","[0.9884464617289045, 0.9849553361542078, 0.9802718106093818, 0.977173596975865, 0.9882928533985672, 0.9898465703971119, 0.9859422492401215, 0.988427299703264, 0.986159169550173, 0.9821451675507827]",,0,"[null, null, null, null, null, null, null, null, null, null]",23.25047993659973,16.803513526916504,0.2579219341278076,5.672097682952881,0.0012619495391845703,0.1949925422668457,,8fff940c0e30,success,
mlp_mnist,MNIST,10,1.0,44,300,4.0,raw_union_K20,raw_union,1993,0.0,dare,depth-1,0.9495,0.8891600000000001,0.9255,0.9776,0.905,-0.03491456025323518,0,10,"[-0.0409932991722507, -0.03394255874673624, -0.03343513904516959, -0.03752917938588618, -0.03547044129891752, -0.03051740879456233, -0.029602220166512483, -0.036996971008221635, -0.03210719251674887, -0.03855119239734628]","[0.943437130469058, 0.9474543080939948, 0.9567593634463912, 0.9441551445501886, 0.9557035803497086, 0.9607435150506312, 0.9530527289546716, 0.9578104716572912, 0.9474149917835925, 0.9413663259817105]","[0.9844304296413087, 0.981396866840731, 0.9901945024915608, 0.9816843239360747, 0.9911740216486261, 0.9912609238451935, 0.9826549491211841, 0.9948074426655128, 0.9795221843003413, 0.9799175183790568]",,0,"[null, null, null, null, null, null, null, null, null, null]",23.791100025177002,17.450944662094116,0.27118921279907227,5.440201282501221,0.0009562969207763672,0.1941237449645996,,8fff940c0e30,success,
mlp_mnist,MNIST,10,1.0,44,300,4.0,raw_union_K20,raw_union,1993,0.0,lambda_scaled,depth-1,0.9411,0.8891600000000001,0.9255,0.9776,0.905,-0.044651467187792795,0,10,"[-0.04316121403232165, -0.04046997389033935, -0.0406687027809034, -0.03573352486981507, -0.04363030807660284, -0.04244694132334581, -0.051572617946346044, -0.04868022501081781, -0.046896726077613526, -0.053254437869822424]","[0.941269215608987, 0.9409268929503917, 0.9495257997106574, 0.9459507990662597, 0.9475437135720233, 0.9488139825218477, 0.9310823311748381, 0.946127217654695, 0.9326254582227278, 0.9266630805092344]","[0.9844304296413087, 0.981396866840731, 0.9901945024915608, 0.9816843239360747, 0.9911740216486261, 0.9912609238451935, 0.9826549491211841, 0.9948074426655128, 0.9795221843003413, 0.9799175183790568]",,0,"[null, null, null, null, null, null, null, null, null, null]",23.161752939224243,17.018826007843018,0.2550773620605469,5.239061117172241,0.0006742477416992188,0.22925877571105957,,8fff940c0e30,success,
mlp_mnist,MNIST,10,1.0,44,300,4.0,raw_union_K20,raw_union,1993,0.0,weight_avg,depth-1,0.9509,0.8891600000000001,0.9255,0.9776,0.905,-0.034072847155292976,0,10,"[-0.03843121797398508, -0.03263707571801566, -0.03327439318437553, -0.034835697611779515, -0.03413821815154039, -0.03176584824524897, -0.03110545790934327, -0.03678061445261793, -0.030463911009986133, -0.037296037296037254]","[0.9459992116673236, 0.9487597911227154, 0.9569201093071853, 0.9468486263242952, 0.9570358034970857, 0.9594950755999445, 0.9515494912118408, 0.9580268282128949, 0.9490582732903552, 0.9426214810830196]","[0.9844304296413087, 0.981396866840731, 0.9901945024915608, 0.9816843239360747, 0.9911740216486261, 0.9912609238451935, 0.9826549491211841, 0.9948074426655128, 0.9795221843003413, 0.9799175183790568]",,0,"[null, null, null, null, null, null, null, null, null, null]",22.697473526000977,16.582374334335327,0.2588660717010498,5.32883620262146,0.0017330646514892578,0.2110283374786377,,8fff940c0e30,success,
vit_b32_cifar100,CIFAR100,10,0.05,42,300,4.0,raw_union_K20,raw_union,4828,0.0,dare,depth-1,0.736,0.22524000000000002,0.2926,0.8692,0.8091,-0.2322257502707533,0,10,"[-0.32343749999999993, -0.16268439642634525, -0.2882978723404255, -0.2671263345195729, -0.2754098360655738, -0.2438857533778005, -0.23923032739804706, -0.19019235979409377, -0.1429394812680116, -0.18905364151766246]","[0.665625, 0.820590068564305, 0.6960106382978724, 0.6921708185053381, 0.6881794650560829, 0.7432871558063965, 0.741240666283745, 0.792197236521268, 0.8340057636887608, 0.7893589184474488]","[0.9890625, 0.9832744649906503, 0.9843085106382978, 0.959297153024911, 0.9635893011216566, 0.987172909184197, 0.980470993681792, 0.9823895963153617, 0.9769452449567724, 0.9784125599651112]",0.7175720042557664,10,"[0.7389473684210527, 0.6693220338983051, 0.726984126984127, 0.7205970149253731, 0.7016393442622951, 0.7135384615384616, 0.6830508474576271, 0.7401408450704225, 0.719, 0.7625]",6.904572248458862,2.6095290184020996,0.24802017211914062,3.487941265106201,0.0006992816925048828,0.17635059356689453,,8fff940c0e30,success,
vit_b32_cifar100,CIFAR100,10,0.05,42,300,4.0,raw_union_K20,raw_union,4828,0.0,lambda_scaled,depth-1,0.7963,0.22524000000000002,0.2926,0.8692,0.8091,-0.16166592640974745,0,10,"[-0.17999999999999994, -0.1371286100145439, -0.200531914893617, -0.1654804270462633, -0.19620362381363243, -0.18436805199247475, -0.19170017231476155, -0.14332159306421022, -0.0720461095100865, -0.14587876144788492]","[0.8090625, 0.8461458549761064, 0.7837765957446808, 0.7938167259786477, 0.7673856773080242, 0.8028048571917222, 0.7887708213670305, 0.8390680032511515, 0.9048991354466859, 0.8325337985172263]","[0.9890625, 0.9832744649906503, 0.9843085106382978, 0.959297153024911, 0.9635893011216566, 0.987172909184197, 0.980470993681792, 0.9823895963153617, 0.9769452449567724, 0.9784125599651112]",0.7831382406677408,10,"[0.7928947368421052, 0.7598305084745762, 0.79, 0.7895522388059701, 0.7742622950819672, 0.7790769230769231, 0.7659322033898305, 0.7991549295774648, 0.7794285714285715, 0.80125]",6.94879150390625,2.6212356090545654,0.2540466785430908,3.5849153995513916,0.0007739067077636719,0.2120964527130127,,8fff940c0e30,success,
vit_b32_cifar100,CIFAR100,10,0.05,42,300,4.0,raw_union_K20,raw_union,4828,0.0,weight_avg,depth-1,0.7265,0.22524000000000002,0.2926,0.8692,0.8091,-0.23294195777772037,0,10,"[-0.2996875, -0.17203407438188234, -0.28776595744680844, -0.26356761565836295, -0.2624676445211389, -0.2688558234992303, -0.24124066628374496, -0.1996748848550528, -0.13198847262247848, -0.20213693850850412]","[0.689375, 0.811240390608768, 0.6965425531914894, 0.6957295373665481, 0.7011216566005177, 0.7183170856849667, 0.7392303273980471, 0.7827147114603089, 0.8449567723342939, 0.7762756214566071]","[0.9890625, 0.9832744649906503, 0.9843085106382978, 0.959297153024911, 0.9635893011216566, 0.987172909184197, 0.980470993681792, 0.9823895963153617, 0.9769452449567724, 0.9784125599651112]",0.7036975432454111,10,"[0.7259210526315789, 0.6596610169491526, 0.7176190476190476, 0.7098507462686567, 0.6865573770491803, 0.7032307692307692, 0.6759322033898305, 0.7257746478873239, 0.7024285714285714, 0.73]",7.140414237976074,2.8800108432769775,0.2539494037628174,3.5447304248809814,0.0005660057067871094,0.18097758293151855,,8fff940c0e30,success,
vit_b32_cifar100,CIFAR100,10,0.05,43,300,4.0,raw_union_K20,raw_union,5083,0.0,dare,depth-1,0.7122,0.22685999999999998,0.2738,0.8683,0.7989,-0.2519166990512381,0,10,"[-0.2626641651031896, -0.4005702066999287, -0.18737270875763745, -0.16424183640478507, -0.27314814814814814, -0.1709608158883521, -0.34412365121026534, -0.1659376708583925, -0.3098906560636183, -0.24025713137806348]","[0.6946168278250829, 0.5863625564267047, 0.7941276306856755, 0.8221791141286776, 0.6932098765432099, 0.8185721953837896, 0.6324001166520852, 0.8182066703116457, 0.6742047713717694, 0.7308155885897951]","[0.9572809929282725, 0.9869327631266334, 0.9815003394433129, 0.9864209505334627, 0.966358024691358, 0.9895330112721417, 0.9765237678623505, 0.9841443411700382, 0.9840954274353877, 0.9710727199678586]",0.6901298620186407,10,"[0.7019354838709677, 0.7028571428571428, 0.6563076923076923, 0.6757142857142857, 0.6735, 0.6552857142857142, 0.7001754385964912, 0.6992207792207792, 0.70296875, 0.7333333333333333]",7.06764554977417,2.653803825378418,0.32385754585266113,3.63407039642334,0.0008008480072021484,0.18186545372009277,,8fff940c0e30,success,
vit_b32_cifar100,CIFAR100,10,0.05,43,300,4.0,raw_union_K20,raw_union,5083,0.0,lambda_scaled,depth-1,0.7804,0.22685999999999998,0.2738,0.8683,0.7989,-0.1745502611227999,0,10,"[-0.18833886563717717, -0.27583749109052025, -0.14002036659877792, -0.11574523116715163, -0.16635802469135796, -0.1011808910359635, -0.27209098862642167, -0.12219792236194638, -0.19880715705765406, -0.16492567296102856]","[0.7689421272910953, 0.7110952720361131, 0.841479972844535, 0.870675719366311, 0.8, 0.8883521202361782, 0.7044327792359288, 0.8619464188080919, 0.7852882703777336, 0.80614704700683]","[0.9572809929282725, 0.9869327631266334, 0.9815003394433129, 0.9864209505334627, 0.966358024691358, 0.9895330112721417, 0.9765237678623505, 0.9841443411700382, 0.9840954274353877, 0.9710727199678586]",0.7664942971125271,10,"[0.7820967741935484, 0.7702857142857142, 0.742, 0.7633333333333333, 0.7563333333333333, 0.7381428571428571, 0.7717543859649123, 0.7706493506493507, 0.768125, 0.8022222222222222]",6.990050554275513,2.661020040512085,0.2777574062347412,3.5848276615142822,0.0005095005035400391,0.1808924674987793,,8fff940c0e30,success,
vit_b32_cifar100,CIFAR100,10,0.05,43,300,4.0,raw_union_K20,raw_union,5083,0.0,weight_avg,depth-1,0.716,0.22685999999999998,0.2738,0.8683,0.7989,-0.2472435073528266,0,10,"[-0.240871698657815, -0.40199572344975054, -0.17786829599456888, -0.15421920465567418, -0.2709876543209876, -0.15458937198067624, -0.3487897346165062, -0.15008201202843086, -0.330765407554672, -0.2422659702691844]","[0.7164092942704575, 0.5849370396768828, 0.8036320434487441, 0.8322017458777885, 0.6953703703703704, 0.8349436392914654, 0.6277340332458443, 0.8340623291416074, 0.6533300198807157, 0.7288067496986742]","[0.9572809929282725, 0.9869327631266334, 0.9815003394433129, 0.9864209505334627, 0.966358024691358, 0.9895330112721417, 0.9765237678623505, 0.9841443411700382, 0.9840954274353877, 0.9710727199678586]",0.6913728743243175,10,"[0.7069354838709677, 0.7062857142857143, 0.6570769230769231, 0.68, 0.6801666666666667, 0.6591428571428571, 0.6998245614035088, 0.7001298701298702, 0.7075, 0.7166666666666667]",7.0566184520721436,2.5483803749084473,0.25719261169433594,3.7915713787078857,0.0004985332489013672,0.1781759262084961,,8fff940c0e30,success,
vit_b32_cifar100,CIFAR100,10,0.05,44,300,4.0,raw_union_K20,raw_union,5046,0.0,dare,depth-1,0.7542,0.22843,0.3192,0.8673,0.8072,-0.2100708337387708,0,10,"[-0.22908489981408797, -0.13299688288555733, -0.21250308870768464, -0.0969976905311779, -0.2514619883040936, -0.18902077151335317, -0.15572232645403383, -0.18310412573673862, -0.40464104423495284, -0.24517551920602831]","[0.7388969221235282, 0.8442927118895651, 0.7543859649122807, 0.8909417500641519, 0.7308270676691729, 0.7832344213649851, 0.8180112570356473, 0.8055009823182712, 0.5755378293449359, 0.7353427678735527]","[0.9679818219376162, 0.9772895947751224, 0.9668890536199654, 0.9879394405953298, 0.9822890559732665, 0.9722551928783383, 0.9737335834896811, 0.9886051080550098, 0.9801788735798888, 0.980518287079581]",0.732766842046588,10,"[0.7468055555555555, 0.7030645161290323, 0.7336111111111111, 0.7243661971830986, 0.7387931034482759, 0.7225396825396826, 0.7057142857142857, 0.7389855072463768, 0.7475384615384615, 0.76625]",7.501922369003296,2.6953964233398438,0.29314303398132324,4.070398330688477,0.0007886886596679688,0.17454838752746582,,8fff940c0e30,success,
vit_b32_cifar100,CIFAR100,10,0.05,44,300,4.0,raw_union_K20,raw_union,5046,0.0,lambda_scaled,depth-1,0.8032,0.22843,0.3192,0.8673,0.8072,-0.16209909085957142,0,10,"[-0.1786820904771741, -0.11533323437731924, -0.15295280454657767, -0.06851424172440346, -0.20350877192982464, -0.15949554896142437, -0.13752345215759854, -0.14774066797642438, -0.2820884699057288, -0.1751516265392391]","[0.7892997314604421, 0.8619563603978032, 0.8139362490733877, 0.9194251988709263, 0.7787802840434419, 0.8127596439169139, 0.8362101313320826, 0.8408644400785854, 0.69809040367416, 0.8053666605403419]","[0.9679818219376162, 0.9772895947751224, 0.9668890536199654, 0.9879394405953298, 0.9822890559732665, 0.9722551928783383, 0.9737335834896811, 0.9886051080550098, 0.9801788735798888, 0.980518287079581]",0.7922609414495895,10,"[0.8011111111111111, 0.7696774193548387, 0.7877777777777778, 0.7797183098591549, 0.7937931034482759, 0.790952380952381, 0.7733928571428571, 0.7947826086956522, 0.8001538461538461, 0.83125]",7.029608964920044,2.7028181552886963,0.2591989040374756,3.507599115371704,0.0005173683166503906,0.19073772430419922,,8fff940c0e30,success,
vit_b32_cifar100,CIFAR100,10,0.05,44,300,4.0,raw_union_K20,raw_union,5046,0.0,weight_avg,depth-1,0.7531,0.22843,0.3192,0.8673,0.8072,-0.21181543145810874,0,10,"[-0.23300970873786409, -0.13017663648508238, -0.22559920929083266, -0.08981267641775725, -0.25898078529657487, -0.19035608308605345, -0.17898686679174491, -0.1776031434184675, -0.3923132704858593, -0.241315934570851]","[0.7349721131997521, 0.8471129582900401, 0.7412898443291327, 0.8981267641775725, 0.7233082706766917, 0.7818991097922848, 0.7947467166979362, 0.8110019646365423, 0.5878656030940295, 0.73920235250873]","[0.9679818219376162, 0.9772895947751224, 0.9668890536199654, 0.9879394405953298, 0.9822890559732665, 0.9722551928783383, 0.9737335834896811, 0.9886051080550098, 0.9801788735798888, 0.980518287079581]",0.7324930519506994,10,"[0.7465277777777778, 0.7025806451612904, 0.7358333333333333, 0.7185915492957746, 0.7363793103448276, 0.724920634920635, 0.70875, 0.736231884057971, 0.7426153846153846, 0.7725]",7.144443511962891,2.5707955360412598,0.26473021507263184,3.8223273754119873,0.0007836818695068359,0.20801949501037598,,8fff940c0e30,success,
vit_b32_cifar100,CIFAR100,10,0.3,42,300,4.0,raw_union_K20,raw_union,11608,0.0,dare,depth-1,0.8102,0.51112,0.5723,0.8692,0.8452,-0.13122187439037516,0,10,"[-0.10801603206412824, -0.1164207074256266, -0.10368706719071685, -0.10216388790351183, -0.1710869565217391, -0.13139862958484483, -0.1522167487684729, -0.13183071185341333, -0.16931447225244822, -0.12608353033884956]","[0.8565130260521042, 0.8451628015928789, 0.8721691933370765, 0.8605888612983328, 0.8010869565217391, 0.8341394598952035, 0.8206896551724138, 0.8423868980055133, 0.8026115342763874, 0.8402285263987391]","[0.9645290581162325, 0.9615835090185055, 0.9758562605277934, 0.9627527492018446, 0.9721739130434782, 0.9655380894800484, 0.9729064039408867, 0.9742176098589266, 0.9719260065288357, 0.9663120567375887]",0.7527145580454404,9,"[0.7661904761904762, 0.7223809523809523, 0.7541176470588236, 0.70875, 0.805, 0.7183333333333334, 0.7811764705882352, 0.7578571428571429, 0.760625, null]",6.974461078643799,2.565211534500122,0.5156188011169434,3.4603872299194336,0.0006296634674072266,0.15802860260009766,,8fff940c0e30,success,
vit_b32_cifar100,CIFAR100,10,0.3,42,300,4.0,raw_union_K20,raw_union,11608,0.0,lambda_scaled,depth-1,0.8414,0.51112,0.5723,0.8692,0.8452,-0.09562642492121573,0,10,"[-0.07515030060120242, -0.07753572265167485, -0.08684259779150294, -0.08992550549840372, -0.12086956521739123, -0.09875050382910122, -0.0913793103448276, -0.10264310037295288, -0.12274211099020671, -0.09042553191489366]","[0.88937875751503, 0.8840477863668307, 0.8890136627362905, 0.8728272437034409, 0.851304347826087, 0.8667875856509472, 0.8815270935960591, 0.8715745094859737, 0.8491838955386289, 0.875886524822695]","[0.9645290581162325, 0.9615835090185055, 0.9758562605277934, 0.9627527492018446, 0.9721739130434782, 0.9655380894800484, 0.9729064039408867, 0.9742176098589266, 0.9719260065288357, 0.9663120567375887]",0.8146091399522772,9,"[0.8080952380952381, 0.7847619047619048, 0.8182352941176471, 0.78125, 0.8561111111111112, 0.8083333333333333, 0.8305882352941176, 0.8178571428571428, 0.82625, null]",7.375028133392334,2.6973085403442383,0.6126623153686523,3.631760597229004,0.0005252361297607422,0.1656501293182373,,8fff940c0e30,success,
vit_b32_cifar100,CIFAR100,10,0.3,42,300,4.0,raw_union_K20,raw_union,11608,0.0,weight_avg,depth-1,0.8139,0.51112,0.5723,0.8692,0.8452,-0.12647617297649955,0,10,"[-0.09759519038076148, -0.11899742328414153, -0.09563915403331469, -0.09737495565803478, -0.15934782608695652, -0.13683998387746876, -0.13103448275862062, -0.13539808658991415, -0.1723612622415669, -0.12017336485421592]","[0.866933867735471, 0.842586085734364, 0.8802171064944787, 0.8653777935438098, 0.8128260869565217, 0.8286981056025796, 0.8418719211822661, 0.8388195232690124, 0.7995647442872688, 0.8461386918833728]","[0.9645290581162325, 0.9615835090185055, 0.9758562605277934, 0.9627527492018446, 0.9721739130434782, 0.9655380894800484, 0.9729064039408867, 0.9742176098589266, 0.9719260065288357, 0.9663120567375887]",0.7574409300757341,9,"[0.7542857142857143, 0.7242857142857143, 0.7423529411764705, 0.71625, 0.805, 0.7305555555555555, 0.7964705882352942, 0.7671428571428571, 0.780625, null]",6.9301300048828125,2.5247881412506104,0.5201060771942139,3.4616875648498535,0.0005249977111816406,0.1582505702972412,,8fff940c0e30,success,
vit_b32_cifar100,CIFAR100,10,0.3,43,300,4.0,raw_union_K20,raw_union,11432,0.0,dare,depth-1,0.8101,0.49278000000000005,0.5464,0.8683,0.8389,-0.12998232074809452,0,10,"[-0.14035678222820602, -0.09349385245901642, -0.13580018501387603, -0.17158123886799914, -0.11133082855447896, -0.15515091045148421, -0.11335116231228137, -0.1389645776566757, -0.12994772218073192, -0.1098459477561956]","[0.8333894311679569, 0.8703893442622951, 0.8351526364477336, 0.7947753809618049, 0.8578208423966779, 0.8044400099775505, 0.8611396831927587, 0.8223146421913093, 0.846402788150361, 0.8403661531591873]","[0.973746213396163, 0.9638831967213115, 0.9709528214616097, 0.966356619829804, 0.9691516709511568, 0.9595909204290347, 0.9744908455050401, 0.961279219847985, 0.9763505103310929, 0.9502121009153829]",0.7584750650315867,9,"[0.7561538461538462, 0.7625, 0.7796, 0.7866666666666666, 0.7666666666666667, 0.7725, 0.6816666666666666, 0.794, 0.7265217391304348, null]",7.084155082702637,2.634871482849121,0.5089724063873291,3.4995076656341553,0.0009868144989013672,0.16576433181762695,,8fff940c0e30,success,
vit_b32_cifar100,CIFAR100,10,0.3,43,300,4.0,raw_union_K20,raw_union,11432,0.0,lambda_scaled,depth-1,0.8405,0.49278000000000005,0.5464,0.8683,0.8389,-0.09678427769497067,0,10,"[-0.09239313362504209, -0.05814549180327877, -0.10471785383903798, -0.12289728873936268, -0.09867510381649203, -0.11224744325268154, -0.07879037235136799, -0.11630575075290406, -0.09882997261638038, -0.08484036615315915]","[0.8813530797711209, 0.9057377049180327, 0.8662349676225717, 0.8434593310904414, 0.8704765671346648, 0.8473434771763532, 0.8957004731536721, 0.844973469095081, 0.8775205377147125, 0.8653717347622237]","[0.973746213396163, 0.9638831967213115, 0.9709528214616097, 0.966356619829804, 0.9691516709511568, 0.9595909204290347, 0.9744908455050401, 0.961279219847985, 0.9763505103310929, 0.9502121009153829]",0.8164249452908874,9,"[0.823076923076923, 0.818, 0.83, 0.84, 0.8166666666666667, 0.81125, 0.7622222222222222, 0.854, 0.792608695652174, null]",7.508738279342651,2.6888489723205566,0.5333917140960693,3.856297254562378,0.0005767345428466797,0.15304279327392578,,8fff940c0e30,success,
vit_b32_cifar100,CIFAR100,10,0.3,43,300,4.0,raw_union_K20,raw_union,11432,0.0,weight_avg,depth-1,0.8217,0.49278000000000005,0.5464,0.8683,0.8389,-0.12025496206761913,0,10,"[-0.13059575900370246, -0.07428278688524592, -0.13376503237742832, -0.15970710469028293, -0.10698042317579592, -0.1509104514841607, -0.100802304052664, -0.12591424064247803, -0.12023898431665425, -0.09935253404777855]","[0.8431504543924605, 0.8896004098360656, 0.8371877890841813, 0.8066495151395211, 0.8621712477753609, 0.808680468944874, 0.8736885414523761, 0.835364979205507, 0.8561115260144386, 0.8508595668676043]","[0.973746213396163, 0.9638831967213115, 0.9709528214616097, 0.966356619829804, 0.9691516709511568, 0.9595909204290347, 0.9744908455050401, 0.961279219847985, 0.9763505103310929, 0.9502121009153829]",0.7753251042569883,9,"[0.7792307692307693, 0.778, 0.7952, 0.7977777777777778, 0.7791666666666667, 0.78, 0.7083333333333334, 0.815, 0.7452173913043478, null]",7.541822671890259,2.8294835090637207,0.5466468334197998,3.658559560775757,0.0005509853363037109,0.16672611236572266,,8fff940c0e30,success,
vit_b32_cifar100,CIFAR100,10,0.3,44,300,4.0,raw_union_K20,raw_union,11174,0.0,dare,depth-1,0.8117,0.49283,0.5567,0.8673,0.8402,-0.13155097911768002,0,10,"[-0.08170011806375443, -0.15617875056999542, -0.1233900051519835, -0.14295774647887327, -0.15873627432094006, -0.1689410951805147, -0.09553555024802496, -0.13182153392330387, -0.12244897959183665, -0.13379973764757325]","[0.873435655253837, 0.8283173734610123, 0.8526532715095312, 0.8272887323943662, 0.8127528414563668, 0.7894282259457592, 0.8831526731581848, 0.8418141592920354, 0.8524332810047096, 0.8288150415391342]","[0.9551357733175915, 0.9844961240310077, 0.9760432766615147, 0.9702464788732394, 0.9714891157773069, 0.9583693211262739, 0.9786882234062098, 0.9736356932153393, 0.9748822605965463, 0.9626147791867075]",0.7625123487623487,9,"[0.8004545454545454, 0.7361538461538462, 0.7427777777777778, 0.7888461538461539, 0.7757142857142857, 0.7876923076923077, 0.6920833333333334, 0.7572222222222222, 0.7816666666666666, null]",7.2831666469573975,2.774507999420166,0.5338943004608154,3.455479383468628,0.0006344318389892578,0.15734028816223145,,8fff940c0e30,success,
vit_b32_cifar100,CIFAR100,10,0.3,44,300,4.0,raw_union_K20,raw_union,11174,0.0,lambda_scaled,depth-1,0.8407,0.49283,0.5567,0.8673,0.8402,-0.09942845887408583,0,10,"[-0.060684769775678826, -0.09370725034199723, -0.08526532715095314, -0.11179577464788737, -0.11539202465806209, -0.1314562100535498, -0.08965643946353108, -0.10435103244837762, -0.10184458398744112, -0.10013117621337997]","[0.8944510035419126, 0.8907888736890105, 0.8907779495105616, 0.8584507042253521, 0.8560970911192448, 0.8269131110727241, 0.8890317839426787, 0.8692846607669616, 0.8730376766091051, 0.8624836029733275]","[0.9551357733175915, 0.9844961240310077, 0.9760432766615147, 0.9702464788732394, 0.9714891157773069, 0.9583693211262739, 0.9786882234062098, 0.9736356932153393, 0.9748822605965463, 0.9626147791867075]",0.8088406038406037,9,"[0.8218181818181818, 0.7888461538461539, 0.7894444444444444, 0.8234615384615385, 0.8142857142857143, 0.8361538461538461, 0.7733333333333333, 0.8055555555555556, 0.8266666666666667, null]",7.045063495635986,2.6065444946289062,0.49567079544067383,3.513453722000122,0.00046133995056152344,0.15633821487426758,,8fff940c0e30,success,
vit_b32_cifar100,CIFAR100,10,0.3,44,300,4.0,raw_union_K20,raw_union,11174,0.0,weight_avg,depth-1,0.8149,0.49283,0.5567,0.8673,0.8402,-0.12963039906774268,0,10,"[-0.07863046044864219, -0.13611491108071128, -0.13317877382792376, -0.15404929577464788, -0.14948950105952608, -0.1675591639315943, -0.09516810582399404, -0.1262905604719764, -0.12617739403453687, -0.12964582422387405]","[0.8765053128689493, 0.8483812129502964, 0.8428645028335909, 0.8161971830985916, 0.8219996147177808, 0.7908101571946796, 0.8835201175822157, 0.8473451327433629, 0.8487048665620094, 0.8329689549628334]","[0.9551357733175915, 0.9844961240310077, 0.9760432766615147, 0.9702464788732394, 0.9714891157773069, 0.9583693211262739, 0.9786882234062098, 0.9736356932153393, 0.9748822605965463, 0.9626147791867075]",0.7638816584649918,9,"[0.8040909090909091, 0.7284615384615385, 0.7355555555555555, 0.7984615384615384, 0.76, 0.7946153846153846, 0.7079166666666666, 0.76, 0.7858333333333334, null]",7.246680974960327,2.6379499435424805,0.5583963394165039,3.618837356567383,0.0005216598510742188,0.16443681716918945,,8fff940c0e30,success,
vit_b32_cifar100,CIFAR100,10,1.0,42,300,4.0,raw_union_K20,raw_union,16992,0.0,dare,depth-1,0.8469,0.7057100000000001,0.7613,0.8692,0.8494,-0.07777770163972605,0,10,"[-0.08132224700872026, -0.07393850658857981, -0.08757836990595613, -0.062211519165161544, -0.07353560893383904, -0.08328316275336145, -0.08382245047688919, -0.07463026166097841, -0.07852468768590126, -0.07893020221787339]","[0.8783208274183736, 0.8874450951683748, 0.8728448275862069, 0.9086895444511338, 0.8860092709650231, 0.8828015251856312, 0.8690388848129127, 0.8944254835039818, 0.8770573071584374, 0.8751902587519026]","[0.9596430744270938, 0.9613836017569546, 0.960423197492163, 0.9709010636162954, 0.9595448798988622, 0.9660846879389926, 0.9528613352898019, 0.9690557451649602, 0.9555819948443387, 0.954120460969776]",0.7958333333333334,6,"[0.8766666666666667, null, 0.67, 0.725, 0.78, 0.91, null, 0.8133333333333334, null, null]",7.60480260848999,2.7303926944732666,0.8457670211791992,3.5912575721740723,0.0006163120269775391,0.1662120819091797,,8fff940c0e30,success,
vit_b32_cifar100,CIFAR100,10,1.0,42,300,4.0,raw_union_K20,raw_union,16992,0.0,lambda_scaled,depth-1,0.8556,0.7057100000000001,0.7613,0.8692,0.8494,-0.0660061366432881,0,10,"[-0.06590955181504765, -0.0733894582723279, -0.07464733542319746, -0.05699377884808343, -0.06405394016013477, -0.0754565522777444, -0.06089508437270719, -0.0659840728100114, -0.06206623041840176, -0.06066536203522499]","[0.8937335226120462, 0.8879941434846267, 0.8857758620689655, 0.9139072847682119, 0.8954909397387274, 0.8906281356612482, 0.8919662509170947, 0.9030716723549488, 0.8935157644259369, 0.893455098934551]","[0.9596430744270938, 0.9613836017569546, 0.960423197492163, 0.9709010636162954, 0.9595448798988622, 0.9660846879389926, 0.9528613352898019, 0.9690557451649602, 0.9555819948443387, 0.954120460969776]",0.8080555555555554,6,"[0.8833333333333333, null, 0.64, 0.715, 0.83, 0.94, null, 0.84, null, null]",7.268671274185181,2.5953078269958496,0.7508540153503418,3.504385471343994,0.0005357265472412109,0.14913678169250488,,8fff940c0e30,success,
vit_b32_cifar100,CIFAR100,10,1.0,42,300,4.0,raw_union_K20,raw_union,16992,0.0,weight_avg,depth-1,0.8522,0.7057100000000001,0.7613,0.8692,0.8494,-0.07245763939286629,0,10,"[-0.07341310079091456, -0.0706442166910688, -0.07895768025078365, -0.06060606060606055, -0.06868942267172351, -0.08027292795504715, -0.07428466617754947, -0.07349260523321954, -0.07376561570493756, -0.07045009784735812]","[0.8862299736361793, 0.8907393850658858, 0.8814655172413793, 0.9102950030102348, 0.8908554572271387, 0.8858117599839455, 0.8785766691122524, 0.8955631399317406, 0.8818163791394011, 0.8836703631224179]","[0.9596430744270938, 0.9613836017569546, 0.960423197492163, 0.9709010636162954, 0.9595448798988622, 0.9660846879389926, 0.9528613352898019, 0.9690557451649602, 0.9555819948443387, 0.954120460969776]",0.7986111111111112,6,"[0.8766666666666667, null, 0.66, 0.705, 0.79, 0.93, null, 0.83, null, null]",7.454428672790527,2.534970283508301,0.7408008575439453,3.758162260055542,0.0007994174957275391,0.14942312240600586,,8fff940c0e30,success,
vit_b32_cifar100,CIFAR100,10,1.0,43,300,4.0,raw_union_K20,raw_union,16877,0.0,dare,depth-1,0.853,0.7019,0.7476,0.8683,0.8515,-0.07496977961640107,0,10,"[-0.06978206202849957, -0.06571803033139867, -0.08820614469772048, -0.05206164098292376, -0.07747196738022422, -0.0883172561629153, -0.07784026996625426, -0.08171360571201902, -0.07102549134072778, -0.07756132756132761]","[0.8792958927074602, 0.8994570305186295, 0.8759167492566898, 0.9089962515618493, 0.8819571865443425, 0.8683815648445874, 0.8859392575928009, 0.879412931376438, 0.8951157812804047, 0.887987012987013]","[0.9490779547359598, 0.9651750608500281, 0.9641228939544103, 0.961057892544773, 0.9594291539245667, 0.9566988210075027, 0.9637795275590552, 0.961126537088457, 0.9661412726211325, 0.9655483405483406]",0.8125,4,"[0.86, 0.8, null, null, null, null, null, 0.71, 0.88, null]",7.400596857070923,2.5280075073242188,0.7129690647125244,3.7525768280029297,0.0005993843078613281,0.14483976364135742,,8fff940c0e30,success,
vit_b32_cifar100,CIFAR100,10,1.0,43,300,4.0,raw_union_K20,raw_union,16877,0.0,lambda_scaled,depth-1,0.857,0.7019,0.7476,0.8683,0.8515,-0.06412761969971972,0,10,"[-0.06119027661357923, -0.056169256693503145, -0.07175421209117938, -0.051228654727197065, -0.06911314984709482, -0.07588424437299035, -0.06434195725534309, -0.06386354621182067, -0.062074333527923686, -0.06565656565656575]","[0.8878876781223806, 0.909005804156525, 0.8923686818632309, 0.909829237817576, 0.8903160040774719, 0.8808145766345123, 0.8994375703037121, 0.8972629908766363, 0.9040669390932088, 0.8998917748917749]","[0.9490779547359598, 0.9651750608500281, 0.9641228939544103, 0.961057892544773, 0.9594291539245667, 0.9566988210075027, 0.9637795275590552, 0.961126537088457, 0.9661412726211325, 0.9655483405483406]",0.8300000000000001,4,"[0.88, 0.79, null, null, null, null, null, 0.77, 0.88, null]",7.740854263305664,2.775031089782715,0.7547521591186523,3.688427448272705,0.00058746337890625,0.15531277656555176,,8fff940c0e30,success,
vit_b32_cifar100,CIFAR100,10,1.0,43,300,4.0,raw_union_K20,raw_union,16877,0.0,weight_avg,depth-1,0.8572,0.7019,0.7476,0.8683,0.8515,-0.07048811716612668,0,10,"[-0.06663872590108977, -0.06066279722898338, -0.08562933597621403, -0.053311120366513975, -0.07278287461773691, -0.0836012861736335, -0.07424071991001124, -0.06902023006743352, -0.06810663553220464, -0.07088744588744589]","[0.88243922883487, 0.9045122636210448, 0.8784935579781963, 0.907746772178259, 0.8866462793068298, 0.8730975348338692, 0.8895388076490439, 0.8921063070210234, 0.8980346370889278, 0.8946608946608947]","[0.9490779547359598, 0.9651750608500281, 0.9641228939544103, 0.961057892544773, 0.9594291539245667, 0.9566988210075027, 0.9637795275590552, 0.961126537088457, 0.9661412726211325, 0.9655483405483406]",0.8175,4,"[0.86, 0.79, null, null, null, null, null, 0.73, 0.89, null]",7.2702789306640625,2.614234209060669,0.7054805755615234,3.518296718597412,0.0008530616760253906,0.16270112991333008,,8fff940c0e30,success,
vit_b32_cifar100,CIFAR100,10,1.0,44,300,4.0,raw_union_K20,raw_union,16800,0.0,dare,depth-1,0.8558,0.6986999999999999,0.7292,0.8673,0.8521,-0.07280347908126371,0,10,"[-0.06824577861163228, -0.08307565450422594, -0.07387424776924667, -0.06411258795934316, -0.08519058529473023, -0.08666804893219993, -0.06382978723404253, -0.07128226136829163, -0.06887159533073928, -0.06288424380818547]","[0.8909474671669794, 0.8769325912183055, 0.8898111641419382, 0.9005082095387021, 0.8710685273901271, 0.876010781671159, 0.8956881943136886, 0.8881605899221631, 0.8914396887159534, 0.8961883014227999]","[0.9591932457786116, 0.9600082457225314, 0.9636854119111848, 0.9646207974980453, 0.9562591126848573, 0.9626788306033589, 0.9595179815477312, 0.9594428512904547, 0.9603112840466926, 0.9590725452309854]",0.7725,4,"[0.81, 0.79, null, 0.57, 0.92, null, null, null, null, null]",7.392730951309204,2.6033151149749756,0.6979625225067139,3.64512038230896,0.0009474754333496094,0.15625739097595215,,8fff940c0e30,success,
vit_b32_cifar100,CIFAR100,10,1.0,44,300,4.0,raw_union_K20,raw_union,16800,0.0,lambda_scaled,depth-1,0.8589,0.6986999999999999,0.7292,0.8673,0.8521,-0.06243768170036699,0,10,"[-0.056988742964352745, -0.06617192331478039, -0.06723386594729197, -0.05590304925723222, -0.06873568006665276, -0.07505701845324486, -0.05648653737525888, -0.06083572306431784, -0.055836575875486405, -0.0611277006850518]","[0.9022045028142589, 0.893836322407751, 0.8964515459638929, 0.9087177482408131, 0.8875234326182045, 0.887621812150114, 0.9030314441724723, 0.8986071282261369, 0.9044747081712062, 0.8979448445459336]","[0.9591932457786116, 0.9600082457225314, 0.9636854119111848, 0.9646207974980453, 0.9562591126848573, 0.9626788306033589, 0.9595179815477312, 0.9594428512904547, 0.9603112840466926, 0.9590725452309854]",0.790625,4,"[0.8475, 0.805, null, 0.59, 0.92, null, null, null, null, null]",7.4416468143463135,2.6895673274993896,0.8709797859191895,3.452000856399536,0.0007126331329345703,0.15159106254577637,,8fff940c0e30,success,
vit_b32_cifar100,CIFAR100,10,1.0,44,300,4.0,raw_union_K20,raw_union,16800,0.0,weight_avg,depth-1,0.8583,0.6986999999999999,0.7292,0.8673,0.8521,-0.06854030756951267,0,10,"[-0.06167917448405258, -0.07524221809936094, -0.07221415231375794, -0.05824863174354955, -0.07540095813372216, -0.08563134978229314, -0.06138203728111469, -0.06923392052437527, -0.0622568093385214, -0.06411382399437904]","[0.8975140712945591, 0.8847660276231705, 0.8914712595974269, 0.9063721657544958, 0.8808581545511351, 0.8770474808210658, 0.8981359442666165, 0.8902089307660794, 0.8980544747081712, 0.8949587212366064]","[0.9591932457786116, 0.9600082457225314, 0.9636854119111848, 0.9646207974980453, 0.9562591126848573, 0.9626788306033589, 0.9595179815477312, 0.9594428512904547, 0.9603112840466926, 0.9590725452309854]",0.763125,4,"[0.8125, 0.8, null, 0.53, 0.91, null, null, null, null, null]",7.131299018859863,2.520880699157715,0.7163310050964355,3.4737329483032227,0.0004894733428955078,0.1507565975189209,,8fff940c0e30,success,
