section,setup,backbone,alpha,probe_size,method,acc_mean,acc_std,n_seeds
A,mnist_mlp,MLP,0.05,25.0,dp_avg_eps2_K20,0.3753,0.0395,3
A,mnist_mlp,MLP,0.05,25.0,dp_avg_eps8_K20,0.4239,0.0433,3
A,mnist_mlp,MLP,0.05,25.0,labelled_probe_warmup,0.3617,0.0575,3
A,mnist_mlp,MLP,0.05,25.0,no_phase0,0.3666,0.0305,3
A,mnist_mlp,MLP,0.05,25.0,raw_union_K20,0.8814,0.0045,3
A,mnist_mlp,MLP,0.05,25.0,warmup_only_labelled,0.2075,0.0475,3
A,mnist_mlp,MLP,0.05,100.0,dp_avg_eps2_K20,0.4582,0.0819,3
A,mnist_mlp,MLP,0.05,100.0,dp_avg_eps8_K20,0.4294,0.0816,3
A,mnist_mlp,MLP,0.05,100.0,labelled_probe_warmup,0.5588,0.0719,3
A,mnist_mlp,MLP,0.05,100.0,no_phase0,0.3671,0.0417,3
A,mnist_mlp,MLP,0.05,100.0,raw_union_K20,0.8596,0.0357,3
A,mnist_mlp,MLP,0.05,100.0,warmup_only_labelled,0.4275,0.1053,3
A,mnist_mlp,MLP,0.05,500.0,dp_avg_eps2_K20,0.5398,0.1306,3
A,mnist_mlp,MLP,0.05,500.0,dp_avg_eps8_K20,0.5022,0.1414,3
A,mnist_mlp,MLP,0.05,500.0,labelled_probe_warmup,0.8477,0.0163,3
A,mnist_mlp,MLP,0.05,500.0,no_phase0,0.4448,0.1627,3
A,mnist_mlp,MLP,0.05,500.0,raw_union_K20,0.8824,0.0278,3
A,mnist_mlp,MLP,0.05,500.0,warmup_only_labelled,0.804,0.0132,3
A,mnist_mlp,MLP,0.1,25.0,dp_avg_eps2_K20,0.6535,0.1114,3
A,mnist_mlp,MLP,0.1,25.0,dp_avg_eps8_K20,0.6363,0.0802,3
A,mnist_mlp,MLP,0.1,25.0,labelled_probe_warmup,0.5998,0.0897,3
A,mnist_mlp,MLP,0.1,25.0,no_phase0,0.628,0.0953,3
A,mnist_mlp,MLP,0.1,25.0,raw_union_K20,0.9141,0.009,3
A,mnist_mlp,MLP,0.1,25.0,warmup_only_labelled,0.2075,0.0475,3
A,mnist_mlp,MLP,0.1,100.0,dp_avg_eps2_K20,0.5097,0.0198,3
A,mnist_mlp,MLP,0.1,100.0,dp_avg_eps8_K20,0.4972,0.0401,3
A,mnist_mlp,MLP,0.1,100.0,labelled_probe_warmup,0.562,0.031,3
A,mnist_mlp,MLP,0.1,100.0,no_phase0,0.4643,0.0782,3
A,mnist_mlp,MLP,0.1,100.0,raw_union_K20,0.9114,0.0075,3
A,mnist_mlp,MLP,0.1,100.0,warmup_only_labelled,0.4275,0.1053,3
A,mnist_mlp,MLP,0.1,500.0,dp_avg_eps2_K20,0.5804,0.081,3
A,mnist_mlp,MLP,0.1,500.0,dp_avg_eps8_K20,0.5839,0.0733,3
A,mnist_mlp,MLP,0.1,500.0,labelled_probe_warmup,0.8437,0.018,3
A,mnist_mlp,MLP,0.1,500.0,no_phase0,0.5182,0.0966,3
A,mnist_mlp,MLP,0.1,500.0,raw_union_K20,0.9066,0.0067,3
A,mnist_mlp,MLP,0.1,500.0,warmup_only_labelled,0.804,0.0132,3
A,mnist_mlp,MLP,0.3,25.0,dp_avg_eps2_K20,0.7965,0.036,3
A,mnist_mlp,MLP,0.3,25.0,dp_avg_eps8_K20,0.7948,0.0287,3
A,mnist_mlp,MLP,0.3,25.0,labelled_probe_warmup,0.7848,0.0236,3
A,mnist_mlp,MLP,0.3,25.0,no_phase0,0.7829,0.0263,3
A,mnist_mlp,MLP,0.3,25.0,raw_union_K20,0.9359,0.0022,3
A,mnist_mlp,MLP,0.3,25.0,warmup_only_labelled,0.2075,0.0475,3
A,mnist_mlp,MLP,0.3,100.0,dp_avg_eps2_K20,0.7687,0.0373,3
A,mnist_mlp,MLP,0.3,100.0,dp_avg_eps8_K20,0.7809,0.0319,3
A,mnist_mlp,MLP,0.3,100.0,labelled_probe_warmup,0.8105,0.0309,3
A,mnist_mlp,MLP,0.3,100.0,no_phase0,0.7521,0.037,3
A,mnist_mlp,MLP,0.3,100.0,raw_union_K20,0.9361,0.0029,3
A,mnist_mlp,MLP,0.3,100.0,warmup_only_labelled,0.4275,0.1053,3
A,mnist_mlp,MLP,0.3,500.0,dp_avg_eps2_K20,0.7982,0.0208,3
A,mnist_mlp,MLP,0.3,500.0,dp_avg_eps8_K20,0.8031,0.0102,3
A,mnist_mlp,MLP,0.3,500.0,labelled_probe_warmup,0.8882,0.0071,3
A,mnist_mlp,MLP,0.3,500.0,no_phase0,0.7682,0.0065,3
A,mnist_mlp,MLP,0.3,500.0,raw_union_K20,0.9364,0.0045,3
A,mnist_mlp,MLP,0.3,500.0,warmup_only_labelled,0.804,0.0132,3
A,mnist_mlp,MLP,1.0,25.0,dp_avg_eps2_K20,0.8741,0.0132,3
A,mnist_mlp,MLP,1.0,25.0,dp_avg_eps8_K20,0.8741,0.0115,3
A,mnist_mlp,MLP,1.0,25.0,labelled_probe_warmup,0.8695,0.0142,3
A,mnist_mlp,MLP,1.0,25.0,no_phase0,0.865,0.0145,3
A,mnist_mlp,MLP,1.0,25.0,raw_union_K20,0.946,0.0021,3
A,mnist_mlp,MLP,1.0,25.0,warmup_only_labelled,0.2075,0.0475,3
A,mnist_mlp,MLP,1.0,100.0,dp_avg_eps2_K20,0.8791,0.0146,3
A,mnist_mlp,MLP,1.0,100.0,dp_avg_eps8_K20,0.8785,0.0168,3
A,mnist_mlp,MLP,1.0,100.0,labelled_probe_warmup,0.8834,0.0122,3
A,mnist_mlp,MLP,1.0,100.0,no_phase0,0.8682,0.0191,3
A,mnist_mlp,MLP,1.0,100.0,raw_union_K20,0.9451,0.0025,3
A,mnist_mlp,MLP,1.0,100.0,warmup_only_labelled,0.4275,0.1053,3
A,mnist_mlp,MLP,1.0,500.0,dp_avg_eps2_K20,0.8868,0.0093,3
A,mnist_mlp,MLP,1.0,500.0,dp_avg_eps8_K20,0.8841,0.0094,3
A,mnist_mlp,MLP,1.0,500.0,labelled_probe_warmup,0.9085,0.004,3
A,mnist_mlp,MLP,1.0,500.0,no_phase0,0.8726,0.0145,3
A,mnist_mlp,MLP,1.0,500.0,raw_union_K20,0.9455,0.0015,3
A,mnist_mlp,MLP,1.0,500.0,warmup_only_labelled,0.804,0.0132,3
B,cifar10_resnet18,resnet18,0.05,,dp_avg_eps2_K20,0.196,0.0348,3
B,cifar10_resnet18,resnet18,0.05,,dp_avg_eps8_K20,0.2055,0.0349,3
B,cifar10_resnet18,resnet18,0.05,,labelled_probe_warmup,0.2083,0.0315,3
B,cifar10_resnet18,resnet18,0.05,,no_phase0,0.1871,0.0337,3
B,cifar10_resnet18,resnet18,0.05,,raw_union_K20,0.5661,0.0479,3
B,cifar10_resnet18,resnet18,0.1,,dp_avg_eps2_K20,0.3823,0.092,3
B,cifar10_resnet18,resnet18,0.1,,dp_avg_eps8_K20,0.3932,0.0959,3
B,cifar10_resnet18,resnet18,0.1,,labelled_probe_warmup,0.3936,0.0925,3
B,cifar10_resnet18,resnet18,0.1,,no_phase0,0.3642,0.079,3
B,cifar10_resnet18,resnet18,0.1,,raw_union_K20,0.6534,0.0588,3
B,cifar10_resnet18,resnet18,0.3,,dp_avg_eps2_K20,0.6314,0.0402,3
B,cifar10_resnet18,resnet18,0.3,,dp_avg_eps8_K20,0.6371,0.0406,3
B,cifar10_resnet18,resnet18,0.3,,labelled_probe_warmup,0.6346,0.0429,3
B,cifar10_resnet18,resnet18,0.3,,no_phase0,0.6187,0.0459,3
B,cifar10_resnet18,resnet18,0.3,,raw_union_K20,0.782,0.0201,3
B,cifar10_resnet18,resnet18,1.0,,dp_avg_eps2_K20,0.7927,0.0087,3
B,cifar10_resnet18,resnet18,1.0,,dp_avg_eps8_K20,0.7938,0.0079,3
B,cifar10_resnet18,resnet18,1.0,,labelled_probe_warmup,0.794,0.0079,3
B,cifar10_resnet18,resnet18,1.0,,no_phase0,0.7916,0.0071,3
B,cifar10_resnet18,resnet18,1.0,,raw_union_K20,0.8358,0.0026,3
B,cifar10_vit_b32,vit_b32,0.05,,dp_avg_eps2_K20,0.6944,0.038,3
B,cifar10_vit_b32,vit_b32,0.05,,dp_avg_eps8_K20,0.7868,0.0396,3
B,cifar10_vit_b32,vit_b32,0.05,,labelled_probe_warmup,0.8189,0.0513,3
B,cifar10_vit_b32,vit_b32,0.05,,no_phase0,0.5297,0.0979,3
B,cifar10_vit_b32,vit_b32,0.05,,raw_union_K20,0.9397,0.0072,3
B,cifar10_vit_b32,vit_b32,0.1,,dp_avg_eps2_K20,0.8363,0.0551,3
B,cifar10_vit_b32,vit_b32,0.1,,dp_avg_eps8_K20,0.8765,0.0235,3
B,cifar10_vit_b32,vit_b32,0.1,,labelled_probe_warmup,0.8838,0.0249,3
B,cifar10_vit_b32,vit_b32,0.1,,no_phase0,0.7793,0.0751,3
B,cifar10_vit_b32,vit_b32,0.1,,raw_union_K20,0.9489,0.0003,3
B,cifar10_vit_b32,vit_b32,0.3,,dp_avg_eps2_K20,0.9366,0.0082,3
B,cifar10_vit_b32,vit_b32,0.3,,dp_avg_eps8_K20,0.9432,0.0046,3
B,cifar10_vit_b32,vit_b32,0.3,,labelled_probe_warmup,0.9439,0.0058,3
B,cifar10_vit_b32,vit_b32,0.3,,no_phase0,0.9313,0.0098,3
B,cifar10_vit_b32,vit_b32,0.3,,raw_union_K20,0.96,0.0017,3
B,cifar10_vit_b32,vit_b32,1.0,,dp_avg_eps2_K20,0.9621,0.0012,3
B,cifar10_vit_b32,vit_b32,1.0,,dp_avg_eps8_K20,0.9627,0.0006,3
B,cifar10_vit_b32,vit_b32,1.0,,labelled_probe_warmup,0.9625,0.0005,3
B,cifar10_vit_b32,vit_b32,1.0,,no_phase0,0.9623,0.0005,3
B,cifar10_vit_b32,vit_b32,1.0,,raw_union_K20,0.966,0.0012,3
C,ag_news_distilbert,distilbert,0.05,,dp_avg_eps2_K20,0.3788,0.1004,3
C,ag_news_distilbert,distilbert,0.05,,dp_avg_eps8_K20,0.3857,0.1012,3
C,ag_news_distilbert,distilbert,0.05,,labelled_probe_warmup,0.3837,0.1034,3
C,ag_news_distilbert,distilbert,0.05,,no_phase0,0.3524,0.1075,3
C,ag_news_distilbert,distilbert,0.05,,raw_union_K20,0.5313,0.1547,3
C,ag_news_distilbert,distilbert,0.1,,dp_avg_eps2_K20,0.5185,0.1606,3
C,ag_news_distilbert,distilbert,0.1,,dp_avg_eps8_K20,0.5207,0.1615,3
C,ag_news_distilbert,distilbert,0.1,,labelled_probe_warmup,0.517,0.1627,3
C,ag_news_distilbert,distilbert,0.1,,no_phase0,0.5038,0.1596,3
C,ag_news_distilbert,distilbert,0.1,,raw_union_K20,0.656,0.0567,3
C,ag_news_distilbert,distilbert,0.3,,dp_avg_eps2_K20,0.6647,0.0971,3
C,ag_news_distilbert,distilbert,0.3,,dp_avg_eps8_K20,0.6669,0.0977,3
C,ag_news_distilbert,distilbert,0.3,,labelled_probe_warmup,0.665,0.0986,3
C,ag_news_distilbert,distilbert,0.3,,no_phase0,0.6559,0.0942,3
C,ag_news_distilbert,distilbert,0.3,,raw_union_K20,0.7683,0.083,3
C,ag_news_distilbert,distilbert,1.0,,dp_avg_eps2_K20,0.8588,0.0019,3
C,ag_news_distilbert,distilbert,1.0,,dp_avg_eps8_K20,0.8587,0.0013,3
C,ag_news_distilbert,distilbert,1.0,,labelled_probe_warmup,0.8583,0.0021,3
C,ag_news_distilbert,distilbert,1.0,,no_phase0,0.8569,0.0024,3
C,ag_news_distilbert,distilbert,1.0,,raw_union_K20,0.8709,0.0024,3
C,ag_news_gpt2_small,gpt2_small,0.05,,dp_avg_eps2_K20,0.251,0.0017,3
C,ag_news_gpt2_small,gpt2_small,0.05,,dp_avg_eps8_K20,0.25,0.0,3
C,ag_news_gpt2_small,gpt2_small,0.05,,labelled_probe_warmup,0.297,0.0769,3
C,ag_news_gpt2_small,gpt2_small,0.05,,no_phase0,0.25,0.0,3
C,ag_news_gpt2_small,gpt2_small,0.05,,raw_union_K20,0.2504,0.0008,3
C,ag_news_gpt2_small,gpt2_small,0.1,,dp_avg_eps2_K20,0.3298,0.1385,3
C,ag_news_gpt2_small,gpt2_small,0.1,,dp_avg_eps8_K20,0.25,0.0,3
C,ag_news_gpt2_small,gpt2_small,0.1,,labelled_probe_warmup,0.25,0.0,3
C,ag_news_gpt2_small,gpt2_small,0.1,,no_phase0,0.25,0.0,3
C,ag_news_gpt2_small,gpt2_small,0.1,,raw_union_K20,0.2514,0.0024,3
C,ag_news_gpt2_small,gpt2_small,0.3,,dp_avg_eps2_K20,0.3064,0.0591,3
C,ag_news_gpt2_small,gpt2_small,0.3,,dp_avg_eps8_K20,0.2512,0.0019,3
C,ag_news_gpt2_small,gpt2_small,0.3,,labelled_probe_warmup,0.25,0.0,3
C,ag_news_gpt2_small,gpt2_small,0.3,,no_phase0,0.2994,0.0485,3
C,ag_news_gpt2_small,gpt2_small,0.3,,raw_union_K20,0.26,0.0095,3
C,ag_news_gpt2_small,gpt2_small,1.0,,dp_avg_eps2_K20,0.285,0.0582,3
C,ag_news_gpt2_small,gpt2_small,1.0,,dp_avg_eps8_K20,0.2968,0.0558,3
C,ag_news_gpt2_small,gpt2_small,1.0,,labelled_probe_warmup,0.251,0.0017,3
C,ag_news_gpt2_small,gpt2_small,1.0,,no_phase0,0.2682,0.0279,3
C,ag_news_gpt2_small,gpt2_small,1.0,,raw_union_K20,0.2611,0.0188,3
D,ag_news_distilbert,distilbert,0.05,,dp_avg_eps0.5_K1,0.3722,0.0644,3
D,ag_news_distilbert,distilbert,0.05,,dp_avg_eps0.5_K5,0.413,0.1264,3
D,ag_news_distilbert,distilbert,0.05,,dp_avg_eps0.5_K20,0.3612,0.1033,3
D,ag_news_distilbert,distilbert,0.05,,dp_avg_eps2.0_K1,0.3823,0.1139,3
D,ag_news_distilbert,distilbert,0.05,,dp_avg_eps2.0_K5,0.3787,0.1033,3
D,ag_news_distilbert,distilbert,0.05,,dp_avg_eps2.0_K20,0.3788,0.1004,3
D,ag_news_distilbert,distilbert,0.05,,dp_avg_eps8.0_K1,0.3732,0.1067,3
D,ag_news_distilbert,distilbert,0.05,,dp_avg_eps8.0_K5,0.389,0.103,3
D,ag_news_distilbert,distilbert,0.05,,dp_avg_eps8.0_K20,0.3857,0.1012,3
D,ag_news_distilbert,distilbert,0.05,,dp_avg_eps32.0_K1,0.3768,0.1024,3
D,ag_news_distilbert,distilbert,0.05,,dp_avg_eps32.0_K5,0.3887,0.1024,3
D,ag_news_distilbert,distilbert,0.05,,dp_avg_eps32.0_K20,0.3866,0.1015,3
D,ag_news_distilbert,distilbert,0.05,,dp_avg_epsinf_K1,0.3798,0.0999,3
D,ag_news_distilbert,distilbert,0.05,,dp_avg_epsinf_K5,0.386,0.1019,3
D,ag_news_distilbert,distilbert,0.05,,dp_avg_epsinf_K20,0.3877,0.1015,3
D,ag_news_distilbert,distilbert,0.1,,dp_avg_eps0.5_K1,0.3873,0.0932,3
D,ag_news_distilbert,distilbert,0.1,,dp_avg_eps0.5_K5,0.5145,0.1456,3
D,ag_news_distilbert,distilbert,0.1,,dp_avg_eps0.5_K20,0.5096,0.1593,3
D,ag_news_distilbert,distilbert,0.1,,dp_avg_eps2.0_K1,0.4889,0.1649,3
D,ag_news_distilbert,distilbert,0.1,,dp_avg_eps2.0_K5,0.5083,0.1544,3
D,ag_news_distilbert,distilbert,0.1,,dp_avg_eps2.0_K20,0.5185,0.1606,3
D,ag_news_distilbert,distilbert,0.1,,dp_avg_eps8.0_K1,0.5076,0.1626,3
D,ag_news_distilbert,distilbert,0.1,,dp_avg_eps8.0_K5,0.5178,0.16,3
D,ag_news_distilbert,distilbert,0.1,,dp_avg_eps8.0_K20,0.5207,0.1615,3
D,ag_news_distilbert,distilbert,0.1,,dp_avg_eps32.0_K1,0.5158,0.1628,3
D,ag_news_distilbert,distilbert,0.1,,dp_avg_eps32.0_K5,0.521,0.1626,3
D,ag_news_distilbert,distilbert,0.1,,dp_avg_eps32.0_K20,0.521,0.1622,3
D,ag_news_distilbert,distilbert,0.1,,dp_avg_epsinf_K1,0.5203,0.1626,3
D,ag_news_distilbert,distilbert,0.1,,dp_avg_epsinf_K5,0.5211,0.1627,3
D,ag_news_distilbert,distilbert,0.1,,dp_avg_epsinf_K20,0.5208,0.1627,3
D,ag_news_distilbert,distilbert,1.0,,dp_avg_eps0.5_K1,0.6184,0.0638,3
D,ag_news_distilbert,distilbert,1.0,,dp_avg_eps0.5_K5,0.8449,0.0056,3
D,ag_news_distilbert,distilbert,1.0,,dp_avg_eps0.5_K20,0.858,0.0012,3
D,ag_news_distilbert,distilbert,1.0,,dp_avg_eps2.0_K1,0.8343,0.0153,3
D,ag_news_distilbert,distilbert,1.0,,dp_avg_eps2.0_K5,0.8565,0.0013,3
D,ag_news_distilbert,distilbert,1.0,,dp_avg_eps2.0_K20,0.8588,0.0019,3
D,ag_news_distilbert,distilbert,1.0,,dp_avg_eps8.0_K1,0.8569,0.0034,3
D,ag_news_distilbert,distilbert,1.0,,dp_avg_eps8.0_K5,0.8582,0.0019,3
D,ag_news_distilbert,distilbert,1.0,,dp_avg_eps8.0_K20,0.8587,0.0013,3
D,ag_news_distilbert,distilbert,1.0,,dp_avg_eps32.0_K1,0.8584,0.0027,3
D,ag_news_distilbert,distilbert,1.0,,dp_avg_eps32.0_K5,0.8587,0.0014,3
D,ag_news_distilbert,distilbert,1.0,,dp_avg_eps32.0_K20,0.8583,0.0021,3
D,ag_news_distilbert,distilbert,1.0,,dp_avg_epsinf_K1,0.8584,0.0025,3
D,ag_news_distilbert,distilbert,1.0,,dp_avg_epsinf_K5,0.8585,0.002,3
D,ag_news_distilbert,distilbert,1.0,,dp_avg_epsinf_K20,0.8584,0.0019,3
D,ag_news_gpt2_small,gpt2_small,0.05,,dp_avg_eps0.5_K1,0.2685,0.0031,3
D,ag_news_gpt2_small,gpt2_small,0.05,,dp_avg_eps0.5_K5,0.2479,0.004,3
D,ag_news_gpt2_small,gpt2_small,0.05,,dp_avg_eps0.5_K20,0.2536,0.0062,3
D,ag_news_gpt2_small,gpt2_small,0.05,,dp_avg_eps2.0_K1,0.2574,0.0058,3
D,ag_news_gpt2_small,gpt2_small,0.05,,dp_avg_eps2.0_K5,0.25,0.0,3
D,ag_news_gpt2_small,gpt2_small,0.05,,dp_avg_eps2.0_K20,0.251,0.0017,3
D,ag_news_gpt2_small,gpt2_small,0.05,,dp_avg_eps8.0_K1,0.2739,0.0403,3
D,ag_news_gpt2_small,gpt2_small,0.05,,dp_avg_eps8.0_K5,0.2515,0.0027,3
D,ag_news_gpt2_small,gpt2_small,0.05,,dp_avg_eps8.0_K20,0.25,0.0,3
D,ag_news_gpt2_small,gpt2_small,0.05,,dp_avg_eps32.0_K1,0.25,0.0,3
D,ag_news_gpt2_small,gpt2_small,0.05,,dp_avg_eps32.0_K5,0.25,0.0,3
D,ag_news_gpt2_small,gpt2_small,0.05,,dp_avg_eps32.0_K20,0.2809,0.0533,3
D,ag_news_gpt2_small,gpt2_small,0.05,,dp_avg_epsinf_K1,0.25,0.0,3
D,ag_news_gpt2_small,gpt2_small,0.05,,dp_avg_epsinf_K5,0.25,0.0,3
D,ag_news_gpt2_small,gpt2_small,0.05,,dp_avg_epsinf_K20,0.303,0.0917,3
D,ag_news_gpt2_small,gpt2_small,0.1,,dp_avg_eps0.5_K1,0.2237,0.0431,3
D,ag_news_gpt2_small,gpt2_small,0.1,,dp_avg_eps0.5_K5,0.25,0.0,3
D,ag_news_gpt2_small,gpt2_small,0.1,,dp_avg_eps0.5_K20,0.25,0.0,3
D,ag_news_gpt2_small,gpt2_small,0.1,,dp_avg_eps2.0_K1,0.2535,0.0051,3
D,ag_news_gpt2_small,gpt2_small,0.1,,dp_avg_eps2.0_K5,0.25,0.0,3
D,ag_news_gpt2_small,gpt2_small,0.1,,dp_avg_eps2.0_K20,0.3298,0.1385,3
D,ag_news_gpt2_small,gpt2_small,0.1,,dp_avg_eps8.0_K1,0.25,0.0001,3
D,ag_news_gpt2_small,gpt2_small,0.1,,dp_avg_eps8.0_K5,0.287,0.0641,3
D,ag_news_gpt2_small,gpt2_small,0.1,,dp_avg_eps8.0_K20,0.25,0.0,3
D,ag_news_gpt2_small,gpt2_small,0.1,,dp_avg_eps32.0_K1,0.2902,0.0557,3
D,ag_news_gpt2_small,gpt2_small,0.1,,dp_avg_eps32.0_K5,0.2501,0.0002,3
D,ag_news_gpt2_small,gpt2_small,0.1,,dp_avg_eps32.0_K20,0.25,0.0001,3
D,ag_news_gpt2_small,gpt2_small,0.1,,dp_avg_epsinf_K1,0.25,0.0001,3
D,ag_news_gpt2_small,gpt2_small,0.1,,dp_avg_epsinf_K5,0.25,0.0,3
D,ag_news_gpt2_small,gpt2_small,0.1,,dp_avg_epsinf_K20,0.2503,0.0005,3
D,ag_news_gpt2_small,gpt2_small,1.0,,dp_avg_eps0.5_K1,0.2413,0.0405,3
D,ag_news_gpt2_small,gpt2_small,1.0,,dp_avg_eps0.5_K5,0.2593,0.016,3
D,ag_news_gpt2_small,gpt2_small,1.0,,dp_avg_eps0.5_K20,0.25,0.0,3
D,ag_news_gpt2_small,gpt2_small,1.0,,dp_avg_eps2.0_K1,0.25,0.0,3
D,ag_news_gpt2_small,gpt2_small,1.0,,dp_avg_eps2.0_K5,0.25,0.0,3
D,ag_news_gpt2_small,gpt2_small,1.0,,dp_avg_eps2.0_K20,0.285,0.0582,3
D,ag_news_gpt2_small,gpt2_small,1.0,,dp_avg_eps8.0_K1,0.2588,0.0129,3
D,ag_news_gpt2_small,gpt2_small,1.0,,dp_avg_eps8.0_K5,0.25,0.0,3
D,ag_news_gpt2_small,gpt2_small,1.0,,dp_avg_eps8.0_K20,0.2968,0.0558,3
D,ag_news_gpt2_small,gpt2_small,1.0,,dp_avg_eps32.0_K1,0.25,0.0,3
D,ag_news_gpt2_small,gpt2_small,1.0,,dp_avg_eps32.0_K5,0.25,0.0,3
D,ag_news_gpt2_small,gpt2_small,1.0,,dp_avg_eps32.0_K20,0.2542,0.0073,3
D,ag_news_gpt2_small,gpt2_small,1.0,,dp_avg_epsinf_K1,0.25,0.0,3
D,ag_news_gpt2_small,gpt2_small,1.0,,dp_avg_epsinf_K5,0.25,0.0001,3
D,ag_news_gpt2_small,gpt2_small,1.0,,dp_avg_epsinf_K20,0.2676,0.0305,3
D,cifar10_vit_b32,vit_b32,0.05,,dp_avg_eps0.5_K1,0.2676,0.0797,3
D,cifar10_vit_b32,vit_b32,0.05,,dp_avg_eps0.5_K5,0.3716,0.0785,3
D,cifar10_vit_b32,vit_b32,0.05,,dp_avg_eps0.5_K20,0.6136,0.0654,3
D,cifar10_vit_b32,vit_b32,0.05,,dp_avg_eps2.0_K1,0.3583,0.0855,3
D,cifar10_vit_b32,vit_b32,0.05,,dp_avg_eps2.0_K5,0.5981,0.0758,3
D,cifar10_vit_b32,vit_b32,0.05,,dp_avg_eps2.0_K20,0.6944,0.038,3
D,cifar10_vit_b32,vit_b32,0.05,,dp_avg_eps8.0_K1,0.5777,0.114,3
D,cifar10_vit_b32,vit_b32,0.05,,dp_avg_eps8.0_K5,0.686,0.0645,3
D,cifar10_vit_b32,vit_b32,0.05,,dp_avg_eps8.0_K20,0.7868,0.0396,3
D,cifar10_vit_b32,vit_b32,0.05,,dp_avg_eps32.0_K1,0.647,0.07,3
D,cifar10_vit_b32,vit_b32,0.05,,dp_avg_eps32.0_K5,0.7852,0.0503,3
D,cifar10_vit_b32,vit_b32,0.05,,dp_avg_eps32.0_K20,0.807,0.0383,3
D,cifar10_vit_b32,vit_b32,0.05,,dp_avg_epsinf_K1,0.7935,0.0368,3
D,cifar10_vit_b32,vit_b32,0.05,,dp_avg_epsinf_K5,0.8089,0.035,3
D,cifar10_vit_b32,vit_b32,0.05,,dp_avg_epsinf_K20,0.8071,0.0366,3
D,cifar10_vit_b32,vit_b32,0.1,,dp_avg_eps0.5_K1,0.3487,0.0175,3
D,cifar10_vit_b32,vit_b32,0.1,,dp_avg_eps0.5_K5,0.529,0.0617,3
D,cifar10_vit_b32,vit_b32,0.1,,dp_avg_eps0.5_K20,0.7776,0.0516,3
D,cifar10_vit_b32,vit_b32,0.1,,dp_avg_eps2.0_K1,0.5022,0.0222,3
D,cifar10_vit_b32,vit_b32,0.1,,dp_avg_eps2.0_K5,0.7937,0.045,3
D,cifar10_vit_b32,vit_b32,0.1,,dp_avg_eps2.0_K20,0.8363,0.0551,3
D,cifar10_vit_b32,vit_b32,0.1,,dp_avg_eps8.0_K1,0.7609,0.0769,3
D,cifar10_vit_b32,vit_b32,0.1,,dp_avg_eps8.0_K5,0.8365,0.0526,3
D,cifar10_vit_b32,vit_b32,0.1,,dp_avg_eps8.0_K20,0.8765,0.0235,3
D,cifar10_vit_b32,vit_b32,0.1,,dp_avg_eps32.0_K1,0.8221,0.0609,3
D,cifar10_vit_b32,vit_b32,0.1,,dp_avg_eps32.0_K5,0.876,0.0247,3
D,cifar10_vit_b32,vit_b32,0.1,,dp_avg_eps32.0_K20,0.8838,0.0195,3
D,cifar10_vit_b32,vit_b32,0.1,,dp_avg_epsinf_K1,0.8775,0.0205,3
D,cifar10_vit_b32,vit_b32,0.1,,dp_avg_epsinf_K5,0.8835,0.0195,3
D,cifar10_vit_b32,vit_b32,0.1,,dp_avg_epsinf_K20,0.8841,0.0183,3
D,cifar10_vit_b32,vit_b32,1.0,,dp_avg_eps0.5_K1,0.6972,0.0064,3
D,cifar10_vit_b32,vit_b32,1.0,,dp_avg_eps0.5_K5,0.9092,0.0039,3
D,cifar10_vit_b32,vit_b32,1.0,,dp_avg_eps0.5_K20,0.9596,0.0014,3
D,cifar10_vit_b32,vit_b32,1.0,,dp_avg_eps2.0_K1,0.8743,0.0028,3
D,cifar10_vit_b32,vit_b32,1.0,,dp_avg_eps2.0_K5,0.96,0.0012,3
D,cifar10_vit_b32,vit_b32,1.0,,dp_avg_eps2.0_K20,0.9621,0.0012,3
D,cifar10_vit_b32,vit_b32,1.0,,dp_avg_eps8.0_K1,0.9578,0.0019,3
D,cifar10_vit_b32,vit_b32,1.0,,dp_avg_eps8.0_K5,0.962,0.0006,3
D,cifar10_vit_b32,vit_b32,1.0,,dp_avg_eps8.0_K20,0.9627,0.0006,3
D,cifar10_vit_b32,vit_b32,1.0,,dp_avg_eps32.0_K1,0.9623,0.0007,3
D,cifar10_vit_b32,vit_b32,1.0,,dp_avg_eps32.0_K5,0.9625,0.0005,3
D,cifar10_vit_b32,vit_b32,1.0,,dp_avg_eps32.0_K20,0.9627,0.0004,3
D,cifar10_vit_b32,vit_b32,1.0,,dp_avg_epsinf_K1,0.9627,0.0003,3
D,cifar10_vit_b32,vit_b32,1.0,,dp_avg_epsinf_K5,0.9626,0.0004,3
D,cifar10_vit_b32,vit_b32,1.0,,dp_avg_epsinf_K20,0.9629,0.0003,3
