section,setup,seed,alpha,probe_size,method,acc,runtime_s,backbone,eps,K_per_class
A,mnist_mlp,42,0.05,25.0,no_phase0,0.393,36.2,,,
A,mnist_mlp,42,0.05,25.0,warmup_only_labelled,0.1531,18.7,,,
A,mnist_mlp,42,0.05,25.0,labelled_probe_warmup,0.3341,29.6,,,
A,mnist_mlp,42,0.05,25.0,raw_union_K20,0.8775,29.7,,,
A,mnist_mlp,42,0.05,25.0,dp_avg_eps2_K20,0.4127,29.7,,,
A,mnist_mlp,42,0.05,25.0,dp_avg_eps8_K20,0.4739,30.2,,,
A,mnist_mlp,42,0.05,100.0,no_phase0,0.4127,30.2,,,
A,mnist_mlp,42,0.05,100.0,warmup_only_labelled,0.4313,18.3,,,
A,mnist_mlp,42,0.05,100.0,labelled_probe_warmup,0.6395,30.8,,,
A,mnist_mlp,42,0.05,100.0,raw_union_K20,0.8854,30.3,,,
A,mnist_mlp,42,0.05,100.0,dp_avg_eps2_K20,0.5378,29.0,,,
A,mnist_mlp,42,0.05,100.0,dp_avg_eps8_K20,0.5215,29.6,,,
A,mnist_mlp,42,0.05,500.0,no_phase0,0.4189,29.4,,,
A,mnist_mlp,42,0.05,500.0,warmup_only_labelled,0.7987,19.0,,,
A,mnist_mlp,42,0.05,500.0,labelled_probe_warmup,0.8611,29.2,,,
A,mnist_mlp,42,0.05,500.0,raw_union_K20,0.9034,30.5,,,
A,mnist_mlp,42,0.05,500.0,dp_avg_eps2_K20,0.5561,29.5,,,
A,mnist_mlp,42,0.05,500.0,dp_avg_eps8_K20,0.5624,29.6,,,
A,mnist_mlp,42,0.1,25.0,no_phase0,0.7329,29.9,,,
A,mnist_mlp,42,0.1,25.0,warmup_only_labelled,0.1531,18.7,,,
A,mnist_mlp,42,0.1,25.0,labelled_probe_warmup,0.7,29.3,,,
A,mnist_mlp,42,0.1,25.0,raw_union_K20,0.9244,29.9,,,
A,mnist_mlp,42,0.1,25.0,dp_avg_eps2_K20,0.7777,30.0,,,
A,mnist_mlp,42,0.1,25.0,dp_avg_eps8_K20,0.7249,29.5,,,
A,mnist_mlp,42,0.1,100.0,no_phase0,0.4599,29.4,,,
A,mnist_mlp,42,0.1,100.0,warmup_only_labelled,0.4313,18.6,,,
A,mnist_mlp,42,0.1,100.0,labelled_probe_warmup,0.5385,29.0,,,
A,mnist_mlp,42,0.1,100.0,raw_union_K20,0.9198,29.7,,,
A,mnist_mlp,42,0.1,100.0,dp_avg_eps2_K20,0.5208,29.2,,,
A,mnist_mlp,42,0.1,100.0,dp_avg_eps8_K20,0.5008,29.1,,,
A,mnist_mlp,42,0.1,500.0,no_phase0,0.409,29.0,,,
A,mnist_mlp,42,0.1,500.0,warmup_only_labelled,0.7987,18.3,,,
A,mnist_mlp,42,0.1,500.0,labelled_probe_warmup,0.847,29.4,,,
A,mnist_mlp,42,0.1,500.0,raw_union_K20,0.9077,28.6,,,
A,mnist_mlp,42,0.1,500.0,dp_avg_eps2_K20,0.5164,28.9,,,
A,mnist_mlp,42,0.1,500.0,dp_avg_eps8_K20,0.5177,29.9,,,
A,mnist_mlp,42,0.3,25.0,no_phase0,0.8133,28.6,,,
A,mnist_mlp,42,0.3,25.0,warmup_only_labelled,0.1531,18.8,,,
A,mnist_mlp,42,0.3,25.0,labelled_probe_warmup,0.807,29.1,,,
A,mnist_mlp,42,0.3,25.0,raw_union_K20,0.9361,29.1,,,
A,mnist_mlp,42,0.3,25.0,dp_avg_eps2_K20,0.838,29.3,,,
A,mnist_mlp,42,0.3,25.0,dp_avg_eps8_K20,0.828,29.5,,,
A,mnist_mlp,42,0.3,100.0,no_phase0,0.7916,28.8,,,
A,mnist_mlp,42,0.3,100.0,warmup_only_labelled,0.4313,18.4,,,
A,mnist_mlp,42,0.3,100.0,labelled_probe_warmup,0.8401,28.8,,,
A,mnist_mlp,42,0.3,100.0,raw_union_K20,0.9372,29.4,,,
A,mnist_mlp,42,0.3,100.0,dp_avg_eps2_K20,0.8111,28.9,,,
A,mnist_mlp,42,0.3,100.0,dp_avg_eps8_K20,0.8172,29.4,,,
A,mnist_mlp,42,0.3,500.0,no_phase0,0.7671,29.2,,,
A,mnist_mlp,42,0.3,500.0,warmup_only_labelled,0.7987,18.2,,,
A,mnist_mlp,42,0.3,500.0,labelled_probe_warmup,0.8924,29.0,,,
A,mnist_mlp,42,0.3,500.0,raw_union_K20,0.94,29.3,,,
A,mnist_mlp,42,0.3,500.0,dp_avg_eps2_K20,0.8109,29.0,,,
A,mnist_mlp,42,0.3,500.0,dp_avg_eps8_K20,0.8144,29.2,,,
A,mnist_mlp,42,1.0,25.0,no_phase0,0.8815,29.7,,,
A,mnist_mlp,42,1.0,25.0,warmup_only_labelled,0.1531,18.6,,,
A,mnist_mlp,42,1.0,25.0,labelled_probe_warmup,0.8844,29.5,,,
A,mnist_mlp,42,1.0,25.0,raw_union_K20,0.9484,29.9,,,
A,mnist_mlp,42,1.0,25.0,dp_avg_eps2_K20,0.8893,29.9,,,
A,mnist_mlp,42,1.0,25.0,dp_avg_eps8_K20,0.8874,28.7,,,
A,mnist_mlp,42,1.0,100.0,no_phase0,0.8846,29.2,,,
A,mnist_mlp,42,1.0,100.0,warmup_only_labelled,0.4313,19.1,,,
A,mnist_mlp,42,1.0,100.0,labelled_probe_warmup,0.8942,29.9,,,
A,mnist_mlp,42,1.0,100.0,raw_union_K20,0.9465,29.4,,,
A,mnist_mlp,42,1.0,100.0,dp_avg_eps2_K20,0.8899,30.0,,,
A,mnist_mlp,42,1.0,100.0,dp_avg_eps8_K20,0.8941,31.2,,,
A,mnist_mlp,42,1.0,500.0,no_phase0,0.8814,28.6,,,
A,mnist_mlp,42,1.0,500.0,warmup_only_labelled,0.7987,18.5,,,
A,mnist_mlp,42,1.0,500.0,labelled_probe_warmup,0.9111,28.6,,,
A,mnist_mlp,42,1.0,500.0,raw_union_K20,0.9443,30.5,,,
A,mnist_mlp,42,1.0,500.0,dp_avg_eps2_K20,0.8966,29.2,,,
A,mnist_mlp,42,1.0,500.0,dp_avg_eps8_K20,0.8949,29.4,,,
A,mnist_mlp,43,0.05,25.0,no_phase0,0.3736,29.6,,,
A,mnist_mlp,43,0.05,25.0,warmup_only_labelled,0.2409,18.3,,,
A,mnist_mlp,43,0.05,25.0,labelled_probe_warmup,0.4278,29.8,,,
A,mnist_mlp,43,0.05,25.0,raw_union_K20,0.8863,29.8,,,
A,mnist_mlp,43,0.05,25.0,dp_avg_eps2_K20,0.3793,29.4,,,
A,mnist_mlp,43,0.05,25.0,dp_avg_eps8_K20,0.4001,29.5,,,
A,mnist_mlp,43,0.05,100.0,no_phase0,0.331,29.0,,,
A,mnist_mlp,43,0.05,100.0,warmup_only_labelled,0.5308,18.6,,,
A,mnist_mlp,43,0.05,100.0,labelled_probe_warmup,0.5015,28.8,,,
A,mnist_mlp,43,0.05,100.0,raw_union_K20,0.8189,29.9,,,
A,mnist_mlp,43,0.05,100.0,dp_avg_eps2_K20,0.3741,29.6,,,
A,mnist_mlp,43,0.05,100.0,dp_avg_eps8_K20,0.3662,30.2,,,
A,mnist_mlp,43,0.05,500.0,no_phase0,0.2966,29.3,,,
A,mnist_mlp,43,0.05,500.0,warmup_only_labelled,0.7943,18.5,,,
A,mnist_mlp,43,0.05,500.0,labelled_probe_warmup,0.8295,29.4,,,
A,mnist_mlp,43,0.05,500.0,raw_union_K20,0.8508,29.6,,,
A,mnist_mlp,43,0.05,500.0,dp_avg_eps2_K20,0.4018,28.8,,,
A,mnist_mlp,43,0.05,500.0,dp_avg_eps8_K20,0.3407,30.3,,,
A,mnist_mlp,43,0.1,25.0,no_phase0,0.5466,29.8,,,
A,mnist_mlp,43,0.1,25.0,warmup_only_labelled,0.2409,18.8,,,
A,mnist_mlp,43,0.1,25.0,labelled_probe_warmup,0.5269,30.3,,,
A,mnist_mlp,43,0.1,25.0,raw_union_K20,0.9092,30.9,,,
A,mnist_mlp,43,0.1,25.0,dp_avg_eps2_K20,0.5623,29.8,,,
A,mnist_mlp,43,0.1,25.0,dp_avg_eps8_K20,0.5688,29.7,,,
A,mnist_mlp,43,0.1,100.0,no_phase0,0.5446,29.9,,,
A,mnist_mlp,43,0.1,100.0,warmup_only_labelled,0.5308,18.7,,,
A,mnist_mlp,43,0.1,100.0,labelled_probe_warmup,0.5503,29.5,,,
A,mnist_mlp,43,0.1,100.0,raw_union_K20,0.9088,29.1,,,
A,mnist_mlp,43,0.1,100.0,dp_avg_eps2_K20,0.5215,29.9,,,
A,mnist_mlp,43,0.1,100.0,dp_avg_eps8_K20,0.5353,30.0,,,
A,mnist_mlp,43,0.1,500.0,no_phase0,0.5527,28.8,,,
A,mnist_mlp,43,0.1,500.0,warmup_only_labelled,0.7943,19.0,,,
A,mnist_mlp,43,0.1,500.0,labelled_probe_warmup,0.8242,28.5,,,
A,mnist_mlp,43,0.1,500.0,raw_union_K20,0.9126,29.7,,,
A,mnist_mlp,43,0.1,500.0,dp_avg_eps2_K20,0.5534,29.4,,,
A,mnist_mlp,43,0.1,500.0,dp_avg_eps8_K20,0.5714,29.6,,,
A,mnist_mlp,43,0.3,25.0,no_phase0,0.7666,30.0,,,
A,mnist_mlp,43,0.3,25.0,warmup_only_labelled,0.2409,18.4,,,
A,mnist_mlp,43,0.3,25.0,labelled_probe_warmup,0.7601,29.9,,,
A,mnist_mlp,43,0.3,25.0,raw_union_K20,0.9379,29.9,,,
A,mnist_mlp,43,0.3,25.0,dp_avg_eps2_K20,0.7749,29.7,,,
A,mnist_mlp,43,0.3,25.0,dp_avg_eps8_K20,0.7787,29.9,,,
A,mnist_mlp,43,0.3,100.0,no_phase0,0.7182,30.3,,,
A,mnist_mlp,43,0.3,100.0,warmup_only_labelled,0.5308,18.7,,,
A,mnist_mlp,43,0.3,100.0,labelled_probe_warmup,0.813,29.7,,,
A,mnist_mlp,43,0.3,100.0,raw_union_K20,0.9328,30.5,,,
A,mnist_mlp,43,0.3,100.0,dp_avg_eps2_K20,0.7413,30.0,,,
A,mnist_mlp,43,0.3,100.0,dp_avg_eps8_K20,0.7679,30.3,,,
A,mnist_mlp,43,0.3,500.0,no_phase0,0.7752,31.3,,,
A,mnist_mlp,43,0.3,500.0,warmup_only_labelled,0.7943,19.2,,,
A,mnist_mlp,43,0.3,500.0,labelled_probe_warmup,0.88,29.7,,,
A,mnist_mlp,43,0.3,500.0,raw_union_K20,0.9313,30.2,,,
A,mnist_mlp,43,0.3,500.0,dp_avg_eps2_K20,0.8094,29.6,,,
A,mnist_mlp,43,0.3,500.0,dp_avg_eps8_K20,0.8003,29.9,,,
A,mnist_mlp,43,1.0,25.0,no_phase0,0.859,30.9,,,
A,mnist_mlp,43,1.0,25.0,warmup_only_labelled,0.2409,18.8,,,
A,mnist_mlp,43,1.0,25.0,labelled_probe_warmup,0.8679,29.6,,,
A,mnist_mlp,43,1.0,25.0,raw_union_K20,0.9448,29.8,,,
A,mnist_mlp,43,1.0,25.0,dp_avg_eps2_K20,0.8661,30.7,,,
A,mnist_mlp,43,1.0,25.0,dp_avg_eps8_K20,0.8669,29.5,,,
A,mnist_mlp,43,1.0,100.0,no_phase0,0.8729,29.2,,,
A,mnist_mlp,43,1.0,100.0,warmup_only_labelled,0.5308,19.0,,,
A,mnist_mlp,43,1.0,100.0,labelled_probe_warmup,0.8858,30.0,,,
A,mnist_mlp,43,1.0,100.0,raw_union_K20,0.9422,30.2,,,
A,mnist_mlp,43,1.0,100.0,dp_avg_eps2_K20,0.885,29.9,,,
A,mnist_mlp,43,1.0,100.0,dp_avg_eps8_K20,0.8806,31.1,,,
A,mnist_mlp,43,1.0,500.0,no_phase0,0.8805,29.6,,,
A,mnist_mlp,43,1.0,500.0,warmup_only_labelled,0.7943,18.8,,,
A,mnist_mlp,43,1.0,500.0,labelled_probe_warmup,0.9039,29.5,,,
A,mnist_mlp,43,1.0,500.0,raw_union_K20,0.9472,29.7,,,
A,mnist_mlp,43,1.0,500.0,dp_avg_eps2_K20,0.8858,29.4,,,
A,mnist_mlp,43,1.0,500.0,dp_avg_eps8_K20,0.8797,30.3,,,
A,mnist_mlp,44,0.05,25.0,no_phase0,0.3332,29.9,,,
A,mnist_mlp,44,0.05,25.0,warmup_only_labelled,0.2285,19.4,,,
A,mnist_mlp,44,0.05,25.0,labelled_probe_warmup,0.3232,30.3,,,
A,mnist_mlp,44,0.05,25.0,raw_union_K20,0.8804,30.0,,,
A,mnist_mlp,44,0.05,25.0,dp_avg_eps2_K20,0.334,29.3,,,
A,mnist_mlp,44,0.05,25.0,dp_avg_eps8_K20,0.3976,29.3,,,
A,mnist_mlp,44,0.05,100.0,no_phase0,0.3577,29.1,,,
A,mnist_mlp,44,0.05,100.0,warmup_only_labelled,0.3203,18.9,,,
A,mnist_mlp,44,0.05,100.0,labelled_probe_warmup,0.5353,28.8,,,
A,mnist_mlp,44,0.05,100.0,raw_union_K20,0.8745,29.6,,,
A,mnist_mlp,44,0.05,100.0,dp_avg_eps2_K20,0.4626,30.2,,,
A,mnist_mlp,44,0.05,100.0,dp_avg_eps8_K20,0.4004,30.0,,,
A,mnist_mlp,44,0.05,500.0,no_phase0,0.6189,30.0,,,
A,mnist_mlp,44,0.05,500.0,warmup_only_labelled,0.8191,18.5,,,
A,mnist_mlp,44,0.05,500.0,labelled_probe_warmup,0.8524,30.3,,,
A,mnist_mlp,44,0.05,500.0,raw_union_K20,0.8929,30.1,,,
A,mnist_mlp,44,0.05,500.0,dp_avg_eps2_K20,0.6615,29.6,,,
A,mnist_mlp,44,0.05,500.0,dp_avg_eps8_K20,0.6035,29.9,,,
A,mnist_mlp,44,0.1,25.0,no_phase0,0.6045,29.1,,,
A,mnist_mlp,44,0.1,25.0,warmup_only_labelled,0.2285,19.0,,,
A,mnist_mlp,44,0.1,25.0,labelled_probe_warmup,0.5724,29.9,,,
A,mnist_mlp,44,0.1,25.0,raw_union_K20,0.9086,29.9,,,
A,mnist_mlp,44,0.1,25.0,dp_avg_eps2_K20,0.6205,30.6,,,
A,mnist_mlp,44,0.1,25.0,dp_avg_eps8_K20,0.6152,29.4,,,
A,mnist_mlp,44,0.1,100.0,no_phase0,0.3883,29.5,,,
A,mnist_mlp,44,0.1,100.0,warmup_only_labelled,0.3203,19.6,,,
A,mnist_mlp,44,0.1,100.0,labelled_probe_warmup,0.5972,29.9,,,
A,mnist_mlp,44,0.1,100.0,raw_union_K20,0.9055,29.6,,,
A,mnist_mlp,44,0.1,100.0,dp_avg_eps2_K20,0.4868,30.3,,,
A,mnist_mlp,44,0.1,100.0,dp_avg_eps8_K20,0.4554,29.3,,,
A,mnist_mlp,44,0.1,500.0,no_phase0,0.5928,29.0,,,
A,mnist_mlp,44,0.1,500.0,warmup_only_labelled,0.8191,18.6,,,
A,mnist_mlp,44,0.1,500.0,labelled_probe_warmup,0.8598,29.3,,,
A,mnist_mlp,44,0.1,500.0,raw_union_K20,0.8994,29.3,,,
A,mnist_mlp,44,0.1,500.0,dp_avg_eps2_K20,0.6715,29.1,,,
A,mnist_mlp,44,0.1,500.0,dp_avg_eps8_K20,0.6626,29.4,,,
A,mnist_mlp,44,0.3,25.0,no_phase0,0.7689,29.5,,,
A,mnist_mlp,44,0.3,25.0,warmup_only_labelled,0.2285,18.4,,,
A,mnist_mlp,44,0.3,25.0,labelled_probe_warmup,0.7874,29.2,,,
A,mnist_mlp,44,0.3,25.0,raw_union_K20,0.9336,29.5,,,
A,mnist_mlp,44,0.3,25.0,dp_avg_eps2_K20,0.7766,29.6,,,
A,mnist_mlp,44,0.3,25.0,dp_avg_eps8_K20,0.7778,29.6,,,
A,mnist_mlp,44,0.3,100.0,no_phase0,0.7465,29.6,,,
A,mnist_mlp,44,0.3,100.0,warmup_only_labelled,0.3203,18.5,,,
A,mnist_mlp,44,0.3,100.0,labelled_probe_warmup,0.7784,28.9,,,
A,mnist_mlp,44,0.3,100.0,raw_union_K20,0.9383,28.8,,,
A,mnist_mlp,44,0.3,100.0,dp_avg_eps2_K20,0.7536,29.5,,,
A,mnist_mlp,44,0.3,100.0,dp_avg_eps8_K20,0.7576,30.9,,,
A,mnist_mlp,44,0.3,500.0,no_phase0,0.7624,29.3,,,
A,mnist_mlp,44,0.3,500.0,warmup_only_labelled,0.8191,17.9,,,
A,mnist_mlp,44,0.3,500.0,labelled_probe_warmup,0.8923,28.9,,,
A,mnist_mlp,44,0.3,500.0,raw_union_K20,0.9379,29.6,,,
A,mnist_mlp,44,0.3,500.0,dp_avg_eps2_K20,0.7742,29.3,,,
A,mnist_mlp,44,0.3,500.0,dp_avg_eps8_K20,0.7946,29.2,,,
A,mnist_mlp,44,1.0,25.0,no_phase0,0.8544,28.6,,,
A,mnist_mlp,44,1.0,25.0,warmup_only_labelled,0.2285,18.4,,,
A,mnist_mlp,44,1.0,25.0,labelled_probe_warmup,0.8562,29.1,,,
A,mnist_mlp,44,1.0,25.0,raw_union_K20,0.9448,29.3,,,
A,mnist_mlp,44,1.0,25.0,dp_avg_eps2_K20,0.8669,30.6,,,
A,mnist_mlp,44,1.0,25.0,dp_avg_eps8_K20,0.8681,29.8,,,
A,mnist_mlp,44,1.0,100.0,no_phase0,0.8472,29.2,,,
A,mnist_mlp,44,1.0,100.0,warmup_only_labelled,0.3203,18.6,,,
A,mnist_mlp,44,1.0,100.0,labelled_probe_warmup,0.8701,28.4,,,
A,mnist_mlp,44,1.0,100.0,raw_union_K20,0.9466,30.3,,,
A,mnist_mlp,44,1.0,100.0,dp_avg_eps2_K20,0.8625,29.6,,,
A,mnist_mlp,44,1.0,100.0,dp_avg_eps8_K20,0.8607,30.1,,,
A,mnist_mlp,44,1.0,500.0,no_phase0,0.8558,28.9,,,
A,mnist_mlp,44,1.0,500.0,warmup_only_labelled,0.8191,18.4,,,
A,mnist_mlp,44,1.0,500.0,labelled_probe_warmup,0.9104,29.6,,,
A,mnist_mlp,44,1.0,500.0,raw_union_K20,0.9451,29.2,,,
A,mnist_mlp,44,1.0,500.0,dp_avg_eps2_K20,0.878,29.2,,,
A,mnist_mlp,44,1.0,500.0,dp_avg_eps8_K20,0.8776,29.1,,,
B,cifar10_resnet18,42,0.05,,no_phase0,0.2109,9.9,resnet18,,
B,cifar10_resnet18,42,0.05,,labelled_probe_warmup,0.2316,9.4,resnet18,,
B,cifar10_resnet18,42,0.05,,raw_union_K20,0.5293,10.3,resnet18,,
B,cifar10_resnet18,42,0.05,,dp_avg_eps2_K20,0.2184,10.8,resnet18,,
B,cifar10_resnet18,42,0.05,,dp_avg_eps8_K20,0.2285,10.7,resnet18,,
B,cifar10_resnet18,42,0.1,,no_phase0,0.321,10.2,resnet18,,
B,cifar10_resnet18,42,0.1,,labelled_probe_warmup,0.3469,9.7,resnet18,,
B,cifar10_resnet18,42,0.1,,raw_union_K20,0.6209,9.7,resnet18,,
B,cifar10_resnet18,42,0.1,,dp_avg_eps2_K20,0.3309,10.2,resnet18,,
B,cifar10_resnet18,42,0.1,,dp_avg_eps8_K20,0.3446,9.7,resnet18,,
B,cifar10_resnet18,42,0.3,,no_phase0,0.6299,9.7,resnet18,,
B,cifar10_resnet18,42,0.3,,labelled_probe_warmup,0.6552,10.3,resnet18,,
B,cifar10_resnet18,42,0.3,,raw_union_K20,0.804,9.8,resnet18,,
B,cifar10_resnet18,42,0.3,,dp_avg_eps2_K20,0.6454,10.2,resnet18,,
B,cifar10_resnet18,42,0.3,,dp_avg_eps8_K20,0.6528,9.8,resnet18,,
B,cifar10_resnet18,42,1.0,,no_phase0,0.7834,9.6,resnet18,,
B,cifar10_resnet18,42,1.0,,labelled_probe_warmup,0.7849,9.9,resnet18,,
B,cifar10_resnet18,42,1.0,,raw_union_K20,0.8328,9.4,resnet18,,
B,cifar10_resnet18,42,1.0,,dp_avg_eps2_K20,0.7827,9.9,resnet18,,
B,cifar10_resnet18,42,1.0,,dp_avg_eps8_K20,0.7847,9.9,resnet18,,
B,cifar10_resnet18,43,0.05,,no_phase0,0.1486,10.2,resnet18,,
B,cifar10_resnet18,43,0.05,,labelled_probe_warmup,0.1725,9.7,resnet18,,
B,cifar10_resnet18,43,0.05,,raw_union_K20,0.5486,9.4,resnet18,,
B,cifar10_resnet18,43,0.05,,dp_avg_eps2_K20,0.1559,9.9,resnet18,,
B,cifar10_resnet18,43,0.05,,dp_avg_eps8_K20,0.1653,9.7,resnet18,,
B,cifar10_resnet18,43,0.1,,no_phase0,0.4554,10.1,resnet18,,
B,cifar10_resnet18,43,0.1,,labelled_probe_warmup,0.5001,10.0,resnet18,,
B,cifar10_resnet18,43,0.1,,raw_union_K20,0.7213,9.9,resnet18,,
B,cifar10_resnet18,43,0.1,,dp_avg_eps2_K20,0.4886,10.1,resnet18,,
B,cifar10_resnet18,43,0.1,,dp_avg_eps8_K20,0.5037,10.6,resnet18,,
B,cifar10_resnet18,43,0.3,,no_phase0,0.658,10.6,resnet18,,
B,cifar10_resnet18,43,0.3,,labelled_probe_warmup,0.6633,10.1,resnet18,,
B,cifar10_resnet18,43,0.3,,raw_union_K20,0.7774,9.9,resnet18,,
B,cifar10_resnet18,43,0.3,,dp_avg_eps2_K20,0.6627,9.6,resnet18,,
B,cifar10_resnet18,43,0.3,,dp_avg_eps8_K20,0.6675,9.8,resnet18,,
B,cifar10_resnet18,43,1.0,,no_phase0,0.795,9.9,resnet18,,
B,cifar10_resnet18,43,1.0,,labelled_probe_warmup,0.7976,9.7,resnet18,,
B,cifar10_resnet18,43,1.0,,raw_union_K20,0.837,9.6,resnet18,,
B,cifar10_resnet18,43,1.0,,dp_avg_eps2_K20,0.7982,9.7,resnet18,,
B,cifar10_resnet18,43,1.0,,dp_avg_eps8_K20,0.7971,9.8,resnet18,,
B,cifar10_resnet18,44,0.05,,no_phase0,0.2018,9.8,resnet18,,
B,cifar10_resnet18,44,0.05,,labelled_probe_warmup,0.2207,9.8,resnet18,,
B,cifar10_resnet18,44,0.05,,raw_union_K20,0.6203,9.5,resnet18,,
B,cifar10_resnet18,44,0.05,,dp_avg_eps2_K20,0.2137,10.1,resnet18,,
B,cifar10_resnet18,44,0.05,,dp_avg_eps8_K20,0.2227,9.8,resnet18,,
B,cifar10_resnet18,44,0.1,,no_phase0,0.3162,9.8,resnet18,,
B,cifar10_resnet18,44,0.1,,labelled_probe_warmup,0.3338,9.9,resnet18,,
B,cifar10_resnet18,44,0.1,,raw_union_K20,0.618,9.7,resnet18,,
B,cifar10_resnet18,44,0.1,,dp_avg_eps2_K20,0.3275,9.8,resnet18,,
B,cifar10_resnet18,44,0.1,,dp_avg_eps8_K20,0.3313,10.5,resnet18,,
B,cifar10_resnet18,44,0.3,,no_phase0,0.5682,10.0,resnet18,,
B,cifar10_resnet18,44,0.3,,labelled_probe_warmup,0.5853,9.7,resnet18,,
B,cifar10_resnet18,44,0.3,,raw_union_K20,0.7646,9.9,resnet18,,
B,cifar10_resnet18,44,0.3,,dp_avg_eps2_K20,0.5861,10.0,resnet18,,
B,cifar10_resnet18,44,0.3,,dp_avg_eps8_K20,0.591,10.8,resnet18,,
B,cifar10_resnet18,44,1.0,,no_phase0,0.7963,10.2,resnet18,,
B,cifar10_resnet18,44,1.0,,labelled_probe_warmup,0.7994,9.7,resnet18,,
B,cifar10_resnet18,44,1.0,,raw_union_K20,0.8375,9.9,resnet18,,
B,cifar10_resnet18,44,1.0,,dp_avg_eps2_K20,0.7972,9.9,resnet18,,
B,cifar10_resnet18,44,1.0,,dp_avg_eps8_K20,0.7995,9.8,resnet18,,
B,cifar10_vit_b32,42,0.05,,no_phase0,0.4878,9.9,vit_b32,,
B,cifar10_vit_b32,42,0.05,,labelled_probe_warmup,0.8174,9.8,vit_b32,,
B,cifar10_vit_b32,42,0.05,,raw_union_K20,0.9384,10.1,vit_b32,,
B,cifar10_vit_b32,42,0.05,,dp_avg_eps2_K20,0.7017,10.0,vit_b32,,
B,cifar10_vit_b32,42,0.05,,dp_avg_eps8_K20,0.7773,10.0,vit_b32,,
B,cifar10_vit_b32,42,0.1,,no_phase0,0.8453,9.7,vit_b32,,
B,cifar10_vit_b32,42,0.1,,labelled_probe_warmup,0.91,10.4,vit_b32,,
B,cifar10_vit_b32,42,0.1,,raw_union_K20,0.9491,10.0,vit_b32,,
B,cifar10_vit_b32,42,0.1,,dp_avg_eps2_K20,0.8747,9.9,vit_b32,,
B,cifar10_vit_b32,42,0.1,,dp_avg_eps8_K20,0.8993,10.0,vit_b32,,
B,cifar10_vit_b32,42,0.3,,no_phase0,0.9416,9.7,vit_b32,,
B,cifar10_vit_b32,42,0.3,,labelled_probe_warmup,0.9503,9.8,vit_b32,,
B,cifar10_vit_b32,42,0.3,,raw_union_K20,0.9609,10.6,vit_b32,,
B,cifar10_vit_b32,42,0.3,,dp_avg_eps2_K20,0.9439,9.8,vit_b32,,
B,cifar10_vit_b32,42,0.3,,dp_avg_eps8_K20,0.9481,9.8,vit_b32,,
B,cifar10_vit_b32,42,1.0,,no_phase0,0.9622,9.7,vit_b32,,
B,cifar10_vit_b32,42,1.0,,labelled_probe_warmup,0.963,10.1,vit_b32,,
B,cifar10_vit_b32,42,1.0,,raw_union_K20,0.9671,10.1,vit_b32,,
B,cifar10_vit_b32,42,1.0,,dp_avg_eps2_K20,0.9633,10.1,vit_b32,,
B,cifar10_vit_b32,42,1.0,,dp_avg_eps8_K20,0.9634,9.8,vit_b32,,
B,cifar10_vit_b32,43,0.05,,no_phase0,0.4598,9.8,vit_b32,,
B,cifar10_vit_b32,43,0.05,,labelled_probe_warmup,0.7683,10.1,vit_b32,,
B,cifar10_vit_b32,43,0.05,,raw_union_K20,0.9332,10.2,vit_b32,,
B,cifar10_vit_b32,43,0.05,,dp_avg_eps2_K20,0.6533,9.9,vit_b32,,
B,cifar10_vit_b32,43,0.05,,dp_avg_eps8_K20,0.7529,10.1,vit_b32,,
B,cifar10_vit_b32,43,0.1,,no_phase0,0.7951,10.2,vit_b32,,
B,cifar10_vit_b32,43,0.1,,labelled_probe_warmup,0.8811,10.1,vit_b32,,
B,cifar10_vit_b32,43,0.1,,raw_union_K20,0.9491,9.9,vit_b32,,
B,cifar10_vit_b32,43,0.1,,dp_avg_eps2_K20,0.861,9.8,vit_b32,,
B,cifar10_vit_b32,43,0.1,,dp_avg_eps8_K20,0.8779,10.5,vit_b32,,
B,cifar10_vit_b32,43,0.3,,no_phase0,0.9221,10.2,vit_b32,,
B,cifar10_vit_b32,43,0.3,,labelled_probe_warmup,0.9389,10.6,vit_b32,,
B,cifar10_vit_b32,43,0.3,,raw_union_K20,0.958,10.4,vit_b32,,
B,cifar10_vit_b32,43,0.3,,dp_avg_eps2_K20,0.9278,10.7,vit_b32,,
B,cifar10_vit_b32,43,0.3,,dp_avg_eps8_K20,0.9391,10.5,vit_b32,,
B,cifar10_vit_b32,43,1.0,,no_phase0,0.9628,9.9,vit_b32,,
B,cifar10_vit_b32,43,1.0,,labelled_probe_warmup,0.9624,9.9,vit_b32,,
B,cifar10_vit_b32,43,1.0,,raw_union_K20,0.9648,10.1,vit_b32,,
B,cifar10_vit_b32,43,1.0,,dp_avg_eps2_K20,0.962,10.2,vit_b32,,
B,cifar10_vit_b32,43,1.0,,dp_avg_eps8_K20,0.9624,10.1,vit_b32,,
B,cifar10_vit_b32,44,0.05,,no_phase0,0.6416,9.8,vit_b32,,
B,cifar10_vit_b32,44,0.05,,labelled_probe_warmup,0.8709,10.0,vit_b32,,
B,cifar10_vit_b32,44,0.05,,raw_union_K20,0.9474,10.6,vit_b32,,
B,cifar10_vit_b32,44,0.05,,dp_avg_eps2_K20,0.7283,10.5,vit_b32,,
B,cifar10_vit_b32,44,0.05,,dp_avg_eps8_K20,0.8303,10.7,vit_b32,,
B,cifar10_vit_b32,44,0.1,,no_phase0,0.6976,10.2,vit_b32,,
B,cifar10_vit_b32,44,0.1,,labelled_probe_warmup,0.8604,9.7,vit_b32,,
B,cifar10_vit_b32,44,0.1,,raw_union_K20,0.9485,10.2,vit_b32,,
B,cifar10_vit_b32,44,0.1,,dp_avg_eps2_K20,0.7731,10.1,vit_b32,,
B,cifar10_vit_b32,44,0.1,,dp_avg_eps8_K20,0.8523,10.3,vit_b32,,
B,cifar10_vit_b32,44,0.3,,no_phase0,0.9301,10.3,vit_b32,,
B,cifar10_vit_b32,44,0.3,,labelled_probe_warmup,0.9426,10.1,vit_b32,,
B,cifar10_vit_b32,44,0.3,,raw_union_K20,0.961,9.8,vit_b32,,
B,cifar10_vit_b32,44,0.3,,dp_avg_eps2_K20,0.9381,10.8,vit_b32,,
B,cifar10_vit_b32,44,0.3,,dp_avg_eps8_K20,0.9423,10.0,vit_b32,,
B,cifar10_vit_b32,44,1.0,,no_phase0,0.9619,10.0,vit_b32,,
B,cifar10_vit_b32,44,1.0,,labelled_probe_warmup,0.9621,10.0,vit_b32,,
B,cifar10_vit_b32,44,1.0,,raw_union_K20,0.966,10.3,vit_b32,,
B,cifar10_vit_b32,44,1.0,,dp_avg_eps2_K20,0.9609,10.4,vit_b32,,
B,cifar10_vit_b32,44,1.0,,dp_avg_eps8_K20,0.9624,10.3,vit_b32,,
C,ag_news_distilbert,42,0.05,,no_phase0,0.3245,14.4,distilbert,,
C,ag_news_distilbert,42,0.05,,labelled_probe_warmup,0.4076,14.7,distilbert,,
C,ag_news_distilbert,42,0.05,,raw_union_K20,0.6778,14.3,distilbert,,
C,ag_news_distilbert,42,0.05,,dp_avg_eps2_K20,0.3911,14.8,distilbert,,
C,ag_news_distilbert,42,0.05,,dp_avg_eps8_K20,0.4099,14.6,distilbert,,
C,ag_news_distilbert,42,0.1,,no_phase0,0.3195,14.9,distilbert,,
C,ag_news_distilbert,42,0.1,,labelled_probe_warmup,0.3291,14.3,distilbert,,
C,ag_news_distilbert,42,0.1,,raw_union_K20,0.5907,14.6,distilbert,,
C,ag_news_distilbert,42,0.1,,dp_avg_eps2_K20,0.333,14.2,distilbert,,
C,ag_news_distilbert,42,0.1,,dp_avg_eps8_K20,0.3342,14.7,distilbert,,
C,ag_news_distilbert,42,0.3,,no_phase0,0.7593,14.5,distilbert,,
C,ag_news_distilbert,42,0.3,,labelled_probe_warmup,0.7734,14.1,distilbert,,
C,ag_news_distilbert,42,0.3,,raw_union_K20,0.8628,15.4,distilbert,,
C,ag_news_distilbert,42,0.3,,dp_avg_eps2_K20,0.7717,15.0,distilbert,,
C,ag_news_distilbert,42,0.3,,dp_avg_eps8_K20,0.7749,14.9,distilbert,,
C,ag_news_distilbert,42,1.0,,no_phase0,0.8589,14.0,distilbert,,
C,ag_news_distilbert,42,1.0,,labelled_probe_warmup,0.8604,14.0,distilbert,,
C,ag_news_distilbert,42,1.0,,raw_union_K20,0.8733,14.3,distilbert,,
C,ag_news_distilbert,42,1.0,,dp_avg_eps2_K20,0.8605,14.8,distilbert,,
C,ag_news_distilbert,42,1.0,,dp_avg_eps8_K20,0.86,15.1,distilbert,,
C,ag_news_distilbert,43,0.05,,no_phase0,0.2617,14.7,distilbert,,
C,ag_news_distilbert,43,0.05,,labelled_probe_warmup,0.2704,13.6,distilbert,,
C,ag_news_distilbert,43,0.05,,raw_union_K20,0.3696,14.2,distilbert,,
C,ag_news_distilbert,43,0.05,,dp_avg_eps2_K20,0.2728,14.3,distilbert,,
C,ag_news_distilbert,43,0.05,,dp_avg_eps8_K20,0.2746,14.7,distilbert,,
C,ag_news_distilbert,43,0.1,,no_phase0,0.5971,14.4,distilbert,,
C,ag_news_distilbert,43,0.1,,labelled_probe_warmup,0.6136,14.3,distilbert,,
C,ag_news_distilbert,43,0.1,,raw_union_K20,0.693,14.4,distilbert,,
C,ag_news_distilbert,43,0.1,,dp_avg_eps2_K20,0.6103,14.5,distilbert,,
C,ag_news_distilbert,43,0.1,,dp_avg_eps8_K20,0.6162,14.4,distilbert,,
C,ag_news_distilbert,43,0.3,,no_phase0,0.6334,15.2,distilbert,,
C,ag_news_distilbert,43,0.3,,labelled_probe_warmup,0.6408,14.7,distilbert,,
C,ag_news_distilbert,43,0.3,,raw_union_K20,0.707,15.1,distilbert,,
C,ag_news_distilbert,43,0.3,,dp_avg_eps2_K20,0.6403,14.4,distilbert,,
C,ag_news_distilbert,43,0.3,,dp_avg_eps8_K20,0.6412,14.7,distilbert,,
C,ag_news_distilbert,43,1.0,,no_phase0,0.8543,14.6,distilbert,,
C,ag_news_distilbert,43,1.0,,labelled_probe_warmup,0.8563,14.7,distilbert,,
C,ag_news_distilbert,43,1.0,,raw_union_K20,0.8707,14.4,distilbert,,
C,ag_news_distilbert,43,1.0,,dp_avg_eps2_K20,0.8568,14.6,distilbert,,
C,ag_news_distilbert,43,1.0,,dp_avg_eps8_K20,0.8574,14.3,distilbert,,
C,ag_news_distilbert,44,0.05,,no_phase0,0.4711,12.9,distilbert,,
C,ag_news_distilbert,44,0.05,,labelled_probe_warmup,0.473,13.2,distilbert,,
C,ag_news_distilbert,44,0.05,,raw_union_K20,0.5466,14.3,distilbert,,
C,ag_news_distilbert,44,0.05,,dp_avg_eps2_K20,0.4724,13.4,distilbert,,
C,ag_news_distilbert,44,0.05,,dp_avg_eps8_K20,0.4726,13.6,distilbert,,
C,ag_news_distilbert,44,0.1,,no_phase0,0.5947,14.2,distilbert,,
C,ag_news_distilbert,44,0.1,,labelled_probe_warmup,0.6083,14.4,distilbert,,
C,ag_news_distilbert,44,0.1,,raw_union_K20,0.6843,14.5,distilbert,,
C,ag_news_distilbert,44,0.1,,dp_avg_eps2_K20,0.6121,14.5,distilbert,,
C,ag_news_distilbert,44,0.1,,dp_avg_eps8_K20,0.6117,15.3,distilbert,,
C,ag_news_distilbert,44,0.3,,no_phase0,0.5749,14.1,distilbert,,
C,ag_news_distilbert,44,0.3,,labelled_probe_warmup,0.5807,14.6,distilbert,,
C,ag_news_distilbert,44,0.3,,raw_union_K20,0.7351,14.2,distilbert,,
C,ag_news_distilbert,44,0.3,,dp_avg_eps2_K20,0.5822,14.5,distilbert,,
C,ag_news_distilbert,44,0.3,,dp_avg_eps8_K20,0.5846,14.7,distilbert,,
C,ag_news_distilbert,44,1.0,,no_phase0,0.8575,14.5,distilbert,,
C,ag_news_distilbert,44,1.0,,labelled_probe_warmup,0.8583,14.0,distilbert,,
C,ag_news_distilbert,44,1.0,,raw_union_K20,0.8686,15.0,distilbert,,
C,ag_news_distilbert,44,1.0,,dp_avg_eps2_K20,0.8592,14.7,distilbert,,
C,ag_news_distilbert,44,1.0,,dp_avg_eps8_K20,0.8588,14.1,distilbert,,
C,ag_news_gpt2_small,42,0.05,,no_phase0,0.25,14.4,gpt2_small,,
C,ag_news_gpt2_small,42,0.05,,labelled_probe_warmup,0.25,14.9,gpt2_small,,
C,ag_news_gpt2_small,42,0.05,,raw_union_K20,0.25,14.6,gpt2_small,,
C,ag_news_gpt2_small,42,0.05,,dp_avg_eps2_K20,0.25,14.2,gpt2_small,,
C,ag_news_gpt2_small,42,0.05,,dp_avg_eps8_K20,0.25,14.3,gpt2_small,,
C,ag_news_gpt2_small,42,0.1,,no_phase0,0.25,13.8,gpt2_small,,
C,ag_news_gpt2_small,42,0.1,,labelled_probe_warmup,0.25,14.1,gpt2_small,,
C,ag_news_gpt2_small,42,0.1,,raw_union_K20,0.2541,14.8,gpt2_small,,
C,ag_news_gpt2_small,42,0.1,,dp_avg_eps2_K20,0.25,14.9,gpt2_small,,
C,ag_news_gpt2_small,42,0.1,,dp_avg_eps8_K20,0.25,14.6,gpt2_small,,
C,ag_news_gpt2_small,42,0.3,,no_phase0,0.25,14.1,gpt2_small,,
C,ag_news_gpt2_small,42,0.3,,labelled_probe_warmup,0.25,13.8,gpt2_small,,
C,ag_news_gpt2_small,42,0.3,,raw_union_K20,0.2612,14.3,gpt2_small,,
C,ag_news_gpt2_small,42,0.3,,dp_avg_eps2_K20,0.25,14.5,gpt2_small,,
C,ag_news_gpt2_small,42,0.3,,dp_avg_eps8_K20,0.2503,14.4,gpt2_small,,
C,ag_news_gpt2_small,42,1.0,,no_phase0,0.2538,14.4,gpt2_small,,
C,ag_news_gpt2_small,42,1.0,,labelled_probe_warmup,0.25,14.3,gpt2_small,,
C,ag_news_gpt2_small,42,1.0,,raw_union_K20,0.2828,14.1,gpt2_small,,
C,ag_news_gpt2_small,42,1.0,,dp_avg_eps2_K20,0.3522,14.4,gpt2_small,,
C,ag_news_gpt2_small,42,1.0,,dp_avg_eps8_K20,0.2817,15.2,gpt2_small,,
C,ag_news_gpt2_small,43,0.05,,no_phase0,0.25,14.6,gpt2_small,,
C,ag_news_gpt2_small,43,0.05,,labelled_probe_warmup,0.2553,13.8,gpt2_small,,
C,ag_news_gpt2_small,43,0.05,,raw_union_K20,0.2513,14.3,gpt2_small,,
C,ag_news_gpt2_small,43,0.05,,dp_avg_eps2_K20,0.25,14.2,gpt2_small,,
C,ag_news_gpt2_small,43,0.05,,dp_avg_eps8_K20,0.25,13.9,gpt2_small,,
C,ag_news_gpt2_small,43,0.1,,no_phase0,0.25,15.0,gpt2_small,,
C,ag_news_gpt2_small,43,0.1,,labelled_probe_warmup,0.25,14.1,gpt2_small,,
C,ag_news_gpt2_small,43,0.1,,raw_union_K20,0.25,14.3,gpt2_small,,
C,ag_news_gpt2_small,43,0.1,,dp_avg_eps2_K20,0.2497,14.1,gpt2_small,,
C,ag_news_gpt2_small,43,0.1,,dp_avg_eps8_K20,0.25,14.3,gpt2_small,,
C,ag_news_gpt2_small,43,0.3,,no_phase0,0.3011,14.7,gpt2_small,,
C,ag_news_gpt2_small,43,0.3,,labelled_probe_warmup,0.25,14.4,gpt2_small,,
C,ag_news_gpt2_small,43,0.3,,raw_union_K20,0.25,14.6,gpt2_small,,
C,ag_news_gpt2_small,43,0.3,,dp_avg_eps2_K20,0.3679,14.3,gpt2_small,,
C,ag_news_gpt2_small,43,0.3,,dp_avg_eps8_K20,0.25,14.6,gpt2_small,,
C,ag_news_gpt2_small,43,1.0,,no_phase0,0.2504,14.4,gpt2_small,,
C,ag_news_gpt2_small,43,1.0,,labelled_probe_warmup,0.25,14.7,gpt2_small,,
C,ag_news_gpt2_small,43,1.0,,raw_union_K20,0.2501,14.4,gpt2_small,,
C,ag_news_gpt2_small,43,1.0,,dp_avg_eps2_K20,0.2522,14.2,gpt2_small,,
C,ag_news_gpt2_small,43,1.0,,dp_avg_eps8_K20,0.25,14.8,gpt2_small,,
C,ag_news_gpt2_small,44,0.05,,no_phase0,0.25,13.1,gpt2_small,,
C,ag_news_gpt2_small,44,0.05,,labelled_probe_warmup,0.3857,12.9,gpt2_small,,
C,ag_news_gpt2_small,44,0.05,,raw_union_K20,0.25,13.3,gpt2_small,,
C,ag_news_gpt2_small,44,0.05,,dp_avg_eps2_K20,0.253,13.6,gpt2_small,,
C,ag_news_gpt2_small,44,0.05,,dp_avg_eps8_K20,0.25,13.4,gpt2_small,,
C,ag_news_gpt2_small,44,0.1,,no_phase0,0.25,14.5,gpt2_small,,
C,ag_news_gpt2_small,44,0.1,,labelled_probe_warmup,0.25,14.6,gpt2_small,,
C,ag_news_gpt2_small,44,0.1,,raw_union_K20,0.25,14.7,gpt2_small,,
C,ag_news_gpt2_small,44,0.1,,dp_avg_eps2_K20,0.4897,14.6,gpt2_small,,
C,ag_news_gpt2_small,44,0.1,,dp_avg_eps8_K20,0.25,15.0,gpt2_small,,
C,ag_news_gpt2_small,44,0.3,,no_phase0,0.347,14.0,gpt2_small,,
C,ag_news_gpt2_small,44,0.3,,labelled_probe_warmup,0.25,14.8,gpt2_small,,
C,ag_news_gpt2_small,44,0.3,,raw_union_K20,0.2688,14.6,gpt2_small,,
C,ag_news_gpt2_small,44,0.3,,dp_avg_eps2_K20,0.3013,14.9,gpt2_small,,
C,ag_news_gpt2_small,44,0.3,,dp_avg_eps8_K20,0.2534,14.2,gpt2_small,,
C,ag_news_gpt2_small,44,1.0,,no_phase0,0.3003,14.3,gpt2_small,,
C,ag_news_gpt2_small,44,1.0,,labelled_probe_warmup,0.253,14.1,gpt2_small,,
C,ag_news_gpt2_small,44,1.0,,raw_union_K20,0.2503,15.1,gpt2_small,,
C,ag_news_gpt2_small,44,1.0,,dp_avg_eps2_K20,0.2507,14.3,gpt2_small,,
C,ag_news_gpt2_small,44,1.0,,dp_avg_eps8_K20,0.3586,14.4,gpt2_small,,
D,cifar10_vit_b32,42,0.05,,dp_avg_eps0.5_K1,0.2544,10.2,vit_b32,0.5,1.0
D,cifar10_vit_b32,42,0.05,,dp_avg_eps0.5_K5,0.3171,10.4,vit_b32,0.5,5.0
D,cifar10_vit_b32,42,0.05,,dp_avg_eps0.5_K20,0.5384,10.7,vit_b32,0.5,20.0
D,cifar10_vit_b32,42,0.05,,dp_avg_eps2.0_K1,0.3287,10.0,vit_b32,2.0,1.0
D,cifar10_vit_b32,42,0.05,,dp_avg_eps2.0_K5,0.5607,10.6,vit_b32,2.0,5.0
D,cifar10_vit_b32,42,0.05,,dp_avg_eps2.0_K20,0.7017,10.1,vit_b32,2.0,20.0
D,cifar10_vit_b32,42,0.05,,dp_avg_eps8.0_K1,0.5073,10.9,vit_b32,8.0,1.0
D,cifar10_vit_b32,42,0.05,,dp_avg_eps8.0_K5,0.6959,10.5,vit_b32,8.0,5.0
D,cifar10_vit_b32,42,0.05,,dp_avg_eps8.0_K20,0.7773,10.8,vit_b32,8.0,20.0
D,cifar10_vit_b32,42,0.05,,dp_avg_eps32.0_K1,0.6351,10.5,vit_b32,32.0,1.0
D,cifar10_vit_b32,42,0.05,,dp_avg_eps32.0_K5,0.7843,10.9,vit_b32,32.0,5.0
D,cifar10_vit_b32,42,0.05,,dp_avg_eps32.0_K20,0.8043,10.3,vit_b32,32.0,20.0
D,cifar10_vit_b32,42,0.05,,dp_avg_epsinf_K1,0.7914,10.1,vit_b32,inf,1.0
D,cifar10_vit_b32,42,0.05,,dp_avg_epsinf_K5,0.8053,10.3,vit_b32,inf,5.0
D,cifar10_vit_b32,42,0.05,,dp_avg_epsinf_K20,0.8068,10.4,vit_b32,inf,20.0
D,cifar10_vit_b32,42,0.1,,dp_avg_eps0.5_K1,0.3331,10.3,vit_b32,0.5,1.0
D,cifar10_vit_b32,42,0.1,,dp_avg_eps0.5_K5,0.4579,10.3,vit_b32,0.5,5.0
D,cifar10_vit_b32,42,0.1,,dp_avg_eps0.5_K20,0.8058,10.2,vit_b32,0.5,20.0
D,cifar10_vit_b32,42,0.1,,dp_avg_eps2.0_K1,0.5017,10.9,vit_b32,2.0,1.0
D,cifar10_vit_b32,42,0.1,,dp_avg_eps2.0_K5,0.8208,11.1,vit_b32,2.0,5.0
D,cifar10_vit_b32,42,0.1,,dp_avg_eps2.0_K20,0.8747,10.5,vit_b32,2.0,20.0
D,cifar10_vit_b32,42,0.1,,dp_avg_eps8.0_K1,0.8033,10.2,vit_b32,8.0,1.0
D,cifar10_vit_b32,42,0.1,,dp_avg_eps8.0_K5,0.8788,10.3,vit_b32,8.0,5.0
D,cifar10_vit_b32,42,0.1,,dp_avg_eps8.0_K20,0.8993,10.9,vit_b32,8.0,20.0
D,cifar10_vit_b32,42,0.1,,dp_avg_eps32.0_K1,0.8699,10.2,vit_b32,32.0,1.0
D,cifar10_vit_b32,42,0.1,,dp_avg_eps32.0_K5,0.8999,10.8,vit_b32,32.0,5.0
D,cifar10_vit_b32,42,0.1,,dp_avg_eps32.0_K20,0.9044,11.0,vit_b32,32.0,20.0
D,cifar10_vit_b32,42,0.1,,dp_avg_epsinf_K1,0.8978,10.6,vit_b32,inf,1.0
D,cifar10_vit_b32,42,0.1,,dp_avg_epsinf_K5,0.9045,10.4,vit_b32,inf,5.0
D,cifar10_vit_b32,42,0.1,,dp_avg_epsinf_K20,0.9044,9.7,vit_b32,inf,20.0
D,cifar10_vit_b32,42,1.0,,dp_avg_eps0.5_K1,0.7029,10.1,vit_b32,0.5,1.0
D,cifar10_vit_b32,42,1.0,,dp_avg_eps0.5_K5,0.9092,10.5,vit_b32,0.5,5.0
D,cifar10_vit_b32,42,1.0,,dp_avg_eps0.5_K20,0.9612,10.2,vit_b32,0.5,20.0
D,cifar10_vit_b32,42,1.0,,dp_avg_eps2.0_K1,0.8765,10.6,vit_b32,2.0,1.0
D,cifar10_vit_b32,42,1.0,,dp_avg_eps2.0_K5,0.9606,10.5,vit_b32,2.0,5.0
D,cifar10_vit_b32,42,1.0,,dp_avg_eps2.0_K20,0.9633,9.9,vit_b32,2.0,20.0
D,cifar10_vit_b32,42,1.0,,dp_avg_eps8.0_K1,0.9596,10.1,vit_b32,8.0,1.0
D,cifar10_vit_b32,42,1.0,,dp_avg_eps8.0_K5,0.9623,10.1,vit_b32,8.0,5.0
D,cifar10_vit_b32,42,1.0,,dp_avg_eps8.0_K20,0.9634,10.1,vit_b32,8.0,20.0
D,cifar10_vit_b32,42,1.0,,dp_avg_eps32.0_K1,0.963,10.1,vit_b32,32.0,1.0
D,cifar10_vit_b32,42,1.0,,dp_avg_eps32.0_K5,0.963,10.5,vit_b32,32.0,5.0
D,cifar10_vit_b32,42,1.0,,dp_avg_eps32.0_K20,0.9631,10.6,vit_b32,32.0,20.0
D,cifar10_vit_b32,42,1.0,,dp_avg_epsinf_K1,0.9628,10.2,vit_b32,inf,1.0
D,cifar10_vit_b32,42,1.0,,dp_avg_epsinf_K5,0.9629,10.1,vit_b32,inf,5.0
D,cifar10_vit_b32,42,1.0,,dp_avg_epsinf_K20,0.9631,10.0,vit_b32,inf,20.0
D,cifar10_vit_b32,43,0.05,,dp_avg_eps0.5_K1,0.1953,10.1,vit_b32,0.5,1.0
D,cifar10_vit_b32,43,0.05,,dp_avg_eps0.5_K5,0.3362,10.2,vit_b32,0.5,5.0
D,cifar10_vit_b32,43,0.05,,dp_avg_eps0.5_K20,0.6447,9.9,vit_b32,0.5,20.0
D,cifar10_vit_b32,43,0.05,,dp_avg_eps2.0_K1,0.2916,11.0,vit_b32,2.0,1.0
D,cifar10_vit_b32,43,0.05,,dp_avg_eps2.0_K5,0.5483,10.3,vit_b32,2.0,5.0
D,cifar10_vit_b32,43,0.05,,dp_avg_eps2.0_K20,0.6533,10.7,vit_b32,2.0,20.0
D,cifar10_vit_b32,43,0.05,,dp_avg_eps8.0_K1,0.5165,10.3,vit_b32,8.0,1.0
D,cifar10_vit_b32,43,0.05,,dp_avg_eps8.0_K5,0.6171,10.8,vit_b32,8.0,5.0
D,cifar10_vit_b32,43,0.05,,dp_avg_eps8.0_K20,0.7529,10.2,vit_b32,8.0,20.0
D,cifar10_vit_b32,43,0.05,,dp_avg_eps32.0_K1,0.5837,10.7,vit_b32,32.0,1.0
D,cifar10_vit_b32,43,0.05,,dp_avg_eps32.0_K5,0.7354,10.2,vit_b32,32.0,5.0
D,cifar10_vit_b32,43,0.05,,dp_avg_eps32.0_K20,0.7701,10.1,vit_b32,32.0,20.0
D,cifar10_vit_b32,43,0.05,,dp_avg_epsinf_K1,0.7578,10.3,vit_b32,inf,1.0
D,cifar10_vit_b32,43,0.05,,dp_avg_epsinf_K5,0.7759,10.1,vit_b32,inf,5.0
D,cifar10_vit_b32,43,0.05,,dp_avg_epsinf_K20,0.7706,10.1,vit_b32,inf,20.0
D,cifar10_vit_b32,43,0.1,,dp_avg_eps0.5_K1,0.3677,10.4,vit_b32,0.5,1.0
D,cifar10_vit_b32,43,0.1,,dp_avg_eps0.5_K5,0.5605,10.3,vit_b32,0.5,5.0
D,cifar10_vit_b32,43,0.1,,dp_avg_eps0.5_K20,0.8089,10.2,vit_b32,0.5,20.0
D,cifar10_vit_b32,43,0.1,,dp_avg_eps2.0_K1,0.5247,10.9,vit_b32,2.0,1.0
D,cifar10_vit_b32,43,0.1,,dp_avg_eps2.0_K5,0.8186,10.2,vit_b32,2.0,5.0
D,cifar10_vit_b32,43,0.1,,dp_avg_eps2.0_K20,0.861,10.0,vit_b32,2.0,20.0
D,cifar10_vit_b32,43,0.1,,dp_avg_eps8.0_K1,0.8073,10.0,vit_b32,8.0,1.0
D,cifar10_vit_b32,43,0.1,,dp_avg_eps8.0_K5,0.853,10.3,vit_b32,8.0,5.0
D,cifar10_vit_b32,43,0.1,,dp_avg_eps8.0_K20,0.8779,10.4,vit_b32,8.0,20.0
D,cifar10_vit_b32,43,0.1,,dp_avg_eps32.0_K1,0.8428,10.4,vit_b32,32.0,1.0
D,cifar10_vit_b32,43,0.1,,dp_avg_eps32.0_K5,0.8777,10.4,vit_b32,32.0,5.0
D,cifar10_vit_b32,43,0.1,,dp_avg_eps32.0_K20,0.8814,10.0,vit_b32,32.0,20.0
D,cifar10_vit_b32,43,0.1,,dp_avg_epsinf_K1,0.8779,10.3,vit_b32,inf,1.0
D,cifar10_vit_b32,43,0.1,,dp_avg_epsinf_K5,0.8799,10.2,vit_b32,inf,5.0
D,cifar10_vit_b32,43,0.1,,dp_avg_epsinf_K20,0.8792,10.4,vit_b32,inf,20.0
D,cifar10_vit_b32,43,1.0,,dp_avg_eps0.5_K1,0.6983,10.2,vit_b32,0.5,1.0
D,cifar10_vit_b32,43,1.0,,dp_avg_eps0.5_K5,0.9131,10.1,vit_b32,0.5,5.0
D,cifar10_vit_b32,43,1.0,,dp_avg_eps0.5_K20,0.9588,10.0,vit_b32,0.5,20.0
D,cifar10_vit_b32,43,1.0,,dp_avg_eps2.0_K1,0.8752,10.3,vit_b32,2.0,1.0
D,cifar10_vit_b32,43,1.0,,dp_avg_eps2.0_K5,0.9608,10.6,vit_b32,2.0,5.0
D,cifar10_vit_b32,43,1.0,,dp_avg_eps2.0_K20,0.962,10.1,vit_b32,2.0,20.0
D,cifar10_vit_b32,43,1.0,,dp_avg_eps8.0_K1,0.9559,10.9,vit_b32,8.0,1.0
D,cifar10_vit_b32,43,1.0,,dp_avg_eps8.0_K5,0.9625,9.8,vit_b32,8.0,5.0
D,cifar10_vit_b32,43,1.0,,dp_avg_eps8.0_K20,0.9624,10.0,vit_b32,8.0,20.0
D,cifar10_vit_b32,43,1.0,,dp_avg_eps32.0_K1,0.9616,10.4,vit_b32,32.0,1.0
D,cifar10_vit_b32,43,1.0,,dp_avg_eps32.0_K5,0.9625,10.4,vit_b32,32.0,5.0
D,cifar10_vit_b32,43,1.0,,dp_avg_eps32.0_K20,0.9624,10.3,vit_b32,32.0,20.0
D,cifar10_vit_b32,43,1.0,,dp_avg_epsinf_K1,0.9629,10.0,vit_b32,inf,1.0
D,cifar10_vit_b32,43,1.0,,dp_avg_epsinf_K5,0.9627,10.2,vit_b32,inf,5.0
D,cifar10_vit_b32,43,1.0,,dp_avg_epsinf_K20,0.963,10.4,vit_b32,inf,20.0
D,cifar10_vit_b32,44,0.05,,dp_avg_eps0.5_K1,0.3531,10.2,vit_b32,0.5,1.0
D,cifar10_vit_b32,44,0.05,,dp_avg_eps0.5_K5,0.4616,10.0,vit_b32,0.5,5.0
D,cifar10_vit_b32,44,0.05,,dp_avg_eps0.5_K20,0.6577,10.2,vit_b32,0.5,20.0
D,cifar10_vit_b32,44,0.05,,dp_avg_eps2.0_K1,0.4547,10.2,vit_b32,2.0,1.0
D,cifar10_vit_b32,44,0.05,,dp_avg_eps2.0_K5,0.6854,10.0,vit_b32,2.0,5.0
D,cifar10_vit_b32,44,0.05,,dp_avg_eps2.0_K20,0.7283,10.2,vit_b32,2.0,20.0
D,cifar10_vit_b32,44,0.05,,dp_avg_eps8.0_K1,0.7092,10.7,vit_b32,8.0,1.0
D,cifar10_vit_b32,44,0.05,,dp_avg_eps8.0_K5,0.7449,10.5,vit_b32,8.0,5.0
D,cifar10_vit_b32,44,0.05,,dp_avg_eps8.0_K20,0.8303,10.3,vit_b32,8.0,20.0
D,cifar10_vit_b32,44,0.05,,dp_avg_eps32.0_K1,0.7221,10.0,vit_b32,32.0,1.0
D,cifar10_vit_b32,44,0.05,,dp_avg_eps32.0_K5,0.836,9.9,vit_b32,32.0,5.0
D,cifar10_vit_b32,44,0.05,,dp_avg_eps32.0_K20,0.8465,10.3,vit_b32,32.0,20.0
D,cifar10_vit_b32,44,0.05,,dp_avg_epsinf_K1,0.8314,10.6,vit_b32,inf,1.0
D,cifar10_vit_b32,44,0.05,,dp_avg_epsinf_K5,0.8456,10.3,vit_b32,inf,5.0
D,cifar10_vit_b32,44,0.05,,dp_avg_epsinf_K20,0.8438,10.3,vit_b32,inf,20.0
D,cifar10_vit_b32,44,0.1,,dp_avg_eps0.5_K1,0.3453,10.4,vit_b32,0.5,1.0
D,cifar10_vit_b32,44,0.1,,dp_avg_eps0.5_K5,0.5685,10.3,vit_b32,0.5,5.0
D,cifar10_vit_b32,44,0.1,,dp_avg_eps0.5_K20,0.718,10.2,vit_b32,0.5,20.0
D,cifar10_vit_b32,44,0.1,,dp_avg_eps2.0_K1,0.4803,10.3,vit_b32,2.0,1.0
D,cifar10_vit_b32,44,0.1,,dp_avg_eps2.0_K5,0.7418,10.2,vit_b32,2.0,5.0
D,cifar10_vit_b32,44,0.1,,dp_avg_eps2.0_K20,0.7731,10.4,vit_b32,2.0,20.0
D,cifar10_vit_b32,44,0.1,,dp_avg_eps8.0_K1,0.6722,10.6,vit_b32,8.0,1.0
D,cifar10_vit_b32,44,0.1,,dp_avg_eps8.0_K5,0.7776,10.4,vit_b32,8.0,5.0
D,cifar10_vit_b32,44,0.1,,dp_avg_eps8.0_K20,0.8523,10.1,vit_b32,8.0,20.0
D,cifar10_vit_b32,44,0.1,,dp_avg_eps32.0_K1,0.7536,10.3,vit_b32,32.0,1.0
D,cifar10_vit_b32,44,0.1,,dp_avg_eps32.0_K5,0.8505,10.2,vit_b32,32.0,5.0
D,cifar10_vit_b32,44,0.1,,dp_avg_eps32.0_K20,0.8656,10.7,vit_b32,32.0,20.0
D,cifar10_vit_b32,44,0.1,,dp_avg_epsinf_K1,0.8569,10.2,vit_b32,inf,1.0
D,cifar10_vit_b32,44,0.1,,dp_avg_epsinf_K5,0.8661,10.1,vit_b32,inf,5.0
D,cifar10_vit_b32,44,0.1,,dp_avg_epsinf_K20,0.8688,10.2,vit_b32,inf,20.0
D,cifar10_vit_b32,44,1.0,,dp_avg_eps0.5_K1,0.6903,10.2,vit_b32,0.5,1.0
D,cifar10_vit_b32,44,1.0,,dp_avg_eps0.5_K5,0.9053,10.2,vit_b32,0.5,5.0
D,cifar10_vit_b32,44,1.0,,dp_avg_eps0.5_K20,0.9587,10.5,vit_b32,0.5,20.0
D,cifar10_vit_b32,44,1.0,,dp_avg_eps2.0_K1,0.8711,10.0,vit_b32,2.0,1.0
D,cifar10_vit_b32,44,1.0,,dp_avg_eps2.0_K5,0.9587,10.4,vit_b32,2.0,5.0
D,cifar10_vit_b32,44,1.0,,dp_avg_eps2.0_K20,0.9609,10.4,vit_b32,2.0,20.0
D,cifar10_vit_b32,44,1.0,,dp_avg_eps8.0_K1,0.958,10.1,vit_b32,8.0,1.0
D,cifar10_vit_b32,44,1.0,,dp_avg_eps8.0_K5,0.9613,9.9,vit_b32,8.0,5.0
D,cifar10_vit_b32,44,1.0,,dp_avg_eps8.0_K20,0.9624,9.8,vit_b32,8.0,20.0
D,cifar10_vit_b32,44,1.0,,dp_avg_eps32.0_K1,0.9623,10.0,vit_b32,32.0,1.0
D,cifar10_vit_b32,44,1.0,,dp_avg_eps32.0_K5,0.9621,10.1,vit_b32,32.0,5.0
D,cifar10_vit_b32,44,1.0,,dp_avg_eps32.0_K20,0.9626,10.5,vit_b32,32.0,20.0
D,cifar10_vit_b32,44,1.0,,dp_avg_epsinf_K1,0.9624,10.3,vit_b32,inf,1.0
D,cifar10_vit_b32,44,1.0,,dp_avg_epsinf_K5,0.9621,10.2,vit_b32,inf,5.0
D,cifar10_vit_b32,44,1.0,,dp_avg_epsinf_K20,0.9625,9.9,vit_b32,inf,20.0
D,ag_news_distilbert,42,0.05,,dp_avg_eps0.5_K1,0.3911,14.8,distilbert,0.5,1.0
D,ag_news_distilbert,42,0.05,,dp_avg_eps0.5_K5,0.5037,14.7,distilbert,0.5,5.0
D,ag_news_distilbert,42,0.05,,dp_avg_eps0.5_K20,0.3447,14.7,distilbert,0.5,20.0
D,ag_news_distilbert,42,0.05,,dp_avg_eps2.0_K1,0.4263,14.3,distilbert,2.0,1.0
D,ag_news_distilbert,42,0.05,,dp_avg_eps2.0_K5,0.3957,14.4,distilbert,2.0,5.0
D,ag_news_distilbert,42,0.05,,dp_avg_eps2.0_K20,0.3911,15.3,distilbert,2.0,20.0
D,ag_news_distilbert,42,0.05,,dp_avg_eps8.0_K1,0.3893,14.5,distilbert,8.0,1.0
D,ag_news_distilbert,42,0.05,,dp_avg_eps8.0_K5,0.4212,14.4,distilbert,8.0,5.0
D,ag_news_distilbert,42,0.05,,dp_avg_eps8.0_K20,0.4099,14.7,distilbert,8.0,20.0
D,ag_news_distilbert,42,0.05,,dp_avg_eps32.0_K1,0.39,14.8,distilbert,32.0,1.0
D,ag_news_distilbert,42,0.05,,dp_avg_eps32.0_K5,0.4191,15.6,distilbert,32.0,5.0
D,ag_news_distilbert,42,0.05,,dp_avg_eps32.0_K20,0.4125,15.7,distilbert,32.0,20.0
D,ag_news_distilbert,42,0.05,,dp_avg_epsinf_K1,0.3926,14.7,distilbert,inf,1.0
D,ag_news_distilbert,42,0.05,,dp_avg_epsinf_K5,0.4118,14.7,distilbert,inf,5.0
D,ag_news_distilbert,42,0.05,,dp_avg_epsinf_K20,0.4154,14.2,distilbert,inf,20.0
D,ag_news_distilbert,42,0.1,,dp_avg_eps0.5_K1,0.2801,14.9,distilbert,0.5,1.0
D,ag_news_distilbert,42,0.1,,dp_avg_eps0.5_K5,0.3464,14.7,distilbert,0.5,5.0
D,ag_news_distilbert,42,0.1,,dp_avg_eps0.5_K20,0.3258,14.7,distilbert,0.5,20.0
D,ag_news_distilbert,42,0.1,,dp_avg_eps2.0_K1,0.2987,14.9,distilbert,2.0,1.0
D,ag_news_distilbert,42,0.1,,dp_avg_eps2.0_K5,0.33,14.0,distilbert,2.0,5.0
D,ag_news_distilbert,42,0.1,,dp_avg_eps2.0_K20,0.333,14.6,distilbert,2.0,20.0
D,ag_news_distilbert,42,0.1,,dp_avg_eps8.0_K1,0.3199,15.7,distilbert,8.0,1.0
D,ag_news_distilbert,42,0.1,,dp_avg_eps8.0_K5,0.333,14.3,distilbert,8.0,5.0
D,ag_news_distilbert,42,0.1,,dp_avg_eps8.0_K20,0.3342,14.7,distilbert,8.0,20.0
D,ag_news_distilbert,42,0.1,,dp_avg_eps32.0_K1,0.3278,14.6,distilbert,32.0,1.0
D,ag_news_distilbert,42,0.1,,dp_avg_eps32.0_K5,0.3332,14.7,distilbert,32.0,5.0
D,ag_news_distilbert,42,0.1,,dp_avg_eps32.0_K20,0.3337,14.8,distilbert,32.0,20.0
D,ag_news_distilbert,42,0.1,,dp_avg_epsinf_K1,0.3326,14.4,distilbert,inf,1.0
D,ag_news_distilbert,42,0.1,,dp_avg_epsinf_K5,0.3333,14.6,distilbert,inf,5.0
D,ag_news_distilbert,42,0.1,,dp_avg_epsinf_K20,0.333,14.7,distilbert,inf,20.0
D,ag_news_distilbert,42,1.0,,dp_avg_eps0.5_K1,0.5703,14.5,distilbert,0.5,1.0
D,ag_news_distilbert,42,1.0,,dp_avg_eps0.5_K5,0.8514,14.5,distilbert,0.5,5.0
D,ag_news_distilbert,42,1.0,,dp_avg_eps0.5_K20,0.8586,14.7,distilbert,0.5,20.0
D,ag_news_distilbert,42,1.0,,dp_avg_eps2.0_K1,0.8417,15.2,distilbert,2.0,1.0
D,ag_news_distilbert,42,1.0,,dp_avg_eps2.0_K5,0.8579,14.6,distilbert,2.0,5.0
D,ag_news_distilbert,42,1.0,,dp_avg_eps2.0_K20,0.8605,14.4,distilbert,2.0,20.0
D,ag_news_distilbert,42,1.0,,dp_avg_eps8.0_K1,0.8587,14.5,distilbert,8.0,1.0
D,ag_news_distilbert,42,1.0,,dp_avg_eps8.0_K5,0.8597,14.8,distilbert,8.0,5.0
D,ag_news_distilbert,42,1.0,,dp_avg_eps8.0_K20,0.86,14.5,distilbert,8.0,20.0
D,ag_news_distilbert,42,1.0,,dp_avg_eps32.0_K1,0.8604,14.5,distilbert,32.0,1.0
D,ag_news_distilbert,42,1.0,,dp_avg_eps32.0_K5,0.86,14.5,distilbert,32.0,5.0
D,ag_news_distilbert,42,1.0,,dp_avg_eps32.0_K20,0.8599,14.8,distilbert,32.0,20.0
D,ag_news_distilbert,42,1.0,,dp_avg_epsinf_K1,0.8609,14.9,distilbert,inf,1.0
D,ag_news_distilbert,42,1.0,,dp_avg_epsinf_K5,0.8601,14.7,distilbert,inf,5.0
D,ag_news_distilbert,42,1.0,,dp_avg_epsinf_K20,0.8603,14.8,distilbert,inf,20.0
D,ag_news_distilbert,43,0.05,,dp_avg_eps0.5_K1,0.3005,14.8,distilbert,0.5,1.0
D,ag_news_distilbert,43,0.05,,dp_avg_eps0.5_K5,0.2686,15.3,distilbert,0.5,5.0
D,ag_news_distilbert,43,0.05,,dp_avg_eps0.5_K20,0.2671,14.4,distilbert,0.5,20.0
D,ag_news_distilbert,43,0.05,,dp_avg_eps2.0_K1,0.2529,14.9,distilbert,2.0,1.0
D,ag_news_distilbert,43,0.05,,dp_avg_eps2.0_K5,0.2679,14.1,distilbert,2.0,5.0
D,ag_news_distilbert,43,0.05,,dp_avg_eps2.0_K20,0.2728,14.1,distilbert,2.0,20.0
D,ag_news_distilbert,43,0.05,,dp_avg_eps8.0_K1,0.2593,14.2,distilbert,8.0,1.0
D,ag_news_distilbert,43,0.05,,dp_avg_eps8.0_K5,0.2738,13.8,distilbert,8.0,5.0
D,ag_news_distilbert,43,0.05,,dp_avg_eps8.0_K20,0.2746,14.0,distilbert,8.0,20.0
D,ag_news_distilbert,43,0.05,,dp_avg_eps32.0_K1,0.2684,14.8,distilbert,32.0,1.0
D,ag_news_distilbert,43,0.05,,dp_avg_eps32.0_K5,0.2745,15.5,distilbert,32.0,5.0
D,ag_news_distilbert,43,0.05,,dp_avg_eps32.0_K20,0.2747,14.1,distilbert,32.0,20.0
D,ag_news_distilbert,43,0.05,,dp_avg_epsinf_K1,0.2741,14.5,distilbert,inf,1.0
D,ag_news_distilbert,43,0.05,,dp_avg_epsinf_K5,0.2737,14.1,distilbert,inf,5.0
D,ag_news_distilbert,43,0.05,,dp_avg_epsinf_K20,0.2753,14.4,distilbert,inf,20.0
D,ag_news_distilbert,43,0.1,,dp_avg_eps0.5_K1,0.4496,14.8,distilbert,0.5,1.0
D,ag_news_distilbert,43,0.1,,dp_avg_eps0.5_K5,0.5933,14.7,distilbert,0.5,5.0
D,ag_news_distilbert,43,0.1,,dp_avg_eps0.5_K20,0.5954,14.5,distilbert,0.5,20.0
D,ag_news_distilbert,43,0.1,,dp_avg_eps2.0_K1,0.5764,14.4,distilbert,2.0,1.0
D,ag_news_distilbert,43,0.1,,dp_avg_eps2.0_K5,0.5963,14.7,distilbert,2.0,5.0
D,ag_news_distilbert,43,0.1,,dp_avg_eps2.0_K20,0.6103,14.7,distilbert,2.0,20.0
D,ag_news_distilbert,43,0.1,,dp_avg_eps8.0_K1,0.6021,15.3,distilbert,8.0,1.0
D,ag_news_distilbert,43,0.1,,dp_avg_eps8.0_K5,0.6128,14.7,distilbert,8.0,5.0
D,ag_news_distilbert,43,0.1,,dp_avg_eps8.0_K20,0.6162,14.5,distilbert,8.0,20.0
D,ag_news_distilbert,43,0.1,,dp_avg_eps32.0_K1,0.6137,14.7,distilbert,32.0,1.0
D,ag_news_distilbert,43,0.1,,dp_avg_eps32.0_K5,0.618,14.2,distilbert,32.0,5.0
D,ag_news_distilbert,43,0.1,,dp_avg_eps32.0_K20,0.618,15.2,distilbert,32.0,20.0
D,ag_news_distilbert,43,0.1,,dp_avg_epsinf_K1,0.6179,14.7,distilbert,inf,1.0
D,ag_news_distilbert,43,0.1,,dp_avg_epsinf_K5,0.6188,14.6,distilbert,inf,5.0
D,ag_news_distilbert,43,0.1,,dp_avg_epsinf_K20,0.6186,14.2,distilbert,inf,20.0
D,ag_news_distilbert,43,1.0,,dp_avg_eps0.5_K1,0.5941,14.2,distilbert,0.5,1.0
D,ag_news_distilbert,43,1.0,,dp_avg_eps0.5_K5,0.8421,14.3,distilbert,0.5,5.0
D,ag_news_distilbert,43,1.0,,dp_avg_eps0.5_K20,0.8566,14.7,distilbert,0.5,20.0
D,ag_news_distilbert,43,1.0,,dp_avg_eps2.0_K1,0.8167,14.5,distilbert,2.0,1.0
D,ag_news_distilbert,43,1.0,,dp_avg_eps2.0_K5,0.8553,14.6,distilbert,2.0,5.0
D,ag_news_distilbert,43,1.0,,dp_avg_eps2.0_K20,0.8568,14.8,distilbert,2.0,20.0
D,ag_news_distilbert,43,1.0,,dp_avg_eps8.0_K1,0.853,14.1,distilbert,8.0,1.0
D,ag_news_distilbert,43,1.0,,dp_avg_eps8.0_K5,0.8561,14.8,distilbert,8.0,5.0
D,ag_news_distilbert,43,1.0,,dp_avg_eps8.0_K20,0.8574,15.2,distilbert,8.0,20.0
D,ag_news_distilbert,43,1.0,,dp_avg_eps32.0_K1,0.8553,14.9,distilbert,32.0,1.0
D,ag_news_distilbert,43,1.0,,dp_avg_eps32.0_K5,0.8572,14.7,distilbert,32.0,5.0
D,ag_news_distilbert,43,1.0,,dp_avg_eps32.0_K20,0.8559,15.0,distilbert,32.0,20.0
D,ag_news_distilbert,43,1.0,,dp_avg_epsinf_K1,0.8559,14.6,distilbert,inf,1.0
D,ag_news_distilbert,43,1.0,,dp_avg_epsinf_K5,0.8563,14.7,distilbert,inf,5.0
D,ag_news_distilbert,43,1.0,,dp_avg_epsinf_K20,0.8566,14.0,distilbert,inf,20.0
D,ag_news_distilbert,44,0.05,,dp_avg_eps0.5_K1,0.425,13.1,distilbert,0.5,1.0
D,ag_news_distilbert,44,0.05,,dp_avg_eps0.5_K5,0.4666,13.2,distilbert,0.5,5.0
D,ag_news_distilbert,44,0.05,,dp_avg_eps0.5_K20,0.4718,13.2,distilbert,0.5,20.0
D,ag_news_distilbert,44,0.05,,dp_avg_eps2.0_K1,0.4676,13.1,distilbert,2.0,1.0
D,ag_news_distilbert,44,0.05,,dp_avg_eps2.0_K5,0.4724,12.8,distilbert,2.0,5.0
D,ag_news_distilbert,44,0.05,,dp_avg_eps2.0_K20,0.4724,13.1,distilbert,2.0,20.0
D,ag_news_distilbert,44,0.05,,dp_avg_eps8.0_K1,0.4709,13.3,distilbert,8.0,1.0
D,ag_news_distilbert,44,0.05,,dp_avg_eps8.0_K5,0.4721,13.2,distilbert,8.0,5.0
D,ag_news_distilbert,44,0.05,,dp_avg_eps8.0_K20,0.4726,13.5,distilbert,8.0,20.0
D,ag_news_distilbert,44,0.05,,dp_avg_eps32.0_K1,0.472,13.9,distilbert,32.0,1.0
D,ag_news_distilbert,44,0.05,,dp_avg_eps32.0_K5,0.4724,13.3,distilbert,32.0,5.0
D,ag_news_distilbert,44,0.05,,dp_avg_eps32.0_K20,0.4726,13.2,distilbert,32.0,20.0
D,ag_news_distilbert,44,0.05,,dp_avg_epsinf_K1,0.4726,13.4,distilbert,inf,1.0
D,ag_news_distilbert,44,0.05,,dp_avg_epsinf_K5,0.4726,13.1,distilbert,inf,5.0
D,ag_news_distilbert,44,0.05,,dp_avg_epsinf_K20,0.4725,13.4,distilbert,inf,20.0
D,ag_news_distilbert,44,0.1,,dp_avg_eps0.5_K1,0.4321,14.0,distilbert,0.5,1.0
D,ag_news_distilbert,44,0.1,,dp_avg_eps0.5_K5,0.6037,14.3,distilbert,0.5,5.0
D,ag_news_distilbert,44,0.1,,dp_avg_eps0.5_K20,0.6075,14.0,distilbert,0.5,20.0
D,ag_news_distilbert,44,0.1,,dp_avg_eps2.0_K1,0.5917,14.8,distilbert,2.0,1.0
D,ag_news_distilbert,44,0.1,,dp_avg_eps2.0_K5,0.5986,14.2,distilbert,2.0,5.0
D,ag_news_distilbert,44,0.1,,dp_avg_eps2.0_K20,0.6121,14.3,distilbert,2.0,20.0
D,ag_news_distilbert,44,0.1,,dp_avg_eps8.0_K1,0.6008,14.2,distilbert,8.0,1.0
D,ag_news_distilbert,44,0.1,,dp_avg_eps8.0_K5,0.6075,14.6,distilbert,8.0,5.0
D,ag_news_distilbert,44,0.1,,dp_avg_eps8.0_K20,0.6117,14.5,distilbert,8.0,20.0
D,ag_news_distilbert,44,0.1,,dp_avg_eps32.0_K1,0.6058,14.5,distilbert,32.0,1.0
D,ag_news_distilbert,44,0.1,,dp_avg_eps32.0_K5,0.6117,14.2,distilbert,32.0,5.0
D,ag_news_distilbert,44,0.1,,dp_avg_eps32.0_K20,0.6113,14.6,distilbert,32.0,20.0
D,ag_news_distilbert,44,0.1,,dp_avg_epsinf_K1,0.6103,15.1,distilbert,inf,1.0
D,ag_news_distilbert,44,0.1,,dp_avg_epsinf_K5,0.6111,14.7,distilbert,inf,5.0
D,ag_news_distilbert,44,0.1,,dp_avg_epsinf_K20,0.6109,15.1,distilbert,inf,20.0
D,ag_news_distilbert,44,1.0,,dp_avg_eps0.5_K1,0.6907,14.0,distilbert,0.5,1.0
D,ag_news_distilbert,44,1.0,,dp_avg_eps0.5_K5,0.8413,14.3,distilbert,0.5,5.0
D,ag_news_distilbert,44,1.0,,dp_avg_eps0.5_K20,0.8588,14.1,distilbert,0.5,20.0
D,ag_news_distilbert,44,1.0,,dp_avg_eps2.0_K1,0.8445,13.9,distilbert,2.0,1.0
D,ag_news_distilbert,44,1.0,,dp_avg_eps2.0_K5,0.8564,13.9,distilbert,2.0,5.0
D,ag_news_distilbert,44,1.0,,dp_avg_eps2.0_K20,0.8592,14.7,distilbert,2.0,20.0
D,ag_news_distilbert,44,1.0,,dp_avg_eps8.0_K1,0.8589,14.2,distilbert,8.0,1.0
D,ag_news_distilbert,44,1.0,,dp_avg_eps8.0_K5,0.8588,14.4,distilbert,8.0,5.0
D,ag_news_distilbert,44,1.0,,dp_avg_eps8.0_K20,0.8588,14.0,distilbert,8.0,20.0
D,ag_news_distilbert,44,1.0,,dp_avg_eps32.0_K1,0.8596,14.7,distilbert,32.0,1.0
D,ag_news_distilbert,44,1.0,,dp_avg_eps32.0_K5,0.8588,14.5,distilbert,32.0,5.0
D,ag_news_distilbert,44,1.0,,dp_avg_eps32.0_K20,0.8592,14.7,distilbert,32.0,20.0
D,ag_news_distilbert,44,1.0,,dp_avg_epsinf_K1,0.8584,14.7,distilbert,inf,1.0
D,ag_news_distilbert,44,1.0,,dp_avg_epsinf_K5,0.8592,14.2,distilbert,inf,5.0
D,ag_news_distilbert,44,1.0,,dp_avg_epsinf_K20,0.8584,14.6,distilbert,inf,20.0
D,ag_news_gpt2_small,42,0.05,,dp_avg_eps0.5_K1,0.2649,14.3,gpt2_small,0.5,1.0
D,ag_news_gpt2_small,42,0.05,,dp_avg_eps0.5_K5,0.25,14.5,gpt2_small,0.5,5.0
D,ag_news_gpt2_small,42,0.05,,dp_avg_eps0.5_K20,0.2608,15.1,gpt2_small,0.5,20.0
D,ag_news_gpt2_small,42,0.05,,dp_avg_eps2.0_K1,0.2628,14.6,gpt2_small,2.0,1.0
D,ag_news_gpt2_small,42,0.05,,dp_avg_eps2.0_K5,0.25,14.1,gpt2_small,2.0,5.0
D,ag_news_gpt2_small,42,0.05,,dp_avg_eps2.0_K20,0.25,14.1,gpt2_small,2.0,20.0
D,ag_news_gpt2_small,42,0.05,,dp_avg_eps8.0_K1,0.25,14.4,gpt2_small,8.0,1.0
D,ag_news_gpt2_small,42,0.05,,dp_avg_eps8.0_K5,0.25,14.1,gpt2_small,8.0,5.0
D,ag_news_gpt2_small,42,0.05,,dp_avg_eps8.0_K20,0.25,14.9,gpt2_small,8.0,20.0
D,ag_news_gpt2_small,42,0.05,,dp_avg_eps32.0_K1,0.25,14.6,gpt2_small,32.0,1.0
D,ag_news_gpt2_small,42,0.05,,dp_avg_eps32.0_K5,0.25,13.8,gpt2_small,32.0,5.0
D,ag_news_gpt2_small,42,0.05,,dp_avg_eps32.0_K20,0.25,14.3,gpt2_small,32.0,20.0
D,ag_news_gpt2_small,42,0.05,,dp_avg_epsinf_K1,0.25,14.0,gpt2_small,inf,1.0
D,ag_news_gpt2_small,42,0.05,,dp_avg_epsinf_K5,0.25,13.9,gpt2_small,inf,5.0
D,ag_news_gpt2_small,42,0.05,,dp_avg_epsinf_K20,0.25,15.2,gpt2_small,inf,20.0
D,ag_news_gpt2_small,42,0.1,,dp_avg_eps0.5_K1,0.25,14.7,gpt2_small,0.5,1.0
D,ag_news_gpt2_small,42,0.1,,dp_avg_eps0.5_K5,0.25,14.0,gpt2_small,0.5,5.0
D,ag_news_gpt2_small,42,0.1,,dp_avg_eps0.5_K20,0.25,14.3,gpt2_small,0.5,20.0
D,ag_news_gpt2_small,42,0.1,,dp_avg_eps2.0_K1,0.2538,14.1,gpt2_small,2.0,1.0
D,ag_news_gpt2_small,42,0.1,,dp_avg_eps2.0_K5,0.25,14.2,gpt2_small,2.0,5.0
D,ag_news_gpt2_small,42,0.1,,dp_avg_eps2.0_K20,0.25,14.2,gpt2_small,2.0,20.0
D,ag_news_gpt2_small,42,0.1,,dp_avg_eps8.0_K1,0.25,14.5,gpt2_small,8.0,1.0
D,ag_news_gpt2_small,42,0.1,,dp_avg_eps8.0_K5,0.3611,14.0,gpt2_small,8.0,5.0
D,ag_news_gpt2_small,42,0.1,,dp_avg_eps8.0_K20,0.25,14.0,gpt2_small,8.0,20.0
D,ag_news_gpt2_small,42,0.1,,dp_avg_eps32.0_K1,0.25,14.3,gpt2_small,32.0,1.0
D,ag_news_gpt2_small,42,0.1,,dp_avg_eps32.0_K5,0.2504,14.3,gpt2_small,32.0,5.0
D,ag_news_gpt2_small,42,0.1,,dp_avg_eps32.0_K20,0.25,14.9,gpt2_small,32.0,20.0
D,ag_news_gpt2_small,42,0.1,,dp_avg_epsinf_K1,0.2501,14.8,gpt2_small,inf,1.0
D,ag_news_gpt2_small,42,0.1,,dp_avg_epsinf_K5,0.25,14.4,gpt2_small,inf,5.0
D,ag_news_gpt2_small,42,0.1,,dp_avg_epsinf_K20,0.25,14.0,gpt2_small,inf,20.0
D,ag_news_gpt2_small,42,1.0,,dp_avg_eps0.5_K1,0.2768,14.2,gpt2_small,0.5,1.0
D,ag_news_gpt2_small,42,1.0,,dp_avg_eps0.5_K5,0.2778,13.9,gpt2_small,0.5,5.0
D,ag_news_gpt2_small,42,1.0,,dp_avg_eps0.5_K20,0.25,14.1,gpt2_small,0.5,20.0
D,ag_news_gpt2_small,42,1.0,,dp_avg_eps2.0_K1,0.25,14.9,gpt2_small,2.0,1.0
D,ag_news_gpt2_small,42,1.0,,dp_avg_eps2.0_K5,0.25,14.1,gpt2_small,2.0,5.0
D,ag_news_gpt2_small,42,1.0,,dp_avg_eps2.0_K20,0.3522,14.5,gpt2_small,2.0,20.0
D,ag_news_gpt2_small,42,1.0,,dp_avg_eps8.0_K1,0.2736,14.0,gpt2_small,8.0,1.0
D,ag_news_gpt2_small,42,1.0,,dp_avg_eps8.0_K5,0.25,14.5,gpt2_small,8.0,5.0
D,ag_news_gpt2_small,42,1.0,,dp_avg_eps8.0_K20,0.2817,14.3,gpt2_small,8.0,20.0
D,ag_news_gpt2_small,42,1.0,,dp_avg_eps32.0_K1,0.25,14.9,gpt2_small,32.0,1.0
D,ag_news_gpt2_small,42,1.0,,dp_avg_eps32.0_K5,0.25,14.7,gpt2_small,32.0,5.0
D,ag_news_gpt2_small,42,1.0,,dp_avg_eps32.0_K20,0.2626,14.1,gpt2_small,32.0,20.0
D,ag_news_gpt2_small,42,1.0,,dp_avg_epsinf_K1,0.25,14.0,gpt2_small,inf,1.0
D,ag_news_gpt2_small,42,1.0,,dp_avg_epsinf_K5,0.25,14.0,gpt2_small,inf,5.0
D,ag_news_gpt2_small,42,1.0,,dp_avg_epsinf_K20,0.3028,14.0,gpt2_small,inf,20.0
D,ag_news_gpt2_small,43,0.05,,dp_avg_eps0.5_K1,0.2704,14.4,gpt2_small,0.5,1.0
D,ag_news_gpt2_small,43,0.05,,dp_avg_eps0.5_K5,0.2433,14.0,gpt2_small,0.5,5.0
D,ag_news_gpt2_small,43,0.05,,dp_avg_eps0.5_K20,0.25,14.0,gpt2_small,0.5,20.0
D,ag_news_gpt2_small,43,0.05,,dp_avg_eps2.0_K1,0.258,14.0,gpt2_small,2.0,1.0
D,ag_news_gpt2_small,43,0.05,,dp_avg_eps2.0_K5,0.25,13.8,gpt2_small,2.0,5.0
D,ag_news_gpt2_small,43,0.05,,dp_avg_eps2.0_K20,0.25,13.9,gpt2_small,2.0,20.0
D,ag_news_gpt2_small,43,0.05,,dp_avg_eps8.0_K1,0.3204,14.1,gpt2_small,8.0,1.0
D,ag_news_gpt2_small,43,0.05,,dp_avg_eps8.0_K5,0.25,14.3,gpt2_small,8.0,5.0
D,ag_news_gpt2_small,43,0.05,,dp_avg_eps8.0_K20,0.25,14.6,gpt2_small,8.0,20.0
D,ag_news_gpt2_small,43,0.05,,dp_avg_eps32.0_K1,0.25,13.9,gpt2_small,32.0,1.0
D,ag_news_gpt2_small,43,0.05,,dp_avg_eps32.0_K5,0.25,13.8,gpt2_small,32.0,5.0
D,ag_news_gpt2_small,43,0.05,,dp_avg_eps32.0_K20,0.3425,13.8,gpt2_small,32.0,20.0
D,ag_news_gpt2_small,43,0.05,,dp_avg_epsinf_K1,0.25,14.0,gpt2_small,inf,1.0
D,ag_news_gpt2_small,43,0.05,,dp_avg_epsinf_K5,0.25,13.8,gpt2_small,inf,5.0
D,ag_news_gpt2_small,43,0.05,,dp_avg_epsinf_K20,0.4089,13.7,gpt2_small,inf,20.0
D,ag_news_gpt2_small,43,0.1,,dp_avg_eps0.5_K1,0.1739,14.6,gpt2_small,0.5,1.0
D,ag_news_gpt2_small,43,0.1,,dp_avg_eps0.5_K5,0.25,14.1,gpt2_small,0.5,5.0
D,ag_news_gpt2_small,43,0.1,,dp_avg_eps0.5_K20,0.25,14.9,gpt2_small,0.5,20.0
D,ag_news_gpt2_small,43,0.1,,dp_avg_eps2.0_K1,0.2483,14.3,gpt2_small,2.0,1.0
D,ag_news_gpt2_small,43,0.1,,dp_avg_eps2.0_K5,0.25,14.2,gpt2_small,2.0,5.0
D,ag_news_gpt2_small,43,0.1,,dp_avg_eps2.0_K20,0.2497,14.1,gpt2_small,2.0,20.0
D,ag_news_gpt2_small,43,0.1,,dp_avg_eps8.0_K1,0.25,14.7,gpt2_small,8.0,1.0
D,ag_news_gpt2_small,43,0.1,,dp_avg_eps8.0_K5,0.25,14.1,gpt2_small,8.0,5.0
D,ag_news_gpt2_small,43,0.1,,dp_avg_eps8.0_K20,0.25,14.2,gpt2_small,8.0,20.0
D,ag_news_gpt2_small,43,0.1,,dp_avg_eps32.0_K1,0.2667,14.5,gpt2_small,32.0,1.0
D,ag_news_gpt2_small,43,0.1,,dp_avg_eps32.0_K5,0.25,14.3,gpt2_small,32.0,5.0
D,ag_news_gpt2_small,43,0.1,,dp_avg_eps32.0_K20,0.2501,14.6,gpt2_small,32.0,20.0
D,ag_news_gpt2_small,43,0.1,,dp_avg_epsinf_K1,0.25,15.0,gpt2_small,inf,1.0
D,ag_news_gpt2_small,43,0.1,,dp_avg_epsinf_K5,0.25,14.4,gpt2_small,inf,5.0
D,ag_news_gpt2_small,43,0.1,,dp_avg_epsinf_K20,0.25,14.2,gpt2_small,inf,20.0
D,ag_news_gpt2_small,43,1.0,,dp_avg_eps0.5_K1,0.1972,14.0,gpt2_small,0.5,1.0
D,ag_news_gpt2_small,43,1.0,,dp_avg_eps0.5_K5,0.25,14.1,gpt2_small,0.5,5.0
D,ag_news_gpt2_small,43,1.0,,dp_avg_eps0.5_K20,0.25,14.0,gpt2_small,0.5,20.0
D,ag_news_gpt2_small,43,1.0,,dp_avg_eps2.0_K1,0.25,15.7,gpt2_small,2.0,1.0
D,ag_news_gpt2_small,43,1.0,,dp_avg_eps2.0_K5,0.25,14.6,gpt2_small,2.0,5.0
D,ag_news_gpt2_small,43,1.0,,dp_avg_eps2.0_K20,0.2522,14.4,gpt2_small,2.0,20.0
D,ag_news_gpt2_small,43,1.0,,dp_avg_eps8.0_K1,0.25,14.8,gpt2_small,8.0,1.0
D,ag_news_gpt2_small,43,1.0,,dp_avg_eps8.0_K5,0.25,14.0,gpt2_small,8.0,5.0
D,ag_news_gpt2_small,43,1.0,,dp_avg_eps8.0_K20,0.25,14.6,gpt2_small,8.0,20.0
D,ag_news_gpt2_small,43,1.0,,dp_avg_eps32.0_K1,0.25,15.1,gpt2_small,32.0,1.0
D,ag_news_gpt2_small,43,1.0,,dp_avg_eps32.0_K5,0.25,14.4,gpt2_small,32.0,5.0
D,ag_news_gpt2_small,43,1.0,,dp_avg_eps32.0_K20,0.25,14.2,gpt2_small,32.0,20.0
D,ag_news_gpt2_small,43,1.0,,dp_avg_epsinf_K1,0.25,14.4,gpt2_small,inf,1.0
D,ag_news_gpt2_small,43,1.0,,dp_avg_epsinf_K5,0.25,14.6,gpt2_small,inf,5.0
D,ag_news_gpt2_small,43,1.0,,dp_avg_epsinf_K20,0.25,15.1,gpt2_small,inf,20.0
D,ag_news_gpt2_small,44,0.05,,dp_avg_eps0.5_K1,0.2703,13.7,gpt2_small,0.5,1.0
D,ag_news_gpt2_small,44,0.05,,dp_avg_eps0.5_K5,0.2503,13.5,gpt2_small,0.5,5.0
D,ag_news_gpt2_small,44,0.05,,dp_avg_eps0.5_K20,0.25,13.3,gpt2_small,0.5,20.0
D,ag_news_gpt2_small,44,0.05,,dp_avg_eps2.0_K1,0.2513,13.4,gpt2_small,2.0,1.0
D,ag_news_gpt2_small,44,0.05,,dp_avg_eps2.0_K5,0.25,12.9,gpt2_small,2.0,5.0
D,ag_news_gpt2_small,44,0.05,,dp_avg_eps2.0_K20,0.253,13.4,gpt2_small,2.0,20.0
D,ag_news_gpt2_small,44,0.05,,dp_avg_eps8.0_K1,0.2512,13.6,gpt2_small,8.0,1.0
D,ag_news_gpt2_small,44,0.05,,dp_avg_eps8.0_K5,0.2546,13.2,gpt2_small,8.0,5.0
D,ag_news_gpt2_small,44,0.05,,dp_avg_eps8.0_K20,0.25,13.5,gpt2_small,8.0,20.0
D,ag_news_gpt2_small,44,0.05,,dp_avg_eps32.0_K1,0.25,13.4,gpt2_small,32.0,1.0
D,ag_news_gpt2_small,44,0.05,,dp_avg_eps32.0_K5,0.25,14.0,gpt2_small,32.0,5.0
D,ag_news_gpt2_small,44,0.05,,dp_avg_eps32.0_K20,0.2503,13.3,gpt2_small,32.0,20.0
D,ag_news_gpt2_small,44,0.05,,dp_avg_epsinf_K1,0.25,14.0,gpt2_small,inf,1.0
D,ag_news_gpt2_small,44,0.05,,dp_avg_epsinf_K5,0.25,13.6,gpt2_small,inf,5.0
D,ag_news_gpt2_small,44,0.05,,dp_avg_epsinf_K20,0.25,13.5,gpt2_small,inf,20.0
D,ag_news_gpt2_small,44,0.1,,dp_avg_eps0.5_K1,0.2471,14.5,gpt2_small,0.5,1.0
D,ag_news_gpt2_small,44,0.1,,dp_avg_eps0.5_K5,0.25,14.8,gpt2_small,0.5,5.0
D,ag_news_gpt2_small,44,0.1,,dp_avg_eps0.5_K20,0.25,14.3,gpt2_small,0.5,20.0
D,ag_news_gpt2_small,44,0.1,,dp_avg_eps2.0_K1,0.2584,15.2,gpt2_small,2.0,1.0
D,ag_news_gpt2_small,44,0.1,,dp_avg_eps2.0_K5,0.25,14.7,gpt2_small,2.0,5.0
D,ag_news_gpt2_small,44,0.1,,dp_avg_eps2.0_K20,0.4897,14.9,gpt2_small,2.0,20.0
D,ag_news_gpt2_small,44,0.1,,dp_avg_eps8.0_K1,0.2501,15.1,gpt2_small,8.0,1.0
D,ag_news_gpt2_small,44,0.1,,dp_avg_eps8.0_K5,0.25,14.6,gpt2_small,8.0,5.0
D,ag_news_gpt2_small,44,0.1,,dp_avg_eps8.0_K20,0.25,14.8,gpt2_small,8.0,20.0
D,ag_news_gpt2_small,44,0.1,,dp_avg_eps32.0_K1,0.3538,14.6,gpt2_small,32.0,1.0
D,ag_news_gpt2_small,44,0.1,,dp_avg_eps32.0_K5,0.25,14.5,gpt2_small,32.0,5.0
D,ag_news_gpt2_small,44,0.1,,dp_avg_eps32.0_K20,0.25,14.9,gpt2_small,32.0,20.0
D,ag_news_gpt2_small,44,0.1,,dp_avg_epsinf_K1,0.25,14.4,gpt2_small,inf,1.0
D,ag_news_gpt2_small,44,0.1,,dp_avg_epsinf_K5,0.25,14.5,gpt2_small,inf,5.0
D,ag_news_gpt2_small,44,0.1,,dp_avg_epsinf_K20,0.2508,14.2,gpt2_small,inf,20.0
D,ag_news_gpt2_small,44,1.0,,dp_avg_eps0.5_K1,0.25,14.1,gpt2_small,0.5,1.0
D,ag_news_gpt2_small,44,1.0,,dp_avg_eps0.5_K5,0.2501,14.9,gpt2_small,0.5,5.0
D,ag_news_gpt2_small,44,1.0,,dp_avg_eps0.5_K20,0.25,14.6,gpt2_small,0.5,20.0
D,ag_news_gpt2_small,44,1.0,,dp_avg_eps2.0_K1,0.25,14.8,gpt2_small,2.0,1.0
D,ag_news_gpt2_small,44,1.0,,dp_avg_eps2.0_K5,0.25,14.8,gpt2_small,2.0,5.0
D,ag_news_gpt2_small,44,1.0,,dp_avg_eps2.0_K20,0.2507,14.1,gpt2_small,2.0,20.0
D,ag_news_gpt2_small,44,1.0,,dp_avg_eps8.0_K1,0.2528,14.6,gpt2_small,8.0,1.0
D,ag_news_gpt2_small,44,1.0,,dp_avg_eps8.0_K5,0.25,14.5,gpt2_small,8.0,5.0
D,ag_news_gpt2_small,44,1.0,,dp_avg_eps8.0_K20,0.3586,14.1,gpt2_small,8.0,20.0
D,ag_news_gpt2_small,44,1.0,,dp_avg_eps32.0_K1,0.25,14.3,gpt2_small,32.0,1.0
D,ag_news_gpt2_small,44,1.0,,dp_avg_eps32.0_K5,0.25,14.9,gpt2_small,32.0,5.0
D,ag_news_gpt2_small,44,1.0,,dp_avg_eps32.0_K20,0.25,13.8,gpt2_small,32.0,20.0
D,ag_news_gpt2_small,44,1.0,,dp_avg_epsinf_K1,0.25,14.0,gpt2_small,inf,1.0
D,ag_news_gpt2_small,44,1.0,,dp_avg_epsinf_K5,0.2501,14.2,gpt2_small,inf,5.0
D,ag_news_gpt2_small,44,1.0,,dp_avg_epsinf_K20,0.25,14.0,gpt2_small,inf,20.0
