setup,alpha,eps,K_per_class,mean,std,count
ag_news_distilbert,0.05,0.5,1.0,0.37220000000000003,0.06436590712481259,3
ag_news_distilbert,0.05,0.5,5.0,0.4129666666666667,0.12639384214958155,3
ag_news_distilbert,0.05,0.5,20.0,0.3612,0.10334268237277373,3
ag_news_distilbert,0.05,2.0,1.0,0.3822666666666667,0.11392200548328375,3
ag_news_distilbert,0.05,2.0,5.0,0.3786666666666667,0.10330858305742717,3
ag_news_distilbert,0.05,2.0,20.0,0.37876666666666664,0.10036993241670203,3
ag_news_distilbert,0.05,8.0,1.0,0.37316666666666665,0.10671857070507144,3
ag_news_distilbert,0.05,8.0,5.0,0.38903333333333334,0.10298904472483147,3
ag_news_distilbert,0.05,8.0,20.0,0.3857,0.10119402156254094,3
ag_news_distilbert,0.05,32.0,1.0,0.3768,0.10243983600143058,3
ag_news_distilbert,0.05,32.0,5.0,0.38866666666666666,0.1023999186197593,3
ag_news_distilbert,0.05,32.0,20.0,0.3866,0.1014603863584207,3
ag_news_distilbert,0.05,inf,1.0,0.37976666666666664,0.0998703325984916,3
ag_news_distilbert,0.05,inf,5.0,0.3860333333333334,0.10192273217164724,3
ag_news_distilbert,0.05,inf,20.0,0.3877333333333333,0.10146942068097824,3
ag_news_distilbert,0.1,0.5,1.0,0.38726666666666665,0.09322061646080941,3
ag_news_distilbert,0.1,0.5,5.0,0.5144666666666667,0.14564286228076317,3
ag_news_distilbert,0.1,0.5,20.0,0.5095666666666667,0.15926155635724945,3
ag_news_distilbert,0.1,2.0,1.0,0.4889333333333334,0.16492441703196448,3
ag_news_distilbert,0.1,2.0,5.0,0.5083000000000001,0.15441661180067381,3
ag_news_distilbert,0.1,2.0,20.0,0.5184666666666666,0.1606213663661635,3
ag_news_distilbert,0.1,8.0,1.0,0.5076,0.162554267861536,3
ag_news_distilbert,0.1,8.0,5.0,0.5177666666666667,0.16003456918220307,3
ag_news_distilbert,0.1,8.0,20.0,0.5207,0.16152940908701427,3
ag_news_distilbert,0.1,32.0,1.0,0.5157666666666666,0.16283182530860893,3
ag_news_distilbert,0.1,32.0,5.0,0.5209666666666667,0.1626412104398308,3
ag_news_distilbert,0.1,32.0,20.0,0.521,0.16224114767838643,3
ag_news_distilbert,0.1,inf,1.0,0.5202666666666667,0.16256851888767804,3
ag_news_distilbert,0.1,inf,5.0,0.5210666666666667,0.16265627357508636,3
ag_news_distilbert,0.1,inf,20.0,0.5208333333333334,0.1627139924325297,3
ag_news_distilbert,1.0,0.5,1.0,0.6183666666666666,0.06376278956674751,3
ag_news_distilbert,1.0,0.5,5.0,0.8449333333333334,0.005614564393907462,3
ag_news_distilbert,1.0,0.5,20.0,0.858,0.0012165525060596467,3
ag_news_distilbert,1.0,2.0,1.0,0.8342999999999999,0.015306207890918012,3
ag_news_distilbert,1.0,2.0,5.0,0.8565333333333333,0.001305118130030176,3
ag_news_distilbert,1.0,2.0,20.0,0.8588333333333334,0.001877054430040157,3
ag_news_distilbert,1.0,8.0,1.0,0.8568666666666666,0.0033501243758006114,3
ag_news_distilbert,1.0,8.0,5.0,0.8582000000000001,0.0018734993995195488,3
ag_news_distilbert,1.0,8.0,20.0,0.8587333333333333,0.0013012814197295099,3
ag_news_distilbert,1.0,32.0,1.0,0.8584333333333333,0.0027428695436228097,3
ag_news_distilbert,1.0,32.0,5.0,0.8586666666666667,0.0014047538337137373,3
ag_news_distilbert,1.0,32.0,20.0,0.8583333333333334,0.0021361959960016163,3
ag_news_distilbert,1.0,inf,1.0,0.8584,0.00250000000000003,3
ag_news_distilbert,1.0,inf,5.0,0.8585333333333333,0.0019857828011475478,3
ag_news_distilbert,1.0,inf,20.0,0.8584333333333333,0.0018502252115169893,3
ag_news_gpt2_small,0.05,0.5,1.0,0.26853333333333335,0.003146956201368736,3
ag_news_gpt2_small,0.05,0.5,5.0,0.24786666666666668,0.003957692930652079,3
ag_news_gpt2_small,0.05,0.5,20.0,0.2536,0.006235382907247928,3
ag_news_gpt2_small,0.05,2.0,1.0,0.2573666666666667,0.005776100183803321,3
ag_news_gpt2_small,0.05,2.0,5.0,0.25,0.0,3
ag_news_gpt2_small,0.05,2.0,20.0,0.251,0.0017320508075688787,3
ag_news_gpt2_small,0.05,8.0,1.0,0.27386666666666665,0.04030351514859882,3
ag_news_gpt2_small,0.05,8.0,5.0,0.25153333333333333,0.0026558112382722744,3
ag_news_gpt2_small,0.05,8.0,20.0,0.25,0.0,3
ag_news_gpt2_small,0.05,32.0,1.0,0.25,0.0,3
ag_news_gpt2_small,0.05,32.0,5.0,0.25,0.0,3
ag_news_gpt2_small,0.05,32.0,20.0,0.2809333333333333,0.053318508356229685,3
ag_news_gpt2_small,0.05,inf,1.0,0.25,0.0,3
ag_news_gpt2_small,0.05,inf,5.0,0.25,0.0,3
ag_news_gpt2_small,0.05,inf,20.0,0.30296666666666666,0.09174095777423152,3
ag_news_gpt2_small,0.1,0.5,1.0,0.22366666666666668,0.043123582102294486,3
ag_news_gpt2_small,0.1,0.5,5.0,0.25,0.0,3
ag_news_gpt2_small,0.1,0.5,20.0,0.25,0.0,3
ag_news_gpt2_small,0.1,2.0,1.0,0.2535,0.0050566787519082295,3
ag_news_gpt2_small,0.1,2.0,5.0,0.25,0.0,3
ag_news_gpt2_small,0.1,2.0,20.0,0.32980000000000004,0.13847754330576492,3
ag_news_gpt2_small,0.1,8.0,1.0,0.25003333333333333,5.773502691895622e-05,3
ag_news_gpt2_small,0.1,8.0,5.0,0.2870333333333333,0.0641436149069674,3
ag_news_gpt2_small,0.1,8.0,20.0,0.25,0.0,3
ag_news_gpt2_small,0.1,32.0,1.0,0.2901666666666667,0.055737091181127636,3
ag_news_gpt2_small,0.1,32.0,5.0,0.2501333333333333,0.0002309401076758369,3
ag_news_gpt2_small,0.1,32.0,20.0,0.25003333333333333,5.7735026918956215e-05,3
ag_news_gpt2_small,0.1,inf,1.0,0.25003333333333333,5.7735026918956215e-05,3
ag_news_gpt2_small,0.1,inf,5.0,0.25,0.0,3
ag_news_gpt2_small,0.1,inf,20.0,0.2502666666666667,0.00046188021535170583,3
ag_news_gpt2_small,1.0,0.5,1.0,0.24133333333333332,0.04050152260512355,3
ag_news_gpt2_small,1.0,0.5,5.0,0.25930000000000003,0.016021547990128816,3
ag_news_gpt2_small,1.0,0.5,20.0,0.25,0.0,3
ag_news_gpt2_small,1.0,2.0,1.0,0.25,0.0,3
ag_news_gpt2_small,1.0,2.0,5.0,0.25,0.0,3
ag_news_gpt2_small,1.0,2.0,20.0,0.2850333333333333,0.05817287454934077,3
ag_news_gpt2_small,1.0,8.0,1.0,0.2588,0.012893409169028976,3
ag_news_gpt2_small,1.0,8.0,5.0,0.25,0.0,3
ag_news_gpt2_small,1.0,8.0,20.0,0.2967666666666667,0.0558457100709923,3
ag_news_gpt2_small,1.0,32.0,1.0,0.25,0.0,3
ag_news_gpt2_small,1.0,32.0,5.0,0.25,0.0,3
ag_news_gpt2_small,1.0,32.0,20.0,0.2542,0.007274613391789264,3
ag_news_gpt2_small,1.0,inf,1.0,0.25,0.0,3
ag_news_gpt2_small,1.0,inf,5.0,0.25003333333333333,5.773502691895622e-05,3
ag_news_gpt2_small,1.0,inf,20.0,0.2676,0.030484094213212232,3
cifar10_vit_b32,0.05,0.5,1.0,0.2676,0.079723835833457,3
cifar10_vit_b32,0.05,0.5,5.0,0.3716333333333333,0.0784965179694828,3
cifar10_vit_b32,0.05,0.5,20.0,0.6136,0.06544868218688593,3
cifar10_vit_b32,0.05,2.0,1.0,0.35833333333333334,0.08549270924080796,3
cifar10_vit_b32,0.05,2.0,5.0,0.5981333333333333,0.07582904017151568,3
cifar10_vit_b32,0.05,2.0,20.0,0.6944333333333333,0.0380243781452548,3
cifar10_vit_b32,0.05,8.0,1.0,0.5776666666666667,0.11400404963567452,3
cifar10_vit_b32,0.05,8.0,5.0,0.6859666666666667,0.06447645565113932,3
cifar10_vit_b32,0.05,8.0,20.0,0.7868333333333334,0.0395708647028762,3
cifar10_vit_b32,0.05,32.0,1.0,0.6469666666666667,0.06995894033883973,3
cifar10_vit_b32,0.05,32.0,5.0,0.7852333333333333,0.0503064939479321,3
cifar10_vit_b32,0.05,32.0,20.0,0.8069666666666667,0.03826974435939354,3
cifar10_vit_b32,0.05,inf,1.0,0.7935333333333334,0.03684634762542055,3
cifar10_vit_b32,0.05,inf,5.0,0.8089333333333334,0.03499176093501633,3
cifar10_vit_b32,0.05,inf,20.0,0.8070666666666666,0.03660072859019799,3
cifar10_vit_b32,0.1,0.5,1.0,0.3487,0.017548789132017056,3
cifar10_vit_b32,0.1,0.5,5.0,0.5289666666666667,0.061675386770845095,3
cifar10_vit_b32,0.1,0.5,20.0,0.7775666666666666,0.05160952754417864,3
cifar10_vit_b32,0.1,2.0,1.0,0.5022333333333334,0.02220480428495904,3
cifar10_vit_b32,0.1,2.0,5.0,0.7937333333333333,0.044989035701305385,3
cifar10_vit_b32,0.1,2.0,20.0,0.8362666666666666,0.05513114667167132,3
cifar10_vit_b32,0.1,8.0,1.0,0.7609333333333334,0.07687134273143231,3
cifar10_vit_b32,0.1,8.0,5.0,0.8364666666666666,0.05258681710593766,3
cifar10_vit_b32,0.1,8.0,20.0,0.8765000000000001,0.02353125581009232,3
cifar10_vit_b32,0.1,32.0,1.0,0.8220999999999999,0.060850554640035866,3
cifar10_vit_b32,0.1,32.0,5.0,0.8760333333333333,0.024742136798048237,3
cifar10_vit_b32,0.1,32.0,20.0,0.8837999999999999,0.019511022525741717,3
cifar10_vit_b32,0.1,inf,1.0,0.8775333333333334,0.020452465214084458,3
cifar10_vit_b32,0.1,inf,5.0,0.8835000000000001,0.019451478092936774,3
cifar10_vit_b32,0.1,inf,20.0,0.8841333333333333,0.018305554712527334,3
cifar10_vit_b32,1.0,0.5,1.0,0.6971666666666666,0.006375996654118728,3
cifar10_vit_b32,1.0,0.5,5.0,0.9091999999999999,0.0039000000000000146,3
cifar10_vit_b32,1.0,0.5,20.0,0.9595666666666668,0.0014153915830374805,3
cifar10_vit_b32,1.0,2.0,1.0,0.8742666666666666,0.0028183919765237347,3
cifar10_vit_b32,1.0,2.0,5.0,0.9600333333333334,0.0011590225767142315,3
cifar10_vit_b32,1.0,2.0,20.0,0.9620666666666667,0.0012013880860626954,3
cifar10_vit_b32,1.0,8.0,1.0,0.9578333333333333,0.0018556220879622544,3
cifar10_vit_b32,1.0,8.0,5.0,0.9620333333333333,0.000642910050732872,3
cifar10_vit_b32,1.0,8.0,20.0,0.9627333333333334,0.0005773502691896744,3
cifar10_vit_b32,1.0,32.0,1.0,0.9622999999999999,0.0006999999999999507,3
cifar10_vit_b32,1.0,32.0,5.0,0.9625333333333334,0.0004509249752823064,3
cifar10_vit_b32,1.0,32.0,20.0,0.9627,0.0003605551275463592,3
cifar10_vit_b32,1.0,inf,1.0,0.9627,0.0002645751311064299,3
cifar10_vit_b32,1.0,inf,5.0,0.9625666666666666,0.0004163331998932584,3
cifar10_vit_b32,1.0,inf,20.0,0.9628666666666666,0.00032145502536639643,3
